render_hz,render_frame,simulation_tick,simulation_time_s,cloud_time_s,kind,candidate_index,hit,x_wu,y_wu,z_wu,ray_length_wu,radius_wu,nominal_circle_footprint_wu2,claimed_area_wu2,cpu_turf_cells_delta,cosmetic_particles,paint_flagged_particles,cpu_radial_start_wu,cpu_radial_end_wu,cpu_angle_start_deg,cpu_angle_end_deg,cpu_turf_cells,cpu_turf_area_wu2,metric_name,metric_value
30,1,1,0.016666667,0.016666667,cosmetic_fx_rain_batch,,,0,5,0,,3.676925926,,,,2,0,,,,,,,,
30,1,1,0.016666667,0.016666667,candidate_ray_emission,0,true,0.196859085,4.2,0.468555467,12,,,,,,,,,,,,,,
30,1,1,0.016666667,0.016666667,ray_ground_hit,0,,0.196859085,0,0.468555467,,,,,,,,,,,,,,,
30,1,1,0.016666667,0.016666667,paint_splat_write,0,,0.196859085,0.1,0.468555467,,0.52763879,0.874627856,0.875,14,,,,,,,,,,
30,1,2,0.033333333,0.033333333,cosmetic_fx_rain_batch,,,0,5,0,,4.308740741,,,,3,0,,,,,,,,
30,2,3,0.05,0.05,cosmetic_fx_rain_batch,,,0,5,0,,4.897,,,,3,0,,,,,,,,
30,2,3,0.05,0.05,candidate_ray_emission,1,true,2.399743553,4.2,-0.4423603,12,,,,,,,,,,,,,,
30,2,3,0.05,0.05,ray_ground_hit,1,,2.399743553,0,-0.4423603,,,,,,,,,,,,,,,
30,2,3,0.05,0.05,paint_splat_write,1,,2.399743553,0.1,-0.4423603,,0.51453686,0.831730939,0.6875,11,,,,,,,,,,
30,2,4,0.066666667,0.066666667,cosmetic_fx_rain_batch,,,0,5,0,,5.443259259,,,,4,0,,,,,,,,
30,3,5,0.083333333,0.083333333,cosmetic_fx_rain_batch,,,0,5,0,,5.949074074,,,,5,0,,,,,,,,
30,3,6,0.1,0.1,cosmetic_fx_rain_batch,,,0,5,0,,6.416,,,,6,0,,,,,,,,
30,3,6,0.1,0.1,candidate_ray_emission,2,true,1.933938933,4.2,4.288816776,12,,,,,,,,,,,,,,
30,3,6,0.1,0.1,ray_ground_hit,2,,1.933938933,0,4.288816776,,,,,,,,,,,,,,,
30,3,6,0.1,0.1,paint_splat_write,2,,1.933938933,0.1,4.288816776,,0.747809104,1.756836593,1.875,30,,,,,,,,,,
30,4,7,0.116666667,0.116666667,cosmetic_fx_rain_batch,,,0,5,0,,6.845592593,,,,6,0,,,,,,,,
30,4,8,0.133333333,0.133333333,cosmetic_fx_rain_batch,,,0,5,0,,7.239407407,,,,8,0,,,,,,,,
30,5,9,0.15,0.15,cosmetic_fx_rain_batch,,,0,5,0,,7.599,,,,8,0,,,,,,,,
30,5,9,0.15,0.15,candidate_ray_emission,3,true,-1.708082484,4.2,5.523819803,12,,,,,,,,,,,,,,
30,5,9,0.15,0.15,ray_ground_hit,3,,-1.708082484,0,5.523819803,,,,,,,,,,,,,,,
30,5,9,0.15,0.15,paint_splat_write,3,,-1.708082484,0.1,5.523819803,,0.477351998,0.715858791,0.875,14,,,,,,,,,,
30,5,10,0.166666667,0.166666667,cosmetic_fx_rain_batch,,,0,5,0,,7.925925926,,,,9,0,,,,,,,,
30,6,11,0.183333333,0.183333333,cosmetic_fx_rain_batch,,,0,5,0,,8.221740741,,,,10,0,,,,,,,,
30,6,11,0.183333333,0.183333333,candidate_ray_emission,4,true,0.933568203,4.2,-6.099013304,12,,,,,,,,,,,,,,
30,6,11,0.183333333,0.183333333,ray_ground_hit,4,,0.933568203,0,-6.099013304,,,,,,,,,,,,,,,
30,6,11,0.183333333,0.183333333,paint_splat_write,4,,0.933568203,0.1,-6.099013304,,0.660423642,1.370235124,1.3125,21,,,,,,,,,,
30,6,12,0.2,0.2,cosmetic_fx_rain_batch,,,0,5,0,,8.488,,,,10,0,,,,,,,,
30,7,13,0.216666667,0.216666667,cosmetic_fx_rain_batch,,,0,5,0,,8.726259259,,,,11,0,,,,,,,,
30,7,14,0.233333333,0.233333333,cosmetic_fx_rain_batch,,,0,5,0,,8.938074074,,,,11,0,,,,,,,,
30,7,14,0.233333333,0.233333333,candidate_ray_emission,5,true,4.329120916,4.2,-0.44575322,12,,,,,,,,,,,,,,
30,7,14,0.233333333,0.233333333,ray_ground_hit,5,,4.329120916,0,-0.44575322,,,,,,,,,,,,,,,
30,7,14,0.233333333,0.233333333,paint_splat_write,5,,4.329120916,0.1,-0.44575322,,0.566341446,1.007642701,1.0625,17,,,,,,,,,,
30,8,15,0.25,0.25,cosmetic_fx_rain_batch,,,0,5,0,,9.125,,,,12,0,,,,,,,,
30,8,16,0.266666667,0.266666667,cosmetic_fx_rain_batch,,,0,5,0,,9.288592593,,,,12,0,,,,,,,,
30,9,17,0.283333333,0.283333333,cosmetic_fx_rain_batch,,,0,5,0,,9.430407407,,,,12,0,,,,,,,,
30,9,17,0.283333333,0.283333333,candidate_ray_emission,6,true,-4.606300515,4.2,-5.557816832,12,,,,,,,,,,,,,,
30,9,17,0.283333333,0.283333333,ray_ground_hit,6,,-4.606300515,0,-5.557816832,,,,,,,,,,,,,,,
30,9,17,0.283333333,0.283333333,paint_splat_write,6,,-4.606300515,0.1,-5.557816832,,0.629093964,1.243314243,1.25,20,,,,,,,,,,
30,9,18,0.3,0.3,cosmetic_fx_rain_batch,,,0,5,0,,9.552,,,,13,0,,,,,,,,
30,10,19,0.316666667,0.316666667,cosmetic_fx_rain_batch,,,0,5,0,,9.654925926,,,,13,0,,,,,,,,
30,10,19,0.316666667,0.316666667,candidate_ray_emission,7,true,1.435365035,4.2,-3.158291658,12,,,,,,,,,,,,,,
30,10,19,0.316666667,0.316666667,ray_ground_hit,7,,1.435365035,0,-3.158291658,,,,,,,,,,,,,,,
30,10,19,0.316666667,0.316666667,paint_splat_write,7,,1.435365035,0.1,-3.158291658,,0.791667594,1.968954174,1.8125,29,,,,,,,,,,
30,10,20,0.333333333,0.333333333,cosmetic_fx_rain_batch,,,0,5,0,,9.740740741,,,,14,0,,,,,,,,
30,11,21,0.35,0.35,cosmetic_fx_rain_batch,,,0,5,0,,9.811,,,,13,0,,,,,,,,
30,11,22,0.366666667,0.366666667,cosmetic_fx_rain_batch,,,0,5,0,,9.867259259,,,,13,0,,,,,,,,
30,11,22,0.366666667,0.366666667,candidate_ray_emission,8,true,5.447445022,4.2,-3.660181721,12,,,,,,,,,,,,,,
30,11,22,0.366666667,0.366666667,ray_ground_hit,8,,5.447445022,0,-3.660181721,,,,,,,,,,,,,,,
30,11,22,0.366666667,0.366666667,paint_splat_write,8,,5.447445022,0.1,-3.660181721,,0.567874698,1.013106053,1.0625,17,,,,,,,,,,
30,12,23,0.383333333,0.383333333,cosmetic_fx_rain_batch,,,0,5,0,,9.911074074,,,,14,0,,,,,,,,
30,12,24,0.4,0.4,cosmetic_fx_rain_batch,,,0,5,0,,9.944,,,,14,0,,,,,,,,
30,13,25,0.416666667,0.416666667,cosmetic_fx_rain_batch,,,0,5,0,,9.967592593,,,,14,0,,,,,,,,
30,13,25,0.416666667,0.416666667,candidate_ray_emission,9,true,-2.969909519,4.2,-0.664211261,12,,,,,,,,,,,,,,
30,13,25,0.416666667,0.416666667,ray_ground_hit,9,,-2.969909519,0,-0.664211261,,,,,,,,,,,,,,,
30,13,25,0.416666667,0.416666667,paint_splat_write,9,,-2.969909519,0.1,-0.664211261,,0.735115619,1.69770088,1.5625,25,,,,,,,,,,
30,13,26,0.433333333,0.433333333,cosmetic_fx_rain_batch,,,0,5,0,,9.983407407,,,,15,0,,,,,,,,
30,14,27,0.45,0.45,cosmetic_fx_rain_batch,,,0,5,0,,9.993,,,,14,0,,,,,,,,
30,14,27,0.45,0.45,candidate_ray_emission,10,true,-6.39704425,4.2,-3.824069661,12,,,,,,,,,,,,,,
30,14,27,0.45,0.45,ray_ground_hit,10,,-6.39704425,0,-3.824069661,,,,,,,,,,,,,,,
30,14,27,0.45,0.45,paint_splat_write,10,,-6.39704425,0.1,-3.824069661,,0.641460821,1.292677366,1.1875,19,,,,,,,,,,
30,14,28,0.466666667,0.466666667,cosmetic_fx_rain_batch,,,0,5,0,,9.997925926,,,,14,0,,,,,,,,
30,15,29,0.483333333,0.483333333,cosmetic_fx_rain_batch,,,0,5,0,,9.999740741,,,,14,0,,,,,,,,
30,15,30,0.5,0.5,cosmetic_fx_rain_batch,,,0,5,0,,10,,,,15,0,,,,,,,,
30,15,30,0.5,0.5,candidate_ray_emission,11,true,-5.54183311,4.2,4.103392302,12,,,,,,,,,,,,,,
30,15,30,0.5,0.5,ray_ground_hit,11,,-5.54183311,0,4.103392302,,,,,,,,,,,,,,,
30,15,30,0.5,0.5,paint_splat_write,11,,-5.54183311,0.1,4.103392302,,0.488826273,0.750687099,0.625,10,,,,,,,,,,
30,16,31,0.516666667,0.516666667,cosmetic_fx_rain_batch,,,0,5,0,,10,,,,14,0,,,,,,,,
30,16,32,0.533333333,0.533333333,cosmetic_fx_rain_batch,,,0,5,0,,10,,,,14,0,,,,,,,,
30,17,33,0.55,0.55,cosmetic_fx_rain_batch,,,0,5,0,,10,,,,14,0,,,,,,,,
30,17,33,0.55,0.55,candidate_ray_emission,12,true,3.023477544,4.2,-6.808849255,12,,,,,,,,,,,,,,
30,17,33,0.55,0.55,ray_ground_hit,12,,3.023477544,0,-6.808849255,,,,,,,,,,,,,,,
30,17,33,0.55,0.55,paint_splat_write,12,,3.023477544,0.1,-6.808849255,,0.580995252,1.060461824,1,16,,,,,,,,,,
30,17,34,0.566666667,0.566666667,cosmetic_fx_rain_batch,,,0,5,0,,10,,,,14,0,,,,,,,,
30,18,35,0.583333333,0.583333333,cosmetic_fx_rain_batch,,,0,5,0,,10,,,,14,0,,,,,,,,
30,18,36,0.6,0.6,cosmetic_fx_rain_batch,,,0,5,0,,10,,,,14,0,,,,,,,,
30,18,36,0.6,0.6,candidate_ray_emission,13,true,8.653366153,4.2,2.253592179,12,,,,,,,,,,,,,,
30,18,36,0.6,0.6,ray_ground_hit,13,,8.653366153,0,2.253592179,,,,,,,,,,,,,,,
30,18,36,0.6,0.6,paint_splat_write,13,,8.653366153,0.1,2.253592179,,0.518051305,0.843131697,0.8125,13,,,,,,,,,,
30,19,37,0.616666667,0.616666667,cosmetic_fx_rain_batch,,,0,5,0,,10,,,,14,0,,,,,,,,
30,19,38,0.633333333,0.633333333,cosmetic_fx_rain_batch,,,0,5,0,,10,,,,14,0,,,,,,,,
30,19,38,0.633333333,0.633333333,candidate_ray_emission,14,true,-7.350102827,4.2,2.727954271,12,,,,,,,,,,,,,,
30,19,38,0.633333333,0.633333333,ray_ground_hit,14,,-7.350102827,0,2.727954271,,,,,,,,,,,,,,,
30,19,38,0.633333333,0.633333333,paint_splat_write,14,,-7.350102827,0.1,2.727954271,,0.607396466,1.159029245,1.125,18,,,,,,,,,,
30,20,39,0.65,0.65,cosmetic_fx_rain_batch,,,0,5,0,,10,,,,14,0,,,,,,,,
30,20,40,0.666666667,0.666666667,cosmetic_fx_rain_batch,,,0,5,0,,10,,,,14,0,,,,,,,,
30,21,41,0.683333333,0.683333333,cosmetic_fx_rain_batch,,,0,5,0,,10,,,,14,0,,,,,,,,
30,21,41,0.683333333,0.683333333,candidate_ray_emission,15,true,3.723665087,4.2,7.418525628,12,,,,,,,,,,,,,,
30,21,41,0.683333333,0.683333333,ray_ground_hit,15,,3.723665087,0,7.418525628,,,,,,,,,,,,,,,
30,21,41,0.683333333,0.683333333,paint_splat_write,15,,3.723665087,0.1,7.418525628,,0.746695489,1.751608033,1.625,26,,,,,,,,,,
30,21,42,0.7,0.7,cosmetic_fx_rain_batch,,,0,5,0,,10,,,,14,0,,,,,,,,
30,22,43,0.716666667,0.716666667,cosmetic_fx_rain_batch,,,0,5,0,,10,,,,14,0,,,,,,,,
30,22,44,0.733333333,0.733333333,cosmetic_fx_rain_batch,,,0,5,0,,10,,,,14,0,,,,,,,,
30,22,44,0.733333333,0.733333333,candidate_ray_emission,16,true,-2.39190079,4.2,-3.781634357,12,,,,,,,,,,,,,,
30,22,44,0.733333333,0.733333333,ray_ground_hit,16,,-2.39190079,0,-3.781634357,,,,,,,,,,,,,,,
30,22,44,0.733333333,0.733333333,paint_splat_write,16,,-2.39190079,0.1,-3.781634357,,0.751374509,1.773629022,1.75,28,,,,,,,,,,
30,23,45,0.75,0.75,cosmetic_fx_rain_batch,,,0,5,0,,10,,,,14,0,,,,,,,,
30,23,46,0.766666667,0.766666667,cosmetic_fx_rain_batch,,,0,5,0,,10,,,,15,0,,,,,,,,
30,23,46,0.766666667,0.766666667,candidate_ray_emission,17,true,7.703741191,4.2,-2.071856961,12,,,,,,,,,,,,,,
30,23,46,0.766666667,0.766666667,ray_ground_hit,17,,7.703741191,0,-2.071856961,,,,,,,,,,,,,,,
30,23,46,0.766666667,0.766666667,paint_splat_write,17,,7.703741191,0.1,-2.071856961,,0.631838084,1.254184621,1.1875,19,,,,,,,,,,
30,24,47,0.783333333,0.783333333,cosmetic_fx_rain_batch,,,0,5,0,,10,,,,14,0,,,,,,,,
30,24,48,0.8,0.8,cosmetic_fx_rain_batch,,,0,5,0,,10,,,,14,0,,,,,,,,
30,25,49,0.816666667,0.816666667,cosmetic_fx_rain_batch,,,0,5,0,,10,,,,14,0,,,,,,,,
30,25,49,0.816666667,0.816666667,candidate_ray_emission,18,true,-6.573177007,4.2,-0.718120706,12,,,,,,,,,,,,,,
30,25,49,0.816666667,0.816666667,ray_ground_hit,18,,-6.573177007,0,-0.718120706,,,,,,,,,,,,,,,
30,25,49,0.816666667,0.816666667,paint_splat_write,18,,-6.573177007,0.1,-0.718120706,,0.697665718,1.529130809,1.5625,25,,,,,,,,,,
30,25,50,0.833333333,0.833333333,cosmetic_fx_rain_batch,,,0,5,0,,10,,,,14,0,,,,,,,,
30,26,51,0.85,0.85,cosmetic_fx_rain_batch,,,0,5,0,,10,,,,14,0,,,,,,,,
30,26,52,0.866666667,0.866666667,cosmetic_fx_rain_batch,,,0,5,0,,10,,,,14,0,,,,,,,,
30,26,52,0.866666667,0.866666667,candidate_ray_emission,19,true,-6.076961072,4.2,5.152142653,12,,,,,,,,,,,,,,
30,26,52,0.866666667,0.866666667,ray_ground_hit,19,,-6.076961072,0,5.152142653,,,,,,,,,,,,,,,
30,26,52,0.866666667,0.866666667,paint_splat_write,19,,-6.076961072,0.1,5.152142653,,0.513563496,0.828587097,0.8125,13,,,,,,,,,,
30,27,53,0.883333333,0.883333333,cosmetic_fx_rain_batch,,,0,5,0,,10,,,,14,0,,,,,,,,
30,27,54,0.9,0.9,cosmetic_fx_rain_batch,,,0,5,0,,10,,,,14,0,,,,,,,,
30,27,54,0.9,0.9,candidate_ray_emission,20,true,-0.434881083,4.2,6.298040723,12,,,,,,,,,,,,,,
30,27,54,0.9,0.9,ray_ground_hit,20,,-0.434881083,0,6.298040723,,,,,,,,,,,,,,,
30,27,54,0.9,0.9,paint_splat_write,20,,-0.434881083,0.1,6.298040723,,0.713227105,1.598105886,1.5,24,,,,,,,,,,
30,28,55,0.916666667,0.916666667,cosmetic_fx_rain_batch,,,0,5,0,,10,,,,14,0,,,,,,,,
30,28,56,0.933333333,0.933333333,cosmetic_fx_rain_batch,,,0,5,0,,10,,,,14,0,,,,,,,,
30,29,57,0.95,0.95,cosmetic_fx_rain_batch,,,0,5,0,,10,,,,14,0,,,,,,,,
30,29,57,0.95,0.95,candidate_ray_emission,21,true,0.643569391,4.2,1.205698584,12,,,,,,,,,,,,,,
30,29,57,0.95,0.95,ray_ground_hit,21,,0.643569391,0,1.205698584,,,,,,,,,,,,,,,
30,29,57,0.95,0.95,paint_splat_write,21,,0.643569391,0.1,1.205698584,,0.74209362,1.730084311,1.25,20,,,,,,,,,,
30,29,58,0.966666667,0.966666667,cosmetic_fx_rain_batch,,,0,5,0,,10,,,,14,0,,,,,,,,
30,30,59,0.983333333,0.983333333,cosmetic_fx_rain_batch,,,0,5,0,,10,,,,14,0,,,,,,,,
30,30,60,1,1,cosmetic_fx_rain_batch,,,0,5,0,,10,,,,15,0,,,,,,,,
30,30,60,1,1,candidate_ray_emission,22,true,-8.937581373,4.2,-0.360692599,12,,,,,,,,,,,,,,
30,30,60,1,1,ray_ground_hit,22,,-8.937581373,0,-0.360692599,,,,,,,,,,,,,,,
30,30,60,1,1,paint_splat_write,22,,-8.937581373,0.1,-0.360692599,,0.554189341,0.964864237,1.125,18,,,,,,,,,,
30,31,61,1.016666667,1.016666667,cosmetic_fx_rain_batch,,,0,5,0,,10,,,,14,0,,,,,,,,
30,31,62,1.033333333,1.033333333,cosmetic_fx_rain_batch,,,0,5,0,,10,,,,14,0,,,,,,,,
30,32,63,1.05,1.05,cosmetic_fx_rain_batch,,,0,5,0,,10,,,,14,0,,,,,,,,
30,32,63,1.05,1.05,candidate_ray_emission,23,true,-7.580370119,4.2,-5.620806052,12,,,,,,,,,,,,,,
30,32,63,1.05,1.05,ray_ground_hit,23,,-7.580370119,0,-5.620806052,,,,,,,,,,,,,,,
30,32,63,1.05,1.05,paint_splat_write,23,,-7.580370119,0.1,-5.620806052,,0.511922958,0.823301841,0.8125,13,,,,,,,,,,
30,32,64,1.066666667,1.066666667,cosmetic_fx_rain_batch,,,0,5,0,,10,,,,14,0,,,,,,,,
30,33,65,1.083333333,1.083333333,cosmetic_fx_rain_batch,,,0,5,0,,10,,,,14,0,,,,,,,,
30,33,65,1.083333333,1.083333333,candidate_ray_emission,24,true,3.124773031,4.2,2.286805803,12,,,,,,,,,,,,,,
30,33,65,1.083333333,1.083333333,ray_ground_hit,24,,3.124773031,0,2.286805803,,,,,,,,,,,,,,,
30,33,65,1.083333333,1.083333333,paint_splat_write,24,,3.124773031,0.1,2.286805803,,0.778606711,1.904522723,1.8125,29,,,,,,,,,,
30,33,66,1.1,1.1,cosmetic_fx_rain_batch,,,0,5,0,,10,,,,14,0,,,,,,,,
30,34,67,1.116666667,1.116666667,cosmetic_fx_rain_batch,,,0,5,0,,10,,,,14,0,,,,,,,,
30,34,68,1.133333333,1.133333333,cosmetic_fx_rain_batch,,,0,5,0,,10,,,,14,0,,,,,,,,
30,34,68,1.133333333,1.133333333,candidate_ray_emission,25,true,3.194147914,4.2,-4.550689233,12,,,,,,,,,,,,,,
30,34,68,1.133333333,1.133333333,ray_ground_hit,25,,3.194147914,0,-4.550689233,,,,,,,,,,,,,,,
30,34,68,1.133333333,1.133333333,paint_splat_write,25,,3.194147914,0.1,-4.550689233,,0.519509605,0.847885161,0.875,14,,,,,,,,,,
30,35,69,1.15,1.15,cosmetic_fx_rain_batch,,,0,5,0,,10,,,,14,0,,,,,,,,
30,35,70,1.166666667,1.166666667,cosmetic_fx_rain_batch,,,0,5,0,,10,,,,14,0,,,,,,,,
30,36,71,1.183333333,1.183333333,cosmetic_fx_rain_batch,,,0,5,0,,10,,,,15,0,,,,,,,,
30,36,71,1.183333333,1.183333333,candidate_ray_emission,26,true,2.966106797,4.2,-9.107017581,12,,,,,,,,,,,,,,
30,36,71,1.183333333,1.183333333,ray_ground_hit,26,,2.966106797,0,-9.107017581,,,,,,,,,,,,,,,
30,36,71,1.183333333,1.183333333,paint_splat_write,26,,2.966106797,0.1,-9.107017581,,0.479691319,0.722892287,0.6875,11,,,,,,,,,,
30,36,72,1.2,1.2,cosmetic_fx_rain_batch,,,0,5,0,,10,,,,14,0,,,,,,,,
30,37,73,1.216666667,1.216666667,cosmetic_fx_rain_batch,,,0,5,0,,10,,,,14,0,,,,,,,,
30,37,73,1.216666667,1.216666667,candidate_ray_emission,27,true,-5.794089097,4.2,6.606148043,12,,,,,,,,,,,,,,
30,37,73,1.216666667,1.216666667,ray_ground_hit,27,,-5.794089097,0,6.606148043,,,,,,,,,,,,,,,
30,37,73,1.216666667,1.216666667,paint_splat_write,27,,-5.794089097,0.1,6.606148043,,0.565971073,1.006325188,1,16,,,,,,,,,,
30,37,74,1.233333333,1.233333333,cosmetic_fx_rain_batch,,,0,5,0,,10,,,,14,0,,,,,,,,
30,38,75,1.25,1.25,cosmetic_fx_rain_batch,,,0,5,0,,10,,,,14,0,,,,,,,,
30,38,76,1.266666667,1.266666667,cosmetic_fx_rain_batch,,,0,5,0,,10,,,,14,0,,,,,,,,
30,38,76,1.266666667,1.266666667,candidate_ray_emission,28,true,7.690057779,4.2,3.741951445,12,,,,,,,,,,,,,,
30,38,76,1.266666667,1.266666667,ray_ground_hit,28,,7.690057779,0,3.741951445,,,,,,,,,,,,,,,
30,38,76,1.266666667,1.266666667,paint_splat_write,28,,7.690057779,0.1,3.741951445,,0.513721744,0.829097813,0.8125,13,,,,,,,,,,
30,39,77,1.283333333,1.283333333,cosmetic_fx_rain_batch,,,0,5,0,,10,,,,14,0,,,,,,,,
30,39,78,1.3,1.3,cosmetic_fx_rain_batch,,,0,5,0,,10,,,,14,0,,,,,,,,
30,40,79,1.316666667,1.316666667,cosmetic_fx_rain_batch,,,0,5,0,,10,,,,14,0,,,,,,,,
30,40,79,1.316666667,1.316666667,candidate_ray_emission,29,true,-7.564039885,4.2,-4.284862754,12,,,,,,,,,,,,,,
30,40,79,1.316666667,1.316666667,ray_ground_hit,29,,-7.564039885,0,-4.284862754,,,,,,,,,,,,,,,
30,40,79,1.316666667,1.316666667,paint_splat_write,29,,-7.564039885,0.1,-4.284862754,,0.734736461,1.695950048,1.5625,25,,,,,,,,,,
30,40,80,1.333333333,1.333333333,cosmetic_fx_rain_batch,,,0,5,0,,10,,,,14,0,,,,,,,,
30,41,81,1.35,1.35,cosmetic_fx_rain_batch,,,0,5,0,,10,,,,14,0,,,,,,,,
30,41,81,1.35,1.35,candidate_ray_emission,30,true,-0.089550803,4.2,-5.070122334,12,,,,,,,,,,,,,,
30,41,81,1.35,1.35,ray_ground_hit,30,,-0.089550803,0,-5.070122334,,,,,,,,,,,,,,,
30,41,81,1.35,1.35,paint_splat_write,30,,-0.089550803,0.1,-5.070122334,,0.638468836,1.280646542,1.3125,21,,,,,,,,,,
30,41,82,1.366666667,1.366666667,cosmetic_fx_rain_batch,,,0,5,0,,10,,,,14,0,,,,,,,,
30,42,83,1.383333333,1.383333333,cosmetic_fx_rain_batch,,,0,5,0,,10,,,,14,0,,,,,,,,
30,42,84,1.4,1.4,cosmetic_fx_rain_batch,,,0,5,0,,10,,,,14,0,,,,,,,,
30,42,84,1.4,1.4,candidate_ray_emission,31,true,4.990964715,4.2,-8.160016461,12,,,,,,,,,,,,,,
30,42,84,1.4,1.4,ray_ground_hit,31,,4.990964715,0,-8.160016461,,,,,,,,,,,,,,,
30,42,84,1.4,1.4,paint_splat_write,31,,4.990964715,0.1,-8.160016461,,0.522795469,0.858644718,0.875,14,,,,,,,,,,
30,43,85,1.416666667,1.416666667,cosmetic_fx_rain_batch,,,0,5,0,,10,,,,15,0,,,,,,,,
30,43,86,1.433333333,1.433333333,cosmetic_fx_rain_batch,,,0,5,0,,10,,,,15,0,,,,,,,,
30,44,87,1.45,1.45,cosmetic_fx_rain_batch,,,0,5,0,,10,,,,14,0,,,,,,,,
30,44,87,1.45,1.45,candidate_ray_emission,32,true,-1.681463894,4.2,-4.890028904,12,,,,,,,,,,,,,,
30,44,87,1.45,1.45,ray_ground_hit,32,,-1.681463894,0,-4.890028904,,,,,,,,,,,,,,,
30,44,87,1.45,1.45,paint_splat_write,32,,-1.681463894,0.1,-4.890028904,,0.663311046,1.382242787,1.3125,21,,,,,,,,,,
30,44,88,1.466666667,1.466666667,cosmetic_fx_rain_batch,,,0,5,0,,10,,,,15,0,,,,,,,,
30,45,89,1.483333333,1.483333333,cosmetic_fx_rain_batch,,,0,5,0,,10,,,,14,0,,,,,,,,
30,45,90,1.5,1.5,cosmetic_fx_rain_batch,,,0,5,0,,10,,,,14,0,,,,,,,,
30,45,90,1.5,1.5,candidate_ray_emission,33,true,2.401029206,4.2,-8.662971672,12,,,,,,,,,,,,,,
30,45,90,1.5,1.5,ray_ground_hit,33,,2.401029206,0,-8.662971672,,,,,,,,,,,,,,,
30,45,90,1.5,1.5,paint_splat_write,33,,2.401029206,0.1,-8.662971672,,0.590542671,1.095601053,1,16,,,,,,,,,,
30,46,91,1.516666667,1.516666667,cosmetic_fx_rain_batch,,,0,5,0,,10,,,,15,0,,,,,,,,
30,46,92,1.533333333,1.533333333,cosmetic_fx_rain_batch,,,0,5,0,,10,,,,14,0,,,,,,,,
30,46,92,1.533333333,1.533333333,candidate_ray_emission,34,true,4.358459916,4.2,6.145325209,12,,,,,,,,,,,,,,
30,46,92,1.533333333,1.533333333,ray_ground_hit,34,,4.358459916,0,6.145325209,,,,,,,,,,,,,,,
30,46,92,1.533333333,1.533333333,paint_splat_write,34,,4.358459916,0.1,6.145325209,,0.775441582,1.889069969,1.8125,29,,,,,,,,,,
30,47,93,1.55,1.55,cosmetic_fx_rain_batch,,,0,5,0,,10,,,,14,0,,,,,,,,
30,47,94,1.566666667,1.566666667,cosmetic_fx_rain_batch,,,0,5,0,,10,,,,15,0,,,,,,,,
30,48,95,1.583333333,1.583333333,cosmetic_fx_rain_batch,,,0,5,0,,10,,,,14,0,,,,,,,,
30,48,95,1.583333333,1.583333333,candidate_ray_emission,35,true,7.80526619,4.2,-3.176841835,12,,,,,,,,,,,,,,
30,48,95,1.583333333,1.583333333,ray_ground_hit,35,,7.80526619,0,-3.176841835,,,,,,,,,,,,,,,
30,48,95,1.583333333,1.583333333,paint_splat_write,35,,7.80526619,0.1,-3.176841835,,0.778666147,1.904813501,1.625,26,,,,,,,,,,
30,48,96,1.6,1.6,cosmetic_fx_rain_batch,,,0,5,0,,10,,,,14,0,,,,,,,,
30,49,97,1.616666667,1.616666667,cosmetic_fx_rain_batch,,,0,5,0,,10,,,,14,0,,,,,,,,
30,49,98,1.633333333,1.633333333,cosmetic_fx_rain_batch,,,0,5,0,,10,,,,14,0,,,,,,,,
30,49,98,1.633333333,1.633333333,candidate_ray_emission,36,true,-6.343260307,4.2,-2.367050099,12,,,,,,,,,,,,,,
30,49,98,1.633333333,1.633333333,ray_ground_hit,36,,-6.343260307,0,-2.367050099,,,,,,,,,,,,,,,
30,49,98,1.633333333,1.633333333,paint_splat_write,36,,-6.343260307,0.1,-2.367050099,,0.662687865,1.37964677,1.3125,21,,,,,,,,,,
30,50,99,1.65,1.65,cosmetic_fx_rain_batch,,,0,5,0,,10,,,,14,0,,,,,,,,
30,50,100,1.666666667,1.666666667,cosmetic_fx_rain_batch,,,0,5,0,,10,,,,14,0,,,,,,,,
30,50,100,1.666666667,1.666666667,candidate_ray_emission,37,true,-0.269800016,4.2,-9.456644168,12,,,,,,,,,,,,,,
30,50,100,1.666666667,1.666666667,ray_ground_hit,37,,-0.269800016,0,-9.456644168,,,,,,,,,,,,,,,
30,50,100,1.666666667,1.666666667,paint_splat_write,37,,-0.269800016,0.1,-9.456644168,,0.665406369,1.39098927,1.25,20,,,,,,,,,,
30,51,101,1.683333333,1.683333333,cosmetic_fx_rain_batch,,,0,5,0,,10,,,,14,0,,,,,,,,
30,51,102,1.7,1.7,cosmetic_fx_rain_batch,,,0,5,0,,10,,,,14,0,,,,,,,,
30,52,103,1.716666667,1.716666667,cosmetic_fx_rain_batch,,,0,5,0,,10,,,,14,0,,,,,,,,
30,52,103,1.716666667,1.716666667,candidate_ray_emission,38,true,-5.941974305,4.2,5.784429978,12,,,,,,,,,,,,,,
30,52,103,1.716666667,1.716666667,ray_ground_hit,38,,-5.941974305,0,5.784429978,,,,,,,,,,,,,,,
30,52,103,1.716666667,1.716666667,paint_splat_write,38,,-5.941974305,0.1,5.784429978,,0.772766671,1.876059631,1,16,,,,,,,,,,
30,52,104,1.733333333,1.733333333,cosmetic_fx_rain_batch,,,0,5,0,,10,,,,14,0,,,,,,,,
30,53,105,1.75,1.75,cosmetic_fx_rain_batch,,,0,5,0,,10,,,,14,0,,,,,,,,
30,53,106,1.766666667,1.766666667,cosmetic_fx_rain_batch,,,0,5,0,,10,,,,14,0,,,,,,,,
30,53,106,1.766666667,1.766666667,candidate_ray_emission,39,true,-3.426436301,4.2,-3.386865238,12,,,,,,,,,,,,,,
30,53,106,1.766666667,1.766666667,ray_ground_hit,39,,-3.426436301,0,-3.386865238,,,,,,,,,,,,,,,
30,53,106,1.766666667,1.766666667,paint_splat_write,39,,-3.426436301,0.1,-3.386865238,,0.54868011,0.945776039,0.9375,15,,,,,,,,,,
30,54,107,1.783333333,1.783333333,cosmetic_fx_rain_batch,,,0,5,0,,10,,,,15,0,,,,,,,,
30,54,108,1.8,1.8,cosmetic_fx_rain_batch,,,0,5,0,,10,,,,14,0,,,,,,,,
30,54,108,1.8,1.8,candidate_ray_emission,40,true,-0.133683796,4.2,-2.713678873,12,,,,,,,,,,,,,,
30,54,108,1.8,1.8,ray_ground_hit,40,,-0.133683796,0,-2.713678873,,,,,,,,,,,,,,,
30,54,108,1.8,1.8,paint_splat_write,40,,-0.133683796,0.1,-2.713678873,,0.782772118,1.924954942,2,32,,,,,,,,,,
30,55,109,1.816666667,1.816666667,cosmetic_fx_rain_batch,,,0,5,0,,10,,,,14,0,,,,,,,,
30,55,110,1.833333333,1.833333333,cosmetic_fx_rain_batch,,,0,5,0,,10,,,,14,0,,,,,,,,
30,56,111,1.85,1.85,cosmetic_fx_rain_batch,,,0,5,0,,10,,,,15,0,,,,,,,,
30,56,111,1.85,1.85,candidate_ray_emission,41,true,-9.454302905,4.2,-1.730476033,12,,,,,,,,,,,,,,
30,56,111,1.85,1.85,ray_ground_hit,41,,-9.454302905,0,-1.730476033,,,,,,,,,,,,,,,
30,56,111,1.85,1.85,paint_splat_write,41,,-9.454302905,0.1,-1.730476033,,0.632666593,1.257475922,1.25,20,,,,,,,,,,
30,56,112,1.866666667,1.866666667,cosmetic_fx_rain_batch,,,0,5,0,,10,,,,15,0,,,,,,,,
30,57,113,1.883333333,1.883333333,cosmetic_fx_rain_batch,,,0,5,0,,10,,,,14,0,,,,,,,,
30,57,114,1.9,1.9,cosmetic_fx_rain_batch,,,0,5,0,,10,,,,14,0,,,,,,,,
30,57,114,1.9,1.9,candidate_ray_emission,42,true,-0.723685324,4.2,6.44401567,12,,,,,,,,,,,,,,
30,57,114,1.9,1.9,ray_ground_hit,42,,-0.723685324,0,6.44401567,,,,,,,,,,,,,,,
30,57,114,1.9,1.9,paint_splat_write,42,,-0.723685324,0.1,6.44401567,,0.766792445,1.847164288,0.875,14,,,,,,,,,,
30,58,115,1.916666667,1.916666667,cosmetic_fx_rain_batch,,,0,5,0,,10,,,,14,0,,,,,,,,
30,58,116,1.933333333,1.933333333,cosmetic_fx_rain_batch,,,0,5,0,,10,,,,14,0,,,,,,,,
30,59,117,1.95,1.95,cosmetic_fx_rain_batch,,,0,5,0,,10,,,,14,0,,,,,,,,
30,59,117,1.95,1.95,candidate_ray_emission,43,true,5.515057757,4.2,-3.362268252,12,,,,,,,,,,,,,,
30,59,117,1.95,1.95,ray_ground_hit,43,,5.515057757,0,-3.362268252,,,,,,,,,,,,,,,
30,59,117,1.95,1.95,paint_splat_write,43,,5.515057757,0.1,-3.362268252,,0.474266392,0.70663407,0.1875,3,,,,,,,,,,
30,59,118,1.966666667,1.966666667,cosmetic_fx_rain_batch,,,0,5,0,,10,,,,15,0,,,,,,,,
30,60,119,1.983333333,1.983333333,cosmetic_fx_rain_batch,,,0,5,0,,10,,,,14,0,,,,,,,,
30,60,119,1.983333333,1.983333333,candidate_ray_emission,44,true,0.820311008,4.2,-9.43993751,12,,,,,,,,,,,,,,
30,60,119,1.983333333,1.983333333,ray_ground_hit,44,,0.820311008,0,-9.43993751,,,,,,,,,,,,,,,
30,60,119,1.983333333,1.983333333,paint_splat_write,44,,0.820311008,0.1,-9.43993751,,0.517624238,0.84174216,0.75,12,,,,,,,,,,
30,60,120,2,2,cosmetic_fx_rain_batch,,,0,5,0,,10,,,,14,0,,,,,,,,
30,61,121,2.016666667,2.016666667,cosmetic_fx_rain_batch,,,0,5,0,,10,,,,15,0,,,,,,,,
30,61,122,2.033333333,2.033333333,cosmetic_fx_rain_batch,,,0,5,0,,10,,,,14,0,,,,,,,,
30,61,122,2.033333333,2.033333333,candidate_ray_emission,45,true,1.22598458,4.2,-6.630586586,12,,,,,,,,,,,,,,
30,61,122,2.033333333,2.033333333,ray_ground_hit,45,,1.22598458,0,-6.630586586,,,,,,,,,,,,,,,
30,61,122,2.033333333,2.033333333,paint_splat_write,45,,1.22598458,0.1,-6.630586586,,0.480866098,0.726437395,0.3125,5,,,,,,,,,,
30,62,123,2.05,2.05,cosmetic_fx_rain_batch,,,0,5,0,,10,,,,14,0,,,,,,,,
30,62,124,2.066666667,2.066666667,cosmetic_fx_rain_batch,,,0,5,0,,10,,,,14,0,,,,,,,,
30,63,125,2.083333333,2.083333333,cosmetic_fx_rain_batch,,,0,5,0,,10,,,,14,0,,,,,,,,
30,63,125,2.083333333,2.083333333,candidate_ray_emission,46,true,-5.108235762,4.2,7.518470445,12,,,,,,,,,,,,,,
30,63,125,2.083333333,2.083333333,ray_ground_hit,46,,-5.108235762,0,7.518470445,,,,,,,,,,,,,,,
30,63,125,2.083333333,2.083333333,paint_splat_write,46,,-5.108235762,0.1,7.518470445,,0.677564038,1.442283277,1.375,22,,,,,,,,,,
30,63,126,2.1,2.1,cosmetic_fx_rain_batch,,,0,5,0,,10,,,,14,0,,,,,,,,
30,64,127,2.116666667,2.116666667,cosmetic_fx_rain_batch,,,0,5,0,,10,,,,14,0,,,,,,,,
30,64,127,2.116666667,2.116666667,candidate_ray_emission,47,true,-5.317314604,4.2,-0.803544141,12,,,,,,,,,,,,,,
30,64,127,2.116666667,2.116666667,ray_ground_hit,47,,-5.317314604,0,-0.803544141,,,,,,,,,,,,,,,
30,64,127,2.116666667,2.116666667,paint_splat_write,47,,-5.317314604,0.1,-0.803544141,,0.603774315,1.14524694,1.125,18,,,,,,,,,,
30,64,128,2.133333333,2.133333333,cosmetic_fx_rain_batch,,,0,5,0,,10,,,,14,0,,,,,,,,
30,65,129,2.15,2.15,cosmetic_fx_rain_batch,,,0,5,0,,10,,,,14,0,,,,,,,,
30,65,130,2.166666667,2.166666667,cosmetic_fx_rain_batch,,,0,5,0,,10,,,,15,0,,,,,,,,
30,65,130,2.166666667,2.166666667,candidate_ray_emission,48,true,-5.416675361,4.2,-7.399091043,12,,,,,,,,,,,,,,
30,65,130,2.166666667,2.166666667,ray_ground_hit,48,,-5.416675361,0,-7.399091043,,,,,,,,,,,,,,,
30,65,130,2.166666667,2.166666667,paint_splat_write,48,,-5.416675361,0.1,-7.399091043,,0.705399435,1.563219946,1.5625,25,,,,,,,,,,
30,66,131,2.183333333,2.183333333,cosmetic_fx_rain_batch,,,0,5,0,,10,,,,14,0,,,,,,,,
30,66,132,2.2,2.2,cosmetic_fx_rain_batch,,,0,5,0,,10,,,,14,0,,,,,,,,
30,67,133,2.216666667,2.216666667,cosmetic_fx_rain_batch,,,0,5,0,,10,,,,14,0,,,,,,,,
30,67,133,2.216666667,2.216666667,candidate_ray_emission,49,true,0.476915238,4.2,-4.510864675,12,,,,,,,,,,,,,,
30,67,133,2.216666667,2.216666667,ray_ground_hit,49,,0.476915238,0,-4.510864675,,,,,,,,,,,,,,,
30,67,133,2.216666667,2.216666667,paint_splat_write,49,,0.476915238,0.1,-4.510864675,,0.551857978,0.956763334,0.625,10,,,,,,,,,,
30,67,134,2.233333333,2.233333333,cosmetic_fx_rain_batch,,,0,5,0,,10,,,,14,0,,,,,,,,
30,68,135,2.25,2.25,cosmetic_fx_rain_batch,,,0,5,0,,10,,,,14,0,,,,,,,,
30,68,135,2.25,2.25,candidate_ray_emission,50,true,4.07260476,4.2,8.17216498,12,,,,,,,,,,,,,,
30,68,135,2.25,2.25,ray_ground_hit,50,,4.07260476,0,8.17216498,,,,,,,,,,,,,,,
30,68,135,2.25,2.25,paint_splat_write,50,,4.07260476,0.1,8.17216498,,0.693519996,1.511011773,1.0625,17,,,,,,,,,,
30,68,136,2.266666667,2.266666667,cosmetic_fx_rain_batch,,,0,5,0,,10,,,,14,0,,,,,,,,
30,69,137,2.283333333,2.283333333,cosmetic_fx_rain_batch,,,0,5,0,,10,,,,14,0,,,,,,,,
30,69,138,2.3,2.3,cosmetic_fx_rain_batch,,,0,5,0,,10,,,,14,0,,,,,,,,
30,69,138,2.3,2.3,candidate_ray_emission,51,true,-4.89866368,4.2,-8.332352114,12,,,,,,,,,,,,,,
30,69,138,2.3,2.3,ray_ground_hit,51,,-4.89866368,0,-8.332352114,,,,,,,,,,,,,,,
30,69,138,2.3,2.3,paint_splat_write,51,,-4.89866368,0.1,-8.332352114,,0.798485883,2.00301572,1.5,24,,,,,,,,,,
30,70,139,2.316666667,2.316666667,cosmetic_fx_rain_batch,,,0,5,0,,10,,,,15,0,,,,,,,,
30,70,140,2.333333333,2.333333333,cosmetic_fx_rain_batch,,,0,5,0,,10,,,,15,0,,,,,,,,
30,71,141,2.35,2.35,cosmetic_fx_rain_batch,,,0,5,0,,10,,,,14,0,,,,,,,,
30,71,141,2.35,2.35,candidate_ray_emission,52,true,-2.867935393,4.2,5.673960267,12,,,,,,,,,,,,,,
30,71,141,2.35,2.35,ray_ground_hit,52,,-2.867935393,0,5.673960267,,,,,,,,,,,,,,,
30,71,141,2.35,2.35,paint_splat_write,52,,-2.867935393,0.1,5.673960267,,0.660628412,1.371084964,1.25,20,,,,,,,,,,
30,71,142,2.366666667,2.366666667,cosmetic_fx_rain_batch,,,0,5,0,,10,,,,14,0,,,,,,,,
30,72,143,2.383333333,2.383333333,cosmetic_fx_rain_batch,,,0,5,0,,10,,,,14,0,,,,,,,,
30,72,144,2.4,2.4,cosmetic_fx_rain_batch,,,0,5,0,,10,,,,14,0,,,,,,,,
30,72,144,2.4,2.4,candidate_ray_emission,53,true,-1.784739904,4.2,-4.570097961,12,,,,,,,,,,,,,,
30,72,144,2.4,2.4,ray_ground_hit,53,,-1.784739904,0,-4.570097961,,,,,,,,,,,,,,,
30,72,144,2.4,2.4,paint_splat_write,53,,-1.784739904,0.1,-4.570097961,,0.69069186,1.498713255,0.3125,5,,,,,,,,,,
30,73,145,2.416666667,2.416666667,cosmetic_fx_rain_batch,,,0,5,0,,10,,,,15,0,,,,,,,,
30,73,146,2.433333333,2.433333333,cosmetic_fx_rain_batch,,,0,5,0,,10,,,,14,0,,,,,,,,
30,73,146,2.433333333,2.433333333,candidate_ray_emission,54,true,4.181299971,4.2,7.721387172,12,,,,,,,,,,,,,,
30,73,146,2.433333333,2.433333333,ray_ground_hit,54,,4.181299971,0,7.721387172,,,,,,,,,,,,,,,
30,73,146,2.433333333,2.433333333,paint_splat_write,54,,4.181299971,0.1,7.721387172,,0.798901948,2.005103673,0.375,6,,,,,,,,,,
30,74,147,2.45,2.45,cosmetic_fx_rain_batch,,,0,5,0,,10,,,,15,0,,,,,,,,
30,74,148,2.466666667,2.466666667,cosmetic_fx_rain_batch,,,0,5,0,,10,,,,15,0,,,,,,,,
30,75,149,2.483333333,2.483333333,cosmetic_fx_rain_batch,,,0,5,0,,10,,,,14,0,,,,,,,,
30,75,149,2.483333333,2.483333333,candidate_ray_emission,55,true,5.237103494,4.2,-7.44692847,12,,,,,,,,,,,,,,
30,75,149,2.483333333,2.483333333,ray_ground_hit,55,,5.237103494,0,-7.44692847,,,,,,,,,,,,,,,
30,75,149,2.483333333,2.483333333,paint_splat_write,55,,5.237103494,0.1,-7.44692847,,0.566290034,1.007459764,0.8125,13,,,,,,,,,,
30,75,150,2.5,2.5,cosmetic_fx_rain_batch,,,0,5,0,,10,,,,14,0,,,,,,,,
30,76,151,2.516666667,2.516666667,cosmetic_fx_rain_batch,,,0,5,0,,10,,,,14,0,,,,,,,,
30,76,152,2.533333333,2.533333333,cosmetic_fx_rain_batch,,,0,5,0,,10,,,,15,0,,,,,,,,
30,76,152,2.533333333,2.533333333,candidate_ray_emission,56,true,2.74507161,4.2,1.137390557,12,,,,,,,,,,,,,,
30,76,152,2.533333333,2.533333333,ray_ground_hit,56,,2.74507161,0,1.137390557,,,,,,,,,,,,,,,
30,76,152,2.533333333,2.533333333,paint_splat_write,56,,2.74507161,0.1,1.137390557,,0.622132795,1.215950968,1,16,,,,,,,,,,
30,77,153,2.55,2.55,cosmetic_fx_rain_batch,,,0,5,0,,10,,,,14,0,,,,,,,,
30,77,154,2.566666667,2.566666667,cosmetic_fx_rain_batch,,,0,5,0,,10,,,,14,0,,,,,,,,
30,77,154,2.566666667,2.566666667,candidate_ray_emission,57,true,-6.886291812,4.2,-0.567878309,12,,,,,,,,,,,,,,
30,77,154,2.566666667,2.566666667,ray_ground_hit,57,,-6.886291812,0,-0.567878309,,,,,,,,,,,,,,,
30,77,154,2.566666667,2.566666667,paint_splat_write,57,,-6.886291812,0.1,-0.567878309,,0.747400733,1.754918338,0.625,10,,,,,,,,,,
30,78,155,2.583333333,2.583333333,cosmetic_fx_rain_batch,,,0,5,0,,10,,,,14,0,,,,,,,,
30,78,156,2.6,2.6,cosmetic_fx_rain_batch,,,0,5,0,,10,,,,14,0,,,,,,,,
30,79,157,2.616666667,2.616666667,cosmetic_fx_rain_batch,,,0,5,0,,10,,,,14,0,,,,,,,,
30,79,157,2.616666667,2.616666667,candidate_ray_emission,58,true,-0.813083555,4.2,1.619323366,12,,,,,,,,,,,,,,
30,79,157,2.616666667,2.616666667,ray_ground_hit,58,,-0.813083555,0,1.619323366,,,,,,,,,,,,,,,
30,79,157,2.616666667,2.616666667,paint_splat_write,58,,-0.813083555,0.1,1.619323366,,0.689529272,1.493672166,1.375,22,,,,,,,,,,
30,79,158,2.633333333,2.633333333,cosmetic_fx_rain_batch,,,0,5,0,,10,,,,14,0,,,,,,,,
30,80,159,2.65,2.65,cosmetic_fx_rain_batch,,,0,5,0,,10,,,,14,0,,,,,,,,
30,80,160,2.666666667,2.666666667,cosmetic_fx_rain_batch,,,0,5,0,,10,,,,14,0,,,,,,,,
30,80,160,2.666666667,2.666666667,candidate_ray_emission,59,true,-1.428156232,4.2,0.625782342,12,,,,,,,,,,,,,,
30,80,160,2.666666667,2.666666667,ray_ground_hit,59,,-1.428156232,0,0.625782342,,,,,,,,,,,,,,,
30,80,160,2.666666667,2.666666667,paint_splat_write,59,,-1.428156232,0.1,0.625782342,,0.633738821,1.261741814,1.3125,21,,,,,,,,,,
30,81,161,2.683333333,2.683333333,cosmetic_fx_rain_batch,,,0,5,0,,10,,,,14,0,,,,,,,,
30,81,162,2.7,2.7,cosmetic_fx_rain_batch,,,0,5,0,,10,,,,14,0,,,,,,,,
30,81,162,2.7,2.7,candidate_ray_emission,60,true,-6.451934252,4.2,2.017421972,12,,,,,,,,,,,,,,
30,81,162,2.7,2.7,ray_ground_hit,60,,-6.451934252,0,2.017421972,,,,,,,,,,,,,,,
30,81,162,2.7,2.7,paint_splat_write,60,,-6.451934252,0.1,2.017421972,,0.782243677,1.922356788,1.75,28,,,,,,,,,,
30,82,163,2.716666667,2.716666667,cosmetic_fx_rain_batch,,,0,5,0,,10,,,,14,0,,,,,,,,
30,82,164,2.733333333,2.733333333,cosmetic_fx_rain_batch,,,0,5,0,,10,,,,14,0,,,,,,,,
30,83,165,2.75,2.75,cosmetic_fx_rain_batch,,,0,5,0,,10,,,,15,0,,,,,,,,
30,83,165,2.75,2.75,candidate_ray_emission,61,true,6.788829037,4.2,-4.366474668,12,,,,,,,,,,,,,,
30,83,165,2.75,2.75,ray_ground_hit,61,,6.788829037,0,-4.366474668,,,,,,,,,,,,,,,
30,83,165,2.75,2.75,paint_splat_write,61,,6.788829037,0.1,-4.366474668,,0.798899685,2.005092315,1.8125,29,,,,,,,,,,
30,83,166,2.766666667,2.766666667,cosmetic_fx_rain_batch,,,0,5,0,,10,,,,14,0,,,,,,,,
30,84,167,2.783333333,2.783333333,cosmetic_fx_rain_batch,,,0,5,0,,10,,,,14,0,,,,,,,,
30,84,168,2.8,2.8,cosmetic_fx_rain_batch,,,0,5,0,,10,,,,14,0,,,,,,,,
30,84,168,2.8,2.8,candidate_ray_emission,62,true,-8.75452897,4.2,-2.889568483,12,,,,,,,,,,,,,,
30,84,168,2.8,2.8,ray_ground_hit,62,,-8.75452897,0,-2.889568483,,,,,,,,,,,,,,,
30,84,168,2.8,2.8,paint_splat_write,62,,-8.75452897,0.1,-2.889568483,,0.539478176,0.914318766,0.8125,13,,,,,,,,,,
30,85,169,2.816666667,2.816666667,cosmetic_fx_rain_batch,,,0,5,0,,10,,,,15,0,,,,,,,,
30,85,170,2.833333333,2.833333333,cosmetic_fx_rain_batch,,,0,5,0,,10,,,,14,0,,,,,,,,
30,86,171,2.85,2.85,cosmetic_fx_rain_batch,,,0,5,0,,10,,,,15,0,,,,,,,,
30,86,171,2.85,2.85,candidate_ray_emission,63,true,0.68805692,4.2,-5.155726839,12,,,,,,,,,,,,,,
30,86,171,2.85,2.85,ray_ground_hit,63,,0.68805692,0,-5.155726839,,,,,,,,,,,,,,,
30,86,171,2.85,2.85,paint_splat_write,63,,0.68805692,0.1,-5.155726839,,0.636698547,1.273554661,0.625,10,,,,,,,,,,
30,86,172,2.866666667,2.866666667,cosmetic_fx_rain_batch,,,0,5,0,,10,,,,14,0,,,,,,,,
30,87,173,2.883333333,2.883333333,cosmetic_fx_rain_batch,,,0,5,0,,10,,,,15,0,,,,,,,,
30,87,173,2.883333333,2.883333333,candidate_ray_emission,64,true,-4.580579489,4.2,-4.524740085,12,,,,,,,,,,,,,,
30,87,173,2.883333333,2.883333333,ray_ground_hit,64,,-4.580579489,0,-4.524740085,,,,,,,,,,,,,,,
30,87,173,2.883333333,2.883333333,paint_splat_write,64,,-4.580579489,0.1,-4.524740085,,0.700122128,1.539917594,1.5,24,,,,,,,,,,
30,87,174,2.9,2.9,cosmetic_fx_rain_batch,,,0,5,0,,10,,,,14,0,,,,,,,,
30,88,175,2.916666667,2.916666667,cosmetic_fx_rain_batch,,,0,5,0,,10,,,,14,0,,,,,,,,
30,88,176,2.933333333,2.933333333,cosmetic_fx_rain_batch,,,0,5,0,,10,,,,15,0,,,,,,,,
30,88,176,2.933333333,2.933333333,candidate_ray_emission,65,true,8.430949624,4.2,0.053335936,12,,,,,,,,,,,,,,
30,88,176,2.933333333,2.933333333,ray_ground_hit,65,,8.430949624,0,0.053335936,,,,,,,,,,,,,,,
30,88,176,2.933333333,2.933333333,paint_splat_write,65,,8.430949624,0.1,0.053335936,,0.637795555,1.277947019,1.1875,19,,,,,,,,,,
30,89,177,2.95,2.95,cosmetic_fx_rain_batch,,,0,5,0,,10,,,,14,0,,,,,,,,
30,89,178,2.966666667,2.966666667,cosmetic_fx_rain_batch,,,0,5,0,,10,,,,15,0,,,,,,,,
30,90,179,2.983333333,2.983333333,cosmetic_fx_rain_batch,,,0,5,0,,10,,,,14,0,,,,,,,,
30,90,179,2.983333333,2.983333333,candidate_ray_emission,66,true,3.796059154,4.2,-7.08577191,12,,,,,,,,,,,,,,
30,90,179,2.983333333,2.983333333,ray_ground_hit,66,,3.796059154,0,-7.08577191,,,,,,,,,,,,,,,
30,90,179,2.983333333,2.983333333,paint_splat_write,66,,3.796059154,0.1,-7.08577191,,0.572508351,1.029706665,0.75,12,,,,,,,,,,
30,90,180,3,3,cosmetic_fx_rain_batch,,,0,5,0,,10,,,,14,0,,,,,,,,
30,91,181,3.016666667,3.016666667,cosmetic_fx_rain_batch,,,0,5,0,,10,,,,15,0,,,,,,,,
30,91,181,3.016666667,3.016666667,candidate_ray_emission,67,true,7.750196184,4.2,0.173219031,12,,,,,,,,,,,,,,
30,91,181,3.016666667,3.016666667,ray_ground_hit,67,,7.750196184,0,0.173219031,,,,,,,,,,,,,,,
30,91,181,3.016666667,3.016666667,paint_splat_write,67,,7.750196184,0.1,0.173219031,,0.461655703,0.669555038,0.4375,7,,,,,,,,,,
30,91,182,3.033333333,3.033333333,cosmetic_fx_rain_batch,,,0,5,0,,10,,,,14,0,,,,,,,,
30,92,183,3.05,3.05,cosmetic_fx_rain_batch,,,0,5,0,,10,,,,14,0,,,,,,,,
30,92,184,3.066666667,3.066666667,cosmetic_fx_rain_batch,,,0,5,0,,10,,,,14,0,,,,,,,,
30,92,184,3.066666667,3.066666667,candidate_ray_emission,68,true,-0.452497773,4.2,-2.511530571,12,,,,,,,,,,,,,,
30,92,184,3.066666667,3.066666667,ray_ground_hit,68,,-0.452497773,0,-2.511530571,,,,,,,,,,,,,,,
30,92,184,3.066666667,3.066666667,paint_splat_write,68,,-0.452497773,0.1,-2.511530571,,0.579924404,1.056556296,0.125,2,,,,,,,,,,
30,93,185,3.083333333,3.083333333,cosmetic_fx_rain_batch,,,0,5,0,,10,,,,15,0,,,,,,,,
30,93,186,3.1,3.1,cosmetic_fx_rain_batch,,,0,5,0,,10,,,,14,0,,,,,,,,
30,94,187,3.116666667,3.116666667,cosmetic_fx_rain_batch,,,0,5,0,,10,,,,15,0,,,,,,,,
30,94,187,3.116666667,3.116666667,candidate_ray_emission,69,true,1.067158958,4.2,-7.910560598,12,,,,,,,,,,,,,,
30,94,187,3.116666667,3.116666667,ray_ground_hit,69,,1.067158958,0,-7.910560598,,,,,,,,,,,,,,,
30,94,187,3.116666667,3.116666667,paint_splat_write,69,,1.067158958,0.1,-7.910560598,,0.792154276,1.971375772,1.875,30,,,,,,,,,,
30,94,188,3.133333333,3.133333333,cosmetic_fx_rain_batch,,,0,5,0,,10,,,,14,0,,,,,,,,
30,95,189,3.15,3.15,cosmetic_fx_rain_batch,,,0,5,0,,10,,,,15,0,,,,,,,,
30,95,189,3.15,3.15,candidate_ray_emission,70,true,3.340795856,4.2,3.948671261,12,,,,,,,,,,,,,,
30,95,189,3.15,3.15,ray_ground_hit,70,,3.340795856,0,3.948671261,,,,,,,,,,,,,,,
30,95,189,3.15,3.15,paint_splat_write,70,,3.340795856,0.1,3.948671261,,0.590246031,1.09450065,1,16,,,,,,,,,,
30,95,190,3.166666667,3.166666667,cosmetic_fx_rain_batch,,,0,5,0,,10,,,,14,0,,,,,,,,
30,96,191,3.183333333,3.183333333,cosmetic_fx_rain_batch,,,0,5,0,,10,,,,14,0,,,,,,,,
30,96,192,3.2,3.2,cosmetic_fx_rain_batch,,,0,5,0,,10,,,,15,0,,,,,,,,
30,96,192,3.2,3.2,candidate_ray_emission,71,true,-2.731571864,4.2,-5.858905752,12,,,,,,,,,,,,,,
30,96,192,3.2,3.2,ray_ground_hit,71,,-2.731571864,0,-5.858905752,,,,,,,,,,,,,,,
30,96,192,3.2,3.2,paint_splat_write,71,,-2.731571864,0.1,-5.858905752,,0.674814236,1.430600407,1.5,24,,,,,,,,,,
30,97,193,3.216666667,3.216666667,cosmetic_fx_rain_batch,,,0,5,0,,10,,,,14,0,,,,,,,,
30,97,194,3.233333333,3.233333333,cosmetic_fx_rain_batch,,,0,5,0,,10,,,,14,0,,,,,,,,
30,98,195,3.25,3.25,cosmetic_fx_rain_batch,,,0,5,0,,10,,,,14,0,,,,,,,,
30,98,195,3.25,3.25,candidate_ray_emission,72,true,3.762010157,4.2,-1.200251442,12,,,,,,,,,,,,,,
30,98,195,3.25,3.25,ray_ground_hit,72,,3.762010157,0,-1.200251442,,,,,,,,,,,,,,,
30,98,195,3.25,3.25,paint_splat_write,72,,3.762010157,0.1,-1.200251442,,0.621689666,1.214219404,1.125,18,,,,,,,,,,
30,98,196,3.266666667,3.266666667,cosmetic_fx_rain_batch,,,0,5,0,,10,,,,14,0,,,,,,,,
30,99,197,3.283333333,3.283333333,cosmetic_fx_rain_batch,,,0,5,0,,10,,,,14,0,,,,,,,,
30,99,198,3.3,3.3,cosmetic_fx_rain_batch,,,0,5,0,,10,,,,14,0,,,,,,,,
30,99,198,3.3,3.3,candidate_ray_emission,73,true,-0.027145084,4.2,0.395877021,12,,,,,,,,,,,,,,
30,99,198,3.3,3.3,ray_ground_hit,73,,-0.027145084,0,0.395877021,,,,,,,,,,,,,,,
30,99,198,3.3,3.3,paint_splat_write,73,,-0.027145084,0.1,0.395877021,,0.535194598,0.89985662,0.1875,3,,,,,,,,,,
30,100,199,3.316666667,3.316666667,cosmetic_fx_rain_batch,,,0,5,0,,10,,,,14,0,,,,,,,,
30,100,200,3.333333333,3.333333333,cosmetic_fx_rain_batch,,,0,5,0,,10,,,,14,0,,,,,,,,
30,100,200,3.333333333,3.333333333,candidate_ray_emission,74,true,-5.660755646,4.2,4.596648399,12,,,,,,,,,,,,,,
30,100,200,3.333333333,3.333333333,ray_ground_hit,74,,-5.660755646,0,4.596648399,,,,,,,,,,,,,,,
30,100,200,3.333333333,3.333333333,paint_splat_write,74,,-5.660755646,0.1,4.596648399,,0.641622943,1.293330869,0.6875,11,,,,,,,,,,
30,101,201,3.35,3.35,cosmetic_fx_rain_batch,,,0,5,0,,10,,,,14,0,,,,,,,,
30,101,202,3.366666667,3.366666667,cosmetic_fx_rain_batch,,,0,5,0,,10,,,,14,0,,,,,,,,
30,102,203,3.383333333,3.383333333,cosmetic_fx_rain_batch,,,0,5,0,,10,,,,14,0,,,,,,,,
30,102,203,3.383333333,3.383333333,candidate_ray_emission,75,true,-8.549682942,4.2,-1.74422966,12,,,,,,,,,,,,,,
30,102,203,3.383333333,3.383333333,ray_ground_hit,75,,-8.549682942,0,-1.74422966,,,,,,,,,,,,,,,
30,102,203,3.383333333,3.383333333,paint_splat_write,75,,-8.549682942,0.1,-1.74422966,,0.536080929,0.902839575,0.75,12,,,,,,,,,,
30,102,204,3.4,3.4,cosmetic_fx_rain_batch,,,0,5,0,,10,,,,14,0,,,,,,,,
30,103,205,3.416666667,3.416666667,cosmetic_fx_rain_batch,,,0,5,0,,10,,,,14,0,,,,,,,,
30,103,206,3.433333333,3.433333333,cosmetic_fx_rain_batch,,,0,5,0,,10,,,,15,0,,,,,,,,
30,103,206,3.433333333,3.433333333,candidate_ray_emission,76,true,2.175259679,4.2,-4.748000648,12,,,,,,,,,,,,,,
30,103,206,3.433333333,3.433333333,ray_ground_hit,76,,2.175259679,0,-4.748000648,,,,,,,,,,,,,,,
30,103,206,3.433333333,3.433333333,paint_splat_write,76,,2.175259679,0.1,-4.748000648,,0.736632908,1.704716267,1.4375,23,,,,,,,,,,
30,104,207,3.45,3.45,cosmetic_fx_rain_batch,,,0,5,0,,10,,,,14,0,,,,,,,,
30,104,208,3.466666667,3.466666667,cosmetic_fx_rain_batch,,,0,5,0,,10,,,,14,0,,,,,,,,
30,104,208,3.466666667,3.466666667,candidate_ray_emission,77,true,-1.464344823,4.2,-1.29204233,12,,,,,,,,,,,,,,
30,104,208,3.466666667,3.466666667,ray_ground_hit,77,,-1.464344823,0,-1.29204233,,,,,,,,,,,,,,,
30,104,208,3.466666667,3.466666667,paint_splat_write,77,,-1.464344823,0.1,-1.29204233,,0.59979508,1.130200955,1,16,,,,,,,,,,
30,105,209,3.483333333,3.483333333,cosmetic_fx_rain_batch,,,0,5,0,,10,,,,14,0,,,,,,,,
30,105,210,3.5,3.5,cosmetic_fx_rain_batch,,,0,5,0,,10,,,,14,0,,,,,,,,
30,106,211,3.516666667,3.516666667,cosmetic_fx_rain_batch,,,0,5,0,,10,,,,14,0,,,,,,,,
30,106,211,3.516666667,3.516666667,candidate_ray_emission,78,true,-2.328474877,4.2,5.954681639,12,,,,,,,,,,,,,,
30,106,211,3.516666667,3.516666667,ray_ground_hit,78,,-2.328474877,0,5.954681639,,,,,,,,,,,,,,,
30,106,211,3.516666667,3.516666667,paint_splat_write,78,,-2.328474877,0.1,5.954681639,,0.727392587,1.662216597,0.6875,11,,,,,,,,,,
30,106,212,3.533333333,3.533333333,cosmetic_fx_rain_batch,,,0,5,0,,10,,,,14,0,,,,,,,,
30,107,213,3.55,3.55,cosmetic_fx_rain_batch,,,0,5,0,,10,,,,15,0,,,,,,,,
30,107,214,3.566666667,3.566666667,cosmetic_fx_rain_batch,,,0,5,0,,10,,,,14,0,,,,,,,,
30,107,214,3.566666667,3.566666667,candidate_ray_emission,79,true,8.035297905,4.2,-1.989665076,12,,,,,,,,,,,,,,
30,107,214,3.566666667,3.566666667,ray_ground_hit,79,,8.035297905,0,-1.989665076,,,,,,,,,,,,,,,
30,107,214,3.566666667,3.566666667,paint_splat_write,79,,8.035297905,0.1,-1.989665076,,0.508126697,0.811136414,0.125,2,,,,,,,,,,
30,108,215,3.583333333,3.583333333,cosmetic_fx_rain_batch,,,0,5,0,,10,,,,14,0,,,,,,,,
30,108,216,3.6,3.6,cosmetic_fx_rain_batch,,,0,5,0,,10,,,,14,0,,,,,,,,
30,108,216,3.6,3.6,candidate_ray_emission,80,true,2.039419795,4.2,3.42507176,12,,,,,,,,,,,,,,
30,108,216,3.6,3.6,ray_ground_hit,80,,2.039419795,0,3.42507176,,,,,,,,,,,,,,,
30,108,216,3.6,3.6,paint_splat_write,80,,2.039419795,0.1,3.42507176,,0.695365169,1.519062837,1.1875,19,,,,,,,,,,
30,109,217,3.616666667,3.616666667,cosmetic_fx_rain_batch,,,0,5,0,,10,,,,14,0,,,,,,,,
30,109,218,3.633333333,3.633333333,cosmetic_fx_rain_batch,,,0,5,0,,10,,,,14,0,,,,,,,,
30,110,219,3.65,3.65,cosmetic_fx_rain_batch,,,0,5,0,,10,,,,14,0,,,,,,,,
30,110,219,3.65,3.65,candidate_ray_emission,81,true,2.858944513,4.2,-3.924377722,12,,,,,,,,,,,,,,
30,110,219,3.65,3.65,ray_ground_hit,81,,2.858944513,0,-3.924377722,,,,,,,,,,,,,,,
30,110,219,3.65,3.65,paint_splat_write,81,,2.858944513,0.1,-3.924377722,,0.718194994,1.620446213,1.0625,17,,,,,,,,,,
30,110,220,3.666666667,3.666666667,cosmetic_fx_rain_batch,,,0,5,0,,10,,,,14,0,,,,,,,,
30,111,221,3.683333333,3.683333333,cosmetic_fx_rain_batch,,,0,5,0,,10,,,,14,0,,,,,,,,
30,111,222,3.7,3.7,cosmetic_fx_rain_batch,,,0,5,0,,10,,,,14,0,,,,,,,,
30,111,222,3.7,3.7,candidate_ray_emission,82,true,-2.672620493,4.2,4.893418671,12,,,,,,,,,,,,,,
30,111,222,3.7,3.7,ray_ground_hit,82,,-2.672620493,0,4.893418671,,,,,,,,,,,,,,,
30,111,222,3.7,3.7,paint_splat_write,82,,-2.672620493,0.1,4.893418671,,0.75372196,1.784728711,1.1875,19,,,,,,,,,,
30,112,223,3.716666667,3.716666667,cosmetic_fx_rain_batch,,,0,5,0,,10,,,,14,0,,,,,,,,
30,112,224,3.733333333,3.733333333,cosmetic_fx_rain_batch,,,0,5,0,,10,,,,14,0,,,,,,,,
30,113,225,3.75,3.75,cosmetic_fx_rain_batch,,,0,5,0,,10,,,,14,0,,,,,,,,
30,113,225,3.75,3.75,candidate_ray_emission,83,true,-6.028398854,4.2,-7.582449107,12,,,,,,,,,,,,,,
30,113,225,3.75,3.75,ray_ground_hit,83,,-6.028398854,0,-7.582449107,,,,,,,,,,,,,,,
30,113,225,3.75,3.75,paint_splat_write,83,,-6.028398854,0.1,-7.582449107,,0.637747986,1.277756397,0.625,10,,,,,,,,,,
30,113,226,3.766666667,3.766666667,cosmetic_fx_rain_batch,,,0,5,0,,10,,,,15,0,,,,,,,,
30,114,227,3.783333333,3.783333333,cosmetic_fx_rain_batch,,,0,5,0,,10,,,,15,0,,,,,,,,
30,114,227,3.783333333,3.783333333,candidate_ray_emission,84,true,-9.450780602,4.2,0.302521041,12,,,,,,,,,,,,,,
30,114,227,3.783333333,3.783333333,ray_ground_hit,84,,-9.450780602,0,0.302521041,,,,,,,,,,,,,,,
30,114,227,3.783333333,3.783333333,paint_splat_write,84,,-9.450780602,0.1,0.302521041,,0.763934273,1.833419565,1.375,22,,,,,,,,,,
30,114,228,3.8,3.8,cosmetic_fx_rain_batch,,,0,5,0,,10,,,,14,0,,,,,,,,
30,115,229,3.816666667,3.816666667,cosmetic_fx_rain_batch,,,0,5,0,,10,,,,14,0,,,,,,,,
30,115,230,3.833333333,3.833333333,cosmetic_fx_rain_batch,,,0,5,0,,10,,,,15,0,,,,,,,,
30,115,230,3.833333333,3.833333333,candidate_ray_emission,85,true,2.221077449,4.2,9.133407903,12,,,,,,,,,,,,,,
30,115,230,3.833333333,3.833333333,ray_ground_hit,85,,2.221077449,0,9.133407903,,,,,,,,,,,,,,,
30,115,230,3.833333333,3.833333333,paint_splat_write,85,,2.221077449,0.1,9.133407903,,0.458613448,0.660759541,0.625,10,,,,,,,,,,
30,116,231,3.85,3.85,cosmetic_fx_rain_batch,,,0,5,0,,10,,,,14,0,,,,,,,,
30,116,232,3.866666667,3.866666667,cosmetic_fx_rain_batch,,,0,5,0,,10,,,,14,0,,,,,,,,
30,117,233,3.883333333,3.883333333,cosmetic_fx_rain_batch,,,0,5,0,,10,,,,14,0,,,,,,,,
30,117,233,3.883333333,3.883333333,candidate_ray_emission,86,true,1.644833713,4.2,-6.991880042,12,,,,,,,,,,,,,,
30,117,233,3.883333333,3.883333333,ray_ground_hit,86,,1.644833713,0,-6.991880042,,,,,,,,,,,,,,,
30,117,233,3.883333333,3.883333333,paint_splat_write,86,,1.644833713,0.1,-6.991880042,,0.712354493,1.594197811,0.9375,15,,,,,,,,,,
30,117,234,3.9,3.9,cosmetic_fx_rain_batch,,,0,5,0,,10,,,,14,0,,,,,,,,
30,118,235,3.916666667,3.916666667,cosmetic_fx_rain_batch,,,0,5,0,,10,,,,14,0,,,,,,,,
30,118,235,3.916666667,3.916666667,candidate_ray_emission,87,true,-4.642774305,4.2,-2.608779448,12,,,,,,,,,,,,,,
30,118,235,3.916666667,3.916666667,ray_ground_hit,87,,-4.642774305,0,-2.608779448,,,,,,,,,,,,,,,
30,118,235,3.916666667,3.916666667,paint_splat_write,87,,-4.642774305,0.1,-2.608779448,,0.465995498,0.682202512,0.625,10,,,,,,,,,,
30,118,236,3.933333333,3.933333333,cosmetic_fx_rain_batch,,,0,5,0,,10,,,,14,0,,,,,,,,
30,119,237,3.95,3.95,cosmetic_fx_rain_batch,,,0,5,0,,10,,,,14,0,,,,,,,,
30,119,238,3.966666667,3.966666667,cosmetic_fx_rain_batch,,,0,5,0,,10,,,,14,0,,,,,,,,
30,119,238,3.966666667,3.966666667,candidate_ray_emission,88,true,0.724414616,4.2,-4.022104257,12,,,,,,,,,,,,,,
30,119,238,3.966666667,3.966666667,ray_ground_hit,88,,0.724414616,0,-4.022104257,,,,,,,,,,,,,,,
30,119,238,3.966666667,3.966666667,paint_splat_write,88,,0.724414616,0.1,-4.022104257,,0.488920445,0.750976367,0.5625,9,,,,,,,,,,
30,120,239,3.983333333,3.983333333,cosmetic_fx_rain_batch,,,0,5,0,,10,,,,14,0,,,,,,,,
30,120,240,4,4,cosmetic_fx_rain_batch,,,0,5,0,,10,,,,14,0,,,,,,,,
30,121,241,4.016666667,4.016666667,cosmetic_fx_rain_batch,,,0,5,0,,10,,,,14,0,,,,,,,,
30,121,241,4.016666667,4.016666667,candidate_ray_emission,89,true,7.791123534,4.2,0.997255383,12,,,,,,,,,,,,,,
30,121,241,4.016666667,4.016666667,ray_ground_hit,89,,7.791123534,0,0.997255383,,,,,,,,,,,,,,,
30,121,241,4.016666667,4.016666667,paint_splat_write,89,,7.791123534,0.1,0.997255383,,0.627341433,1.236396641,0.875,14,,,,,,,,,,
30,121,242,4.033333333,4.033333333,cosmetic_fx_rain_batch,,,0,5,0,,10,,,,14,0,,,,,,,,
30,122,243,4.05,4.05,cosmetic_fx_rain_batch,,,0,5,0,,10,,,,14,0,,,,,,,,
30,122,243,4.05,4.05,candidate_ray_emission,90,true,-6.758665195,4.2,-0.768290159,12,,,,,,,,,,,,,,
30,122,243,4.05,4.05,ray_ground_hit,90,,-6.758665195,0,-0.768290159,,,,,,,,,,,,,,,
30,122,243,4.05,4.05,paint_splat_write,90,,-6.758665195,0.1,-0.768290159,,0.707178827,1.571116434,0.125,2,,,,,,,,,,
30,122,244,4.066666667,4.066666667,cosmetic_fx_rain_batch,,,0,5,0,,10,,,,14,0,,,,,,,,
30,123,245,4.083333333,4.083333333,cosmetic_fx_rain_batch,,,0,5,0,,10,,,,14,0,,,,,,,,
30,123,246,4.1,4.1,cosmetic_fx_rain_batch,,,0,5,0,,10,,,,15,0,,,,,,,,
30,123,246,4.1,4.1,candidate_ray_emission,91,true,-0.523280979,4.2,-5.750768021,12,,,,,,,,,,,,,,
30,123,246,4.1,4.1,ray_ground_hit,91,,-0.523280979,0,-5.750768021,,,,,,,,,,,,,,,
30,123,246,4.1,4.1,paint_splat_write,91,,-0.523280979,0.1,-5.750768021,,0.555494753,0.969415133,0.625,10,,,,,,,,,,
30,124,247,4.116666667,4.116666667,cosmetic_fx_rain_batch,,,0,5,0,,10,,,,14,0,,,,,,,,
30,124,248,4.133333333,4.133333333,cosmetic_fx_rain_batch,,,0,5,0,,10,,,,15,0,,,,,,,,
30,125,249,4.15,4.15,cosmetic_fx_rain_batch,,,0,5,0,,10,,,,14,0,,,,,,,,
30,125,249,4.15,4.15,candidate_ray_emission,92,true,1.888617984,4.2,-9.559705761,12,,,,,,,,,,,,,,
30,125,249,4.15,4.15,ray_ground_hit,92,,1.888617984,0,-9.559705761,,,,,,,,,,,,,,,
30,125,249,4.15,4.15,paint_splat_write,92,,1.888617984,0.1,-9.559705761,,0.731026813,1.678867748,1.5625,25,,,,,,,,,,
30,125,250,4.166666667,4.166666667,cosmetic_fx_rain_batch,,,0,5,0,,10,,,,14,0,,,,,,,,
30,126,251,4.183333333,4.183333333,cosmetic_fx_rain_batch,,,0,5,0,,10,,,,14,0,,,,,,,,
30,126,252,4.2,4.2,cosmetic_fx_rain_batch,,,0,5,0,,10,,,,14,0,,,,,,,,
30,126,252,4.2,4.2,candidate_ray_emission,93,true,2.867890784,4.2,6.218333237,12,,,,,,,,,,,,,,
30,126,252,4.2,4.2,ray_ground_hit,93,,2.867890784,0,6.218333237,,,,,,,,,,,,,,,
30,126,252,4.2,4.2,paint_splat_write,93,,2.867890784,0.1,6.218333237,,0.718082064,1.61993665,1.375,22,,,,,,,,,,
30,127,253,4.216666667,4.216666667,cosmetic_fx_rain_batch,,,0,5,0,,10,,,,14,0,,,,,,,,
30,127,254,4.233333333,4.233333333,cosmetic_fx_rain_batch,,,0,5,0,,10,,,,14,0,,,,,,,,
30,127,254,4.233333333,4.233333333,candidate_ray_emission,94,true,6.340195504,4.2,-6.152980276,12,,,,,,,,,,,,,,
30,127,254,4.233333333,4.233333333,ray_ground_hit,94,,6.340195504,0,-6.152980276,,,,,,,,,,,,,,,
30,127,254,4.233333333,4.233333333,paint_splat_write,94,,6.340195504,0.1,-6.152980276,,0.601796548,1.137756321,1.0625,17,,,,,,,,,,
30,128,255,4.25,4.25,cosmetic_fx_rain_batch,,,0,5,0,,10,,,,14,0,,,,,,,,
30,128,256,4.266666667,4.266666667,cosmetic_fx_rain_batch,,,0,5,0,,10,,,,15,0,,,,,,,,
30,129,257,4.283333333,4.283333333,cosmetic_fx_rain_batch,,,0,5,0,,10,,,,14,0,,,,,,,,
30,129,257,4.283333333,4.283333333,candidate_ray_emission,95,true,-7.509867746,4.2,6.316412195,12,,,,,,,,,,,,,,
30,129,257,4.283333333,4.283333333,ray_ground_hit,95,,-7.509867746,0,6.316412195,,,,,,,,,,,,,,,
30,129,257,4.283333333,4.283333333,paint_splat_write,95,,-7.509867746,0.1,6.316412195,,0.591242974,1.098201059,1.0625,17,,,,,,,,,,
30,129,258,4.3,4.3,cosmetic_fx_rain_batch,,,0,5,0,,10,,,,14,0,,,,,,,,
30,130,259,4.316666667,4.316666667,cosmetic_fx_rain_batch,,,0,5,0,,10,,,,14,0,,,,,,,,
30,130,260,4.333333333,4.333333333,cosmetic_fx_rain_batch,,,0,5,0,,10,,,,14,0,,,,,,,,
30,130,260,4.333333333,4.333333333,candidate_ray_emission,96,true,9.605058741,4.2,2.355053179,12,,,,,,,,,,,,,,
30,130,260,4.333333333,4.333333333,ray_ground_hit,96,,9.605058741,0,2.355053179,,,,,,,,,,,,,,,
30,130,260,4.333333333,4.333333333,paint_splat_write,96,,9.605058741,0.1,2.355053179,,0.788700593,1.954223393,1.625,26,,,,,,,,,,
30,131,261,4.35,4.35,cosmetic_fx_rain_batch,,,0,5,0,,10,,,,14,0,,,,,,,,
30,131,262,4.366666667,4.366666667,cosmetic_fx_rain_batch,,,0,5,0,,10,,,,14,0,,,,,,,,
30,131,262,4.366666667,4.366666667,candidate_ray_emission,97,true,7.63352747,4.2,6.108330115,12,,,,,,,,,,,,,,
30,131,262,4.366666667,4.366666667,ray_ground_hit,97,,7.63352747,0,6.108330115,,,,,,,,,,,,,,,
30,131,262,4.366666667,4.366666667,paint_splat_write,97,,7.63352747,0.1,6.108330115,,0.685092261,1.474510931,1.5625,25,,,,,,,,,,
30,132,263,4.383333333,4.383333333,cosmetic_fx_rain_batch,,,0,5,0,,10,,,,14,0,,,,,,,,
30,132,264,4.4,4.4,cosmetic_fx_rain_batch,,,0,5,0,,10,,,,14,0,,,,,,,,
30,133,265,4.416666667,4.416666667,cosmetic_fx_rain_batch,,,0,5,0,,10,,,,14,0,,,,,,,,
30,133,265,4.416666667,4.416666667,candidate_ray_emission,98,true,-5.330077748,4.2,-0.567527741,12,,,,,,,,,,,,,,
30,133,265,4.416666667,4.416666667,ray_ground_hit,98,,-5.330077748,0,-0.567527741,,,,,,,,,,,,,,,
30,133,265,4.416666667,4.416666667,paint_splat_write,98,,-5.330077748,0.1,-0.567527741,,0.529049613,0.87931134,0.125,2,,,,,,,,,,
30,133,266,4.433333333,4.433333333,cosmetic_fx_rain_batch,,,0,5,0,,10,,,,15,0,,,,,,,,
30,134,267,4.45,4.45,cosmetic_fx_rain_batch,,,0,5,0,,10,,,,14,0,,,,,,,,
30,134,268,4.466666667,4.466666667,cosmetic_fx_rain_batch,,,0,5,0,,10,,,,14,0,,,,,,,,
30,134,268,4.466666667,4.466666667,candidate_ray_emission,99,true,6.009669809,4.2,-5.436303772,12,,,,,,,,,,,,,,
30,134,268,4.466666667,4.466666667,ray_ground_hit,99,,6.009669809,0,-5.436303772,,,,,,,,,,,,,,,
30,134,268,4.466666667,4.466666667,paint_splat_write,99,,6.009669809,0.1,-5.436303772,,0.514047448,0.830149455,0.5625,9,,,,,,,,,,
30,135,269,4.483333333,4.483333333,cosmetic_fx_rain_batch,,,0,5,0,,10,,,,14,0,,,,,,,,
30,135,270,4.5,4.5,cosmetic_fx_rain_batch,,,0,5,0,,10,,,,14,0,,,,,,,,
30,135,270,4.5,4.5,candidate_ray_emission,100,true,-6.550910961,4.2,0.6542855,12,,,,,,,,,,,,,,
30,135,270,4.5,4.5,ray_ground_hit,100,,-6.550910961,0,0.6542855,,,,,,,,,,,,,,,
30,135,270,4.5,4.5,paint_splat_write,100,,-6.550910961,0.1,0.6542855,,0.751220341,1.772901265,1.375,22,,,,,,,,,,
30,136,271,4.516666667,4.516666667,cosmetic_fx_rain_batch,,,0,5,0,,10,,,,14,0,,,,,,,,
30,136,272,4.533333333,4.533333333,cosmetic_fx_rain_batch,,,0,5,0,,10,,,,14,0,,,,,,,,
30,137,273,4.55,4.55,cosmetic_fx_rain_batch,,,0,5,0,,10,,,,14,0,,,,,,,,
30,137,273,4.55,4.55,candidate_ray_emission,101,true,-0.440052341,4.2,3.824666806,12,,,,,,,,,,,,,,
30,137,273,4.55,4.55,ray_ground_hit,101,,-0.440052341,0,3.824666806,,,,,,,,,,,,,,,
30,137,273,4.55,4.55,paint_splat_write,101,,-0.440052341,0.1,3.824666806,,0.57070394,1.023226113,0.875,14,,,,,,,,,,
30,137,274,4.566666667,4.566666667,cosmetic_fx_rain_batch,,,0,5,0,,10,,,,15,0,,,,,,,,
30,138,275,4.583333333,4.583333333,cosmetic_fx_rain_batch,,,0,5,0,,10,,,,14,0,,,,,,,,
30,138,276,4.6,4.6,cosmetic_fx_rain_batch,,,0,5,0,,10,,,,14,0,,,,,,,,
30,138,276,4.6,4.6,candidate_ray_emission,102,true,6.632120951,4.2,-4.793240797,12,,,,,,,,,,,,,,
30,138,276,4.6,4.6,ray_ground_hit,102,,6.632120951,0,-4.793240797,,,,,,,,,,,,,,,
30,138,276,4.6,4.6,paint_splat_write,102,,6.632120951,0.1,-4.793240797,,0.719576412,1.626685927,0.4375,7,,,,,,,,,,
30,139,277,4.616666667,4.616666667,cosmetic_fx_rain_batch,,,0,5,0,,10,,,,14,0,,,,,,,,
30,139,278,4.633333333,4.633333333,cosmetic_fx_rain_batch,,,0,5,0,,10,,,,14,0,,,,,,,,
30,140,279,4.65,4.65,cosmetic_fx_rain_batch,,,0,5,0,,10,,,,14,0,,,,,,,,
30,140,279,4.65,4.65,candidate_ray_emission,103,true,2.80225615,4.2,9.512335755,12,,,,,,,,,,,,,,
30,140,279,4.65,4.65,ray_ground_hit,103,,2.80225615,0,9.512335755,,,,,,,,,,,,,,,
30,140,279,4.65,4.65,paint_splat_write,103,,2.80225615,0.1,9.512335755,,0.755482937,1.793078044,1.5,24,,,,,,,,,,
30,140,280,4.666666667,4.666666667,cosmetic_fx_rain_batch,,,0,5,0,,10,,,,14,0,,,,,,,,
30,141,281,4.683333333,4.683333333,cosmetic_fx_rain_batch,,,0,5,0,,10,,,,14,0,,,,,,,,
30,141,281,4.683333333,4.683333333,candidate_ray_emission,104,true,1.340457954,4.2,6.96334806,12,,,,,,,,,,,,,,
30,141,281,4.683333333,4.683333333,ray_ground_hit,104,,1.340457954,0,6.96334806,,,,,,,,,,,,,,,
30,141,281,4.683333333,4.683333333,paint_splat_write,104,,1.340457954,0.1,6.96334806,,0.690543784,1.498070709,1.4375,23,,,,,,,,,,
30,141,282,4.7,4.7,cosmetic_fx_rain_batch,,,0,5,0,,10,,,,14,0,,,,,,,,
30,142,283,4.716666667,4.716666667,cosmetic_fx_rain_batch,,,0,5,0,,10,,,,14,0,,,,,,,,
30,142,284,4.733333333,4.733333333,cosmetic_fx_rain_batch,,,0,5,0,,10,,,,14,0,,,,,,,,
30,142,284,4.733333333,4.733333333,candidate_ray_emission,105,true,6.901553276,4.2,6.597183514,12,,,,,,,,,,,,,,
30,142,284,4.733333333,4.733333333,ray_ground_hit,105,,6.901553276,0,6.597183514,,,,,,,,,,,,,,,
30,142,284,4.733333333,4.733333333,paint_splat_write,105,,6.901553276,0.1,6.597183514,,0.749006999,1.762469559,1.3125,21,,,,,,,,,,
30,143,285,4.75,4.75,cosmetic_fx_rain_batch,,,0,5,0,,10,,,,14,0,,,,,,,,
30,143,286,4.766666667,4.766666667,cosmetic_fx_rain_batch,,,0,5,0,,10,,,,14,0,,,,,,,,
30,144,287,4.783333333,4.783333333,cosmetic_fx_rain_batch,,,0,5,0,,10,,,,14,0,,,,,,,,
30,144,287,4.783333333,4.783333333,candidate_ray_emission,106,true,-8.630021794,4.2,2.628830031,12,,,,,,,,,,,,,,
30,144,287,4.783333333,4.783333333,ray_ground_hit,106,,-8.630021794,0,2.628830031,,,,,,,,,,,,,,,
30,144,287,4.783333333,4.783333333,paint_splat_write,106,,-8.630021794,0.1,2.628830031,,0.575929181,1.042048759,0.9375,15,,,,,,,,,,
30,144,288,4.8,4.8,cosmetic_fx_rain_batch,,,0,5,0,,10,,,,14,0,,,,,,,,
30,145,289,4.816666667,4.816666667,cosmetic_fx_rain_batch,,,0,5,0,,10,,,,14,0,,,,,,,,
30,145,289,4.816666667,4.816666667,candidate_ray_emission,107,true,-4.306308237,4.2,8.610008041,12,,,,,,,,,,,,,,
30,145,289,4.816666667,4.816666667,ray_ground_hit,107,,-4.306308237,0,8.610008041,,,,,,,,,,,,,,,
30,145,289,4.816666667,4.816666667,paint_splat_write,107,,-4.306308237,0.1,8.610008041,,0.474729942,0.708016079,0.5625,9,,,,,,,,,,
30,145,290,4.833333333,4.833333333,cosmetic_fx_rain_batch,,,0,5,0,,10,,,,14,0,,,,,,,,
30,146,291,4.85,4.85,cosmetic_fx_rain_batch,,,0,5,0,,10,,,,14,0,,,,,,,,
30,146,292,4.866666667,4.866666667,cosmetic_fx_rain_batch,,,0,5,0,,10,,,,14,0,,,,,,,,
30,146,292,4.866666667,4.866666667,candidate_ray_emission,108,true,-2.771956114,4.2,-2.08263351,12,,,,,,,,,,,,,,
30,146,292,4.866666667,4.866666667,ray_ground_hit,108,,-2.771956114,0,-2.08263351,,,,,,,,,,,,,,,
30,146,292,4.866666667,4.866666667,paint_splat_write,108,,-2.771956114,0.1,-2.08263351,,0.554789302,0.966954478,0.9375,15,,,,,,,,,,
30,147,293,4.883333333,4.883333333,cosmetic_fx_rain_batch,,,0,5,0,,10,,,,14,0,,,,,,,,
30,147,294,4.9,4.9,cosmetic_fx_rain_batch,,,0,5,0,,10,,,,14,0,,,,,,,,
30,148,295,4.916666667,4.916666667,cosmetic_fx_rain_batch,,,0,5,0,,10,,,,14,0,,,,,,,,
30,148,295,4.916666667,4.916666667,candidate_ray_emission,109,true,-8.705277834,4.2,-4.149474286,12,,,,,,,,,,,,,,
30,148,295,4.916666667,4.916666667,ray_ground_hit,109,,-8.705277834,0,-4.149474286,,,,,,,,,,,,,,,
30,148,295,4.916666667,4.916666667,paint_splat_write,109,,-8.705277834,0.1,-4.149474286,,0.691984006,1.504326084,1.375,22,,,,,,,,,,
30,148,296,4.933333333,4.933333333,cosmetic_fx_rain_batch,,,0,5,0,,10,,,,15,0,,,,,,,,
30,149,297,4.95,4.95,cosmetic_fx_rain_batch,,,0,5,0,,10,,,,14,0,,,,,,,,
30,149,297,4.95,4.95,candidate_ray_emission,110,true,4.73735547,4.2,0.292710711,12,,,,,,,,,,,,,,
30,149,297,4.95,4.95,ray_ground_hit,110,,4.73735547,0,0.292710711,,,,,,,,,,,,,,,
30,149,297,4.95,4.95,paint_splat_write,110,,4.73735547,0.1,0.292710711,,0.512242854,0.824331108,0.6875,11,,,,,,,,,,
30,149,298,4.966666667,4.966666667,cosmetic_fx_rain_batch,,,0,5,0,,10,,,,14,0,,,,,,,,
30,150,299,4.983333333,4.983333333,cosmetic_fx_rain_batch,,,0,5,0,,10,,,,14,0,,,,,,,,
30,150,300,5,5,cosmetic_fx_rain_batch,,,0,5,0,,10,,,,14,0,,,,,,,,
30,150,300,5,5,candidate_ray_emission,111,true,1.685498606,4.2,4.892326636,12,,,,,,,,,,,,,,
30,150,300,5,5,ray_ground_hit,111,,1.685498606,0,4.892326636,,,,,,,,,,,,,,,
30,150,300,5,5,paint_splat_write,111,,1.685498606,0.1,4.892326636,,0.500548848,0.787123368,0.25,4,,,,,,,,,,
30,151,301,5.016666667,5.016666667,cosmetic_fx_rain_batch,,,0,5,0,,10,,,,14,0,,,,,,,,
30,151,302,5.033333333,5.033333333,cosmetic_fx_rain_batch,,,0,5,0,,10,,,,14,0,,,,,,,,
30,152,303,5.05,5.05,cosmetic_fx_rain_batch,,,0,5,0,,10,,,,14,0,,,,,,,,
30,152,303,5.05,5.05,candidate_ray_emission,112,true,-3.907101834,4.2,-9.101252634,12,,,,,,,,,,,,,,
30,152,303,5.05,5.05,ray_ground_hit,112,,-3.907101834,0,-9.101252634,,,,,,,,,,,,,,,
30,152,303,5.05,5.05,paint_splat_write,112,,-3.907101834,0.1,-9.101252634,,0.519359921,0.847396638,0.9375,15,,,,,,,,,,
30,152,304,5.066666667,5.066666667,cosmetic_fx_rain_batch,,,0,5,0,,10,,,,14,0,,,,,,,,
30,153,305,5.083333333,5.083333333,cosmetic_fx_rain_batch,,,0,5,0,,10,,,,15,0,,,,,,,,
30,153,306,5.1,5.1,cosmetic_fx_rain_batch,,,0,5,0,,10,,,,14,0,,,,,,,,
30,153,306,5.1,5.1,candidate_ray_emission,113,true,9.130005054,4.2,-2.66775513,12,,,,,,,,,,,,,,
30,153,306,5.1,5.1,ray_ground_hit,113,,9.130005054,0,-2.66775513,,,,,,,,,,,,,,,
30,153,306,5.1,5.1,paint_splat_write,113,,9.130005054,0.1,-2.66775513,,0.762908712,1.828500237,1.8125,29,,,,,,,,,,
30,154,307,5.116666667,5.116666667,cosmetic_fx_rain_batch,,,0,5,0,,10,,,,14,0,,,,,,,,
30,154,308,5.133333333,5.133333333,cosmetic_fx_rain_batch,,,0,5,0,,10,,,,15,0,,,,,,,,
30,154,308,5.133333333,5.133333333,candidate_ray_emission,114,true,-3.97365813,4.2,2.676014371,12,,,,,,,,,,,,,,
30,154,308,5.133333333,5.133333333,ray_ground_hit,114,,-3.97365813,0,2.676014371,,,,,,,,,,,,,,,
30,154,308,5.133333333,5.133333333,paint_splat_write,114,,-3.97365813,0.1,2.676014371,,0.619043227,1.203903913,1.3125,21,,,,,,,,,,
30,155,309,5.15,5.15,cosmetic_fx_rain_batch,,,0,5,0,,10,,,,14,0,,,,,,,,
30,155,310,5.166666667,5.166666667,cosmetic_fx_rain_batch,,,0,5,0,,10,,,,14,0,,,,,,,,
30,156,311,5.183333333,5.183333333,cosmetic_fx_rain_batch,,,0,5,0,,10,,,,14,0,,,,,,,,
30,156,311,5.183333333,5.183333333,candidate_ray_emission,115,true,4.506714503,4.2,8.763345387,12,,,,,,,,,,,,,,
30,156,311,5.183333333,5.183333333,ray_ground_hit,115,,4.506714503,0,8.763345387,,,,,,,,,,,,,,,
30,156,311,5.183333333,5.183333333,paint_splat_write,115,,4.506714503,0.1,8.763345387,,0.601439448,1.136406457,0.625,10,,,,,,,,,,
30,156,312,5.2,5.2,cosmetic_fx_rain_batch,,,0,5,0,,10,,,,14,0,,,,,,,,
30,157,313,5.216666667,5.216666667,cosmetic_fx_rain_batch,,,0,5,0,,10,,,,14,0,,,,,,,,
30,157,314,5.233333333,5.233333333,cosmetic_fx_rain_batch,,,0,5,0,,10,,,,14,0,,,,,,,,
30,157,314,5.233333333,5.233333333,candidate_ray_emission,116,true,4.568502227,4.2,6.990619152,12,,,,,,,,,,,,,,
30,157,314,5.233333333,5.233333333,ray_ground_hit,116,,4.568502227,0,6.990619152,,,,,,,,,,,,,,,
30,157,314,5.233333333,5.233333333,paint_splat_write,116,,4.568502227,0.1,6.990619152,,0.613040811,1.180670322,0.3125,5,,,,,,,,,,
30,158,315,5.25,5.25,cosmetic_fx_rain_batch,,,0,5,0,,10,,,,14,0,,,,,,,,
30,158,316,5.266666667,5.266666667,cosmetic_fx_rain_batch,,,0,5,0,,10,,,,14,0,,,,,,,,
30,158,316,5.266666667,5.266666667,candidate_ray_emission,117,true,-4.946347774,4.2,-8.462550813,12,,,,,,,,,,,,,,
30,158,316,5.266666667,5.266666667,ray_ground_hit,117,,-4.946347774,0,-8.462550813,,,,,,,,,,,,,,,
30,158,316,5.266666667,5.266666667,paint_splat_write,117,,-4.946347774,0.1,-8.462550813,,0.516287845,0.837401381,0,0,,,,,,,,,,
30,159,317,5.283333333,5.283333333,cosmetic_fx_rain_batch,,,0,5,0,,10,,,,15,0,,,,,,,,
30,159,318,5.3,5.3,cosmetic_fx_rain_batch,,,0,5,0,,10,,,,14,0,,,,,,,,
30,160,319,5.316666667,5.316666667,cosmetic_fx_rain_batch,,,0,5,0,,10,,,,14,0,,,,,,,,
30,160,319,5.316666667,5.316666667,candidate_ray_emission,118,true,6.39489033,4.2,6.213204908,12,,,,,,,,,,,,,,
30,160,319,5.316666667,5.316666667,ray_ground_hit,118,,6.39489033,0,6.213204908,,,,,,,,,,,,,,,
30,160,319,5.316666667,5.316666667,paint_splat_write,118,,6.39489033,0.1,6.213204908,,0.759562869,1.812497122,0.875,14,,,,,,,,,,
30,160,320,5.333333333,5.333333333,cosmetic_fx_rain_batch,,,0,5,0,,10,,,,14,0,,,,,,,,
30,161,321,5.35,5.35,cosmetic_fx_rain_batch,,,0,5,0,,10,,,,14,0,,,,,,,,
30,161,322,5.366666667,5.366666667,cosmetic_fx_rain_batch,,,0,5,0,,10,,,,14,0,,,,,,,,
30,161,322,5.366666667,5.366666667,candidate_ray_emission,119,true,1.452487709,4.2,-1.175115035,12,,,,,,,,,,,,,,
30,161,322,5.366666667,5.366666667,ray_ground_hit,119,,1.452487709,0,-1.175115035,,,,,,,,,,,,,,,
30,161,322,5.366666667,5.366666667,paint_splat_write,119,,1.452487709,0.1,-1.175115035,,0.646277838,1.31216485,1.25,20,,,,,,,,,,
30,162,323,5.383333333,5.383333333,cosmetic_fx_rain_batch,,,0,5,0,,10,,,,15,0,,,,,,,,
30,162,324,5.4,5.4,cosmetic_fx_rain_batch,,,0,5,0,,10,,,,14,0,,,,,,,,
30,162,324,5.4,5.4,candidate_ray_emission,120,true,5.081598115,4.2,-2.937417509,12,,,,,,,,,,,,,,
30,162,324,5.4,5.4,ray_ground_hit,120,,5.081598115,0,-2.937417509,,,,,,,,,,,,,,,
30,162,324,5.4,5.4,paint_splat_write,120,,5.081598115,0.1,-2.937417509,,0.568101139,1.01391417,0.625,10,,,,,,,,,,
30,163,325,5.416666667,5.416666667,cosmetic_fx_rain_batch,,,0,5,0,,10,,,,14,0,,,,,,,,
30,163,326,5.433333333,5.433333333,cosmetic_fx_rain_batch,,,0,5,0,,10,,,,14,0,,,,,,,,
30,164,327,5.45,5.45,cosmetic_fx_rain_batch,,,0,5,0,,10,,,,15,0,,,,,,,,
30,164,327,5.45,5.45,candidate_ray_emission,121,true,-5.199150387,4.2,-6.163142921,12,,,,,,,,,,,,,,
30,164,327,5.45,5.45,ray_ground_hit,121,,-5.199150387,0,-6.163142921,,,,,,,,,,,,,,,
30,164,327,5.45,5.45,paint_splat_write,121,,-5.199150387,0.1,-6.163142921,,0.759168481,1.810615402,1.3125,21,,,,,,,,,,
30,164,328,5.466666667,5.466666667,cosmetic_fx_rain_batch,,,0,5,0,,10,,,,14,0,,,,,,,,
30,165,329,5.483333333,5.483333333,cosmetic_fx_rain_batch,,,0,5,0,,10,,,,14,0,,,,,,,,
30,165,330,5.5,5.5,cosmetic_fx_rain_batch,,,0,5,0,,10,,,,14,0,,,,,,,,
30,165,330,5.5,5.5,candidate_ray_emission,122,true,-3.636251838,4.2,-8.556476515,12,,,,,,,,,,,,,,
30,165,330,5.5,5.5,ray_ground_hit,122,,-3.636251838,0,-8.556476515,,,,,,,,,,,,,,,
30,165,330,5.5,5.5,paint_splat_write,122,,-3.636251838,0.1,-8.556476515,,0.571225515,1.025097252,0.75,12,,,,,,,,,,
30,166,331,5.516666667,5.516666667,cosmetic_fx_rain_batch,,,0,5,0,,10,,,,14,0,,,,,,,,
30,166,332,5.533333333,5.533333333,cosmetic_fx_rain_batch,,,0,5,0,,10,,,,14,0,,,,,,,,
30,167,333,5.55,5.55,cosmetic_fx_rain_batch,,,0,5,0,,10,,,,15,0,,,,,,,,
30,167,333,5.55,5.55,candidate_ray_emission,123,true,1.647369862,4.2,8.301776826,12,,,,,,,,,,,,,,
30,167,333,5.55,5.55,ray_ground_hit,123,,1.647369862,0,8.301776826,,,,,,,,,,,,,,,
30,167,333,5.55,5.55,paint_splat_write,123,,1.647369862,0.1,8.301776826,,0.512441982,0.824972132,0.8125,13,,,,,,,,,,
30,167,334,5.566666667,5.566666667,cosmetic_fx_rain_batch,,,0,5,0,,10,,,,14,0,,,,,,,,
30,168,335,5.583333333,5.583333333,cosmetic_fx_rain_batch,,,0,5,0,,10,,,,14,0,,,,,,,,
30,168,335,5.583333333,5.583333333,candidate_ray_emission,124,true,5.418026641,4.2,6.746330729,12,,,,,,,,,,,,,,
30,168,335,5.583333333,5.583333333,ray_ground_hit,124,,5.418026641,0,6.746330729,,,,,,,,,,,,,,,
30,168,335,5.583333333,5.583333333,paint_splat_write,124,,5.418026641,0.1,6.746330729,,0.48158581,0.728613537,0.5,8,,,,,,,,,,
30,168,336,5.6,5.6,cosmetic_fx_rain_batch,,,0,5,0,,10,,,,14,0,,,,,,,,
30,169,337,5.616666667,5.616666667,cosmetic_fx_rain_batch,,,0,5,0,,10,,,,14,0,,,,,,,,
30,169,338,5.633333333,5.633333333,cosmetic_fx_rain_batch,,,0,5,0,,10,,,,14,0,,,,,,,,
30,169,338,5.633333333,5.633333333,candidate_ray_emission,125,true,7.32046509,4.2,-0.615471033,12,,,,,,,,,,,,,,
30,169,338,5.633333333,5.633333333,ray_ground_hit,125,,7.32046509,0,-0.615471033,,,,,,,,,,,,,,,
30,169,338,5.633333333,5.633333333,paint_splat_write,125,,7.32046509,0.1,-0.615471033,,0.613215407,1.181342934,1.25,20,,,,,,,,,,
30,170,339,5.65,5.65,cosmetic_fx_rain_batch,,,0,5,0,,10,,,,15,0,,,,,,,,
30,170,340,5.666666667,5.666666667,cosmetic_fx_rain_batch,,,0,5,0,,10,,,,14,0,,,,,,,,
30,171,341,5.683333333,5.683333333,cosmetic_fx_rain_batch,,,0,5,0,,10,,,,14,0,,,,,,,,
30,171,341,5.683333333,5.683333333,candidate_ray_emission,126,true,-4.515864837,4.2,-8.438260741,12,,,,,,,,,,,,,,
30,171,341,5.683333333,5.683333333,ray_ground_hit,126,,-4.515864837,0,-8.438260741,,,,,,,,,,,,,,,
30,171,341,5.683333333,5.683333333,paint_splat_write,126,,-4.515864837,0.1,-8.438260741,,0.643649873,1.301515211,0,0,,,,,,,,,,
30,171,342,5.7,5.7,cosmetic_fx_rain_batch,,,0,5,0,,10,,,,14,0,,,,,,,,
30,172,343,5.716666667,5.716666667,cosmetic_fx_rain_batch,,,0,5,0,,10,,,,14,0,,,,,,,,
30,172,343,5.716666667,5.716666667,candidate_ray_emission,127,true,-3.203621026,4.2,-5.643157531,12,,,,,,,,,,,,,,
30,172,343,5.716666667,5.716666667,ray_ground_hit,127,,-3.203621026,0,-5.643157531,,,,,,,,,,,,,,,
30,172,343,5.716666667,5.716666667,paint_splat_write,127,,-3.203621026,0.1,-5.643157531,,0.529327309,0.880234677,0.4375,7,,,,,,,,,,
30,172,344,5.733333333,5.733333333,cosmetic_fx_rain_batch,,,0,5,0,,10,,,,14,0,,,,,,,,
30,173,345,5.75,5.75,cosmetic_fx_rain_batch,,,0,5,0,,10,,,,14,0,,,,,,,,
30,173,346,5.766666667,5.766666667,cosmetic_fx_rain_batch,,,0,5,0,,10,,,,14,0,,,,,,,,
30,173,346,5.766666667,5.766666667,candidate_ray_emission,128,true,6.354400521,4.2,5.759749265,12,,,,,,,,,,,,,,
30,173,346,5.766666667,5.766666667,ray_ground_hit,128,,6.354400521,0,5.759749265,,,,,,,,,,,,,,,
30,173,346,5.766666667,5.766666667,paint_splat_write,128,,6.354400521,0.1,5.759749265,,0.776492749,1.894194982,0.625,10,,,,,,,,,,
30,174,347,5.783333333,5.783333333,cosmetic_fx_rain_batch,,,0,5,0,,10,,,,14,0,,,,,,,,
30,174,348,5.8,5.8,cosmetic_fx_rain_batch,,,0,5,0,,10,,,,14,0,,,,,,,,
30,175,349,5.816666667,5.816666667,cosmetic_fx_rain_batch,,,0,5,0,,10,,,,14,0,,,,,,,,
30,175,349,5.816666667,5.816666667,candidate_ray_emission,129,true,-4.917313629,4.2,0.489232368,12,,,,,,,,,,,,,,
30,175,349,5.816666667,5.816666667,ray_ground_hit,129,,-4.917313629,0,0.489232368,,,,,,,,,,,,,,,
30,175,349,5.816666667,5.816666667,paint_splat_write,129,,-4.917313629,0.1,0.489232368,,0.774738052,1.885643755,1.8125,29,,,,,,,,,,
30,175,350,5.833333333,5.833333333,cosmetic_fx_rain_batch,,,0,5,0,,10,,,,14,0,,,,,,,,
30,176,351,5.85,5.85,cosmetic_fx_rain_batch,,,0,5,0,,10,,,,14,0,,,,,,,,
30,176,351,5.85,5.85,candidate_ray_emission,130,true,-8.145830956,4.2,3.104338573,12,,,,,,,,,,,,,,
30,176,351,5.85,5.85,ray_ground_hit,130,,-8.145830956,0,3.104338573,,,,,,,,,,,,,,,
30,176,351,5.85,5.85,paint_splat_write,130,,-8.145830956,0.1,3.104338573,,0.763295464,1.830354603,1.0625,17,,,,,,,,,,
30,176,352,5.866666667,5.866666667,cosmetic_fx_rain_batch,,,0,5,0,,10,,,,15,0,,,,,,,,
30,177,353,5.883333333,5.883333333,cosmetic_fx_rain_batch,,,0,5,0,,10,,,,14,0,,,,,,,,
30,177,354,5.9,5.9,cosmetic_fx_rain_batch,,,0,5,0,,10,,,,14,0,,,,,,,,
30,177,354,5.9,5.9,candidate_ray_emission,131,true,-1.359295246,4.2,-6.079287209,12,,,,,,,,,,,,,,
30,177,354,5.9,5.9,ray_ground_hit,131,,-1.359295246,0,-6.079287209,,,,,,,,,,,,,,,
30,177,354,5.9,5.9,paint_splat_write,131,,-1.359295246,0.1,-6.079287209,,0.721947903,1.637425658,1.3125,21,,,,,,,,,,
30,178,355,5.916666667,5.916666667,cosmetic_fx_rain_batch,,,0,5,0,,10,,,,14,0,,,,,,,,
30,178,356,5.933333333,5.933333333,cosmetic_fx_rain_batch,,,0,5,0,,10,,,,14,0,,,,,,,,
30,179,357,5.95,5.95,cosmetic_fx_rain_batch,,,0,5,0,,10,,,,14,0,,,,,,,,
30,179,357,5.95,5.95,candidate_ray_emission,132,true,0.281909884,4.2,7.830907332,12,,,,,,,,,,,,,,
30,179,357,5.95,5.95,ray_ground_hit,132,,0.281909884,0,7.830907332,,,,,,,,,,,,,,,
30,179,357,5.95,5.95,paint_splat_write,132,,0.281909884,0.1,7.830907332,,0.747711417,1.756377627,1.625,26,,,,,,,,,,
30,179,358,5.966666667,5.966666667,cosmetic_fx_rain_batch,,,0,5,0,,10,,,,15,0,,,,,,,,
30,180,359,5.983333333,5.983333333,cosmetic_fx_rain_batch,,,0,5,0,,10,,,,15,0,,,,,,,,
30,180,360,6,6,cosmetic_fx_rain_batch,,,0,5,0,,10,,,,14,0,,,,,,,,
30,180,360,6,6,candidate_ray_emission,133,true,5.846195177,4.2,2.614152235,12,,,,,,,,,,,,,,
30,180,360,6,6,ray_ground_hit,133,,5.846195177,0,2.614152235,,,,,,,,,,,,,,,
30,180,360,6,6,paint_splat_write,133,,5.846195177,0.1,2.614152235,,0.758156038,1.805789272,1.875,30,,,,,,,,,,
30,181,361,6.016666667,6.016666667,cosmetic_fx_rain_batch,,,0,5,0,,10,,,,14,0,,,,,,,,
30,181,362,6.033333333,6.033333333,cosmetic_fx_rain_batch,,,0,5,0,,10,,,,14,0,,,,,,,,
30,181,362,6.033333333,6.033333333,candidate_ray_emission,134,true,-1.776689807,4.2,-2.555153318,12,,,,,,,,,,,,,,
30,181,362,6.033333333,6.033333333,ray_ground_hit,134,,-1.776689807,0,-2.555153318,,,,,,,,,,,,,,,
30,181,362,6.033333333,6.033333333,paint_splat_write,134,,-1.776689807,0.1,-2.555153318,,0.635723273,1.269656071,1.1875,19,,,,,,,,,,
30,182,363,6.05,6.05,cosmetic_fx_rain_batch,,,0,5,0,,10,,,,14,0,,,,,,,,
30,182,364,6.066666667,6.066666667,cosmetic_fx_rain_batch,,,0,5,0,,10,,,,14,0,,,,,,,,
30,183,365,6.083333333,6.083333333,cosmetic_fx_rain_batch,,,0,5,0,,10,,,,14,0,,,,,,,,
30,183,365,6.083333333,6.083333333,candidate_ray_emission,135,true,7.662177945,4.2,-2.790586278,12,,,,,,,,,,,,,,
30,183,365,6.083333333,6.083333333,ray_ground_hit,135,,7.662177945,0,-2.790586278,,,,,,,,,,,,,,,
30,183,365,6.083333333,6.083333333,paint_splat_write,135,,7.662177945,0.1,-2.790586278,,0.680098103,1.453091625,0.125,2,,,,,,,,,,
30,183,366,6.1,6.1,cosmetic_fx_rain_batch,,,0,5,0,,10,,,,14,0,,,,,,,,
30,184,367,6.116666667,6.116666667,cosmetic_fx_rain_batch,,,0,5,0,,10,,,,15,0,,,,,,,,
30,184,368,6.133333333,6.133333333,cosmetic_fx_rain_batch,,,0,5,0,,10,,,,15,0,,,,,,,,
30,184,368,6.133333333,6.133333333,candidate_ray_emission,136,true,-0.911663433,4.2,-3.33218191,12,,,,,,,,,,,,,,
30,184,368,6.133333333,6.133333333,ray_ground_hit,136,,-0.911663433,0,-3.33218191,,,,,,,,,,,,,,,
30,184,368,6.133333333,6.133333333,paint_splat_write,136,,-0.911663433,0.1,-3.33218191,,0.549510753,0.948641814,0.75,12,,,,,,,,,,
30,185,369,6.15,6.15,cosmetic_fx_rain_batch,,,0,5,0,,10,,,,15,0,,,,,,,,
30,185,370,6.166666667,6.166666667,cosmetic_fx_rain_batch,,,0,5,0,,10,,,,14,0,,,,,,,,
30,185,370,6.166666667,6.166666667,candidate_ray_emission,137,true,-8.074390766,4.2,4.543904427,12,,,,,,,,,,,,,,
30,185,370,6.166666667,6.166666667,ray_ground_hit,137,,-8.074390766,0,4.543904427,,,,,,,,,,,,,,,
30,185,370,6.166666667,6.166666667,paint_splat_write,137,,-8.074390766,0.1,4.543904427,,0.55711516,0.975079051,0.9375,15,,,,,,,,,,
30,186,371,6.183333333,6.183333333,cosmetic_fx_rain_batch,,,0,5,0,,10,,,,14,0,,,,,,,,
30,186,372,6.2,6.2,cosmetic_fx_rain_batch,,,0,5,0,,10,,,,14,0,,,,,,,,
30,187,373,6.216666667,6.216666667,cosmetic_fx_rain_batch,,,0,5,0,,10,,,,14,0,,,,,,,,
30,187,373,6.216666667,6.216666667,candidate_ray_emission,138,true,1.048743583,4.2,1.717751558,12,,,,,,,,,,,,,,
30,187,373,6.216666667,6.216666667,ray_ground_hit,138,,1.048743583,0,1.717751558,,,,,,,,,,,,,,,
30,187,373,6.216666667,6.216666667,paint_splat_write,138,,1.048743583,0.1,1.717751558,,0.658610509,1.362721744,0.75,12,,,,,,,,,,
30,187,374,6.233333333,6.233333333,cosmetic_fx_rain_batch,,,0,5,0,,10,,,,14,0,,,,,,,,
30,188,375,6.25,6.25,cosmetic_fx_rain_batch,,,0,5,0,,10,,,,14,0,,,,,,,,
30,188,376,6.266666667,6.266666667,cosmetic_fx_rain_batch,,,0,5,0,,10,,,,15,0,,,,,,,,
30,188,376,6.266666667,6.266666667,candidate_ray_emission,139,true,8.830989573,4.2,-0.512537036,12,,,,,,,,,,,,,,
30,188,376,6.266666667,6.266666667,ray_ground_hit,139,,8.830989573,0,-0.512537036,,,,,,,,,,,,,,,
30,188,376,6.266666667,6.266666667,paint_splat_write,139,,8.830989573,0.1,-0.512537036,,0.628212183,1.239831258,0.6875,11,,,,,,,,,,
30,189,377,6.283333333,6.283333333,cosmetic_fx_rain_batch,,,0,5,0,,10,,,,15,0,,,,,,,,
30,189,378,6.3,6.3,cosmetic_fx_rain_batch,,,0,5,0,,10,,,,14,0,,,,,,,,
30,189,378,6.3,6.3,candidate_ray_emission,140,true,4.957113269,4.2,4.536149301,12,,,,,,,,,,,,,,
30,189,378,6.3,6.3,ray_ground_hit,140,,4.957113269,0,4.536149301,,,,,,,,,,,,,,,
30,189,378,6.3,6.3,paint_splat_write,140,,4.957113269,0.1,4.536149301,,0.55140007,0.95517623,0.9375,15,,,,,,,,,,
30,190,379,6.316666667,6.316666667,cosmetic_fx_rain_batch,,,0,5,0,,10,,,,14,0,,,,,,,,
30,190,380,6.333333333,6.333333333,cosmetic_fx_rain_batch,,,0,5,0,,10,,,,14,0,,,,,,,,
30,191,381,6.35,6.35,cosmetic_fx_rain_batch,,,0,5,0,,10,,,,14,0,,,,,,,,
30,191,381,6.35,6.35,candidate_ray_emission,141,true,-2.558372577,4.2,1.952554731,12,,,,,,,,,,,,,,
30,191,381,6.35,6.35,ray_ground_hit,141,,-2.558372577,0,1.952554731,,,,,,,,,,,,,,,
30,191,381,6.35,6.35,paint_splat_write,141,,-2.558372577,0.1,1.952554731,,0.768191354,1.853910238,1.875,30,,,,,,,,,,
30,191,382,6.366666667,6.366666667,cosmetic_fx_rain_batch,,,0,5,0,,10,,,,14,0,,,,,,,,
30,192,383,6.383333333,6.383333333,cosmetic_fx_rain_batch,,,0,5,0,,10,,,,14,0,,,,,,,,
30,192,384,6.4,6.4,cosmetic_fx_rain_batch,,,0,5,0,,10,,,,15,0,,,,,,,,
30,192,384,6.4,6.4,candidate_ray_emission,142,true,1.906283614,4.2,-0.000731444,12,,,,,,,,,,,,,,
30,192,384,6.4,6.4,ray_ground_hit,142,,1.906283614,0,-0.000731444,,,,,,,,,,,,,,,
30,192,384,6.4,6.4,paint_splat_write,142,,1.906283614,0.1,-0.000731444,,0.603187779,1.143022924,0.875,14,,,,,,,,,,
30,193,385,6.416666667,6.416666667,cosmetic_fx_rain_batch,,,0,5,0,,10,,,,15,0,,,,,,,,
30,193,386,6.433333333,6.433333333,cosmetic_fx_rain_batch,,,0,5,0,,10,,,,14,0,,,,,,,,
30,194,387,6.45,6.45,cosmetic_fx_rain_batch,,,0,5,0,,10,,,,15,0,,,,,,,,
30,194,387,6.45,6.45,candidate_ray_emission,143,true,9.141976342,4.2,2.62329386,12,,,,,,,,,,,,,,
30,194,387,6.45,6.45,ray_ground_hit,143,,9.141976342,0,2.62329386,,,,,,,,,,,,,,,
30,194,387,6.45,6.45,paint_splat_write,143,,9.141976342,0.1,2.62329386,,0.633060355,1.259041677,0.3125,5,,,,,,,,,,
30,194,388,6.466666667,6.466666667,cosmetic_fx_rain_batch,,,0,5,0,,10,,,,14,0,,,,,,,,
30,195,389,6.483333333,6.483333333,cosmetic_fx_rain_batch,,,0,5,0,,10,,,,14,0,,,,,,,,
30,195,389,6.483333333,6.483333333,candidate_ray_emission,144,true,-3.488667271,4.2,-0.862707107,12,,,,,,,,,,,,,,
30,195,389,6.483333333,6.483333333,ray_ground_hit,144,,-3.488667271,0,-0.862707107,,,,,,,,,,,,,,,
30,195,389,6.483333333,6.483333333,paint_splat_write,144,,-3.488667271,0.1,-0.862707107,,0.512570264,0.82538522,0.3125,5,,,,,,,,,,
30,195,390,6.5,6.5,cosmetic_fx_rain_batch,,,0,5,0,,10,,,,14,0,,,,,,,,
30,196,391,6.516666667,6.516666667,cosmetic_fx_rain_batch,,,0,5,0,,10,,,,14,0,,,,,,,,
30,196,392,6.533333333,6.533333333,cosmetic_fx_rain_batch,,,0,5,0,,10,,,,14,0,,,,,,,,
30,196,392,6.533333333,6.533333333,candidate_ray_emission,145,true,0.127107632,4.2,5.143917037,12,,,,,,,,,,,,,,
30,196,392,6.533333333,6.533333333,ray_ground_hit,145,,0.127107632,0,5.143917037,,,,,,,,,,,,,,,
30,196,392,6.533333333,6.533333333,paint_splat_write,145,,0.127107632,0.1,5.143917037,,0.642654683,1.297493605,1.1875,19,,,,,,,,,,
30,197,393,6.55,6.55,cosmetic_fx_rain_batch,,,0,5,0,,10,,,,14,0,,,,,,,,
30,197,394,6.566666667,6.566666667,cosmetic_fx_rain_batch,,,0,5,0,,10,,,,14,0,,,,,,,,
30,198,395,6.583333333,6.583333333,cosmetic_fx_rain_batch,,,0,5,0,,10,,,,14,0,,,,,,,,
30,198,395,6.583333333,6.583333333,candidate_ray_emission,146,true,7.513875726,4.2,4.239433444,12,,,,,,,,,,,,,,
30,198,395,6.583333333,6.583333333,ray_ground_hit,146,,7.513875726,0,4.239433444,,,,,,,,,,,,,,,
30,198,395,6.583333333,6.583333333,paint_splat_write,146,,7.513875726,0.1,4.239433444,,0.739059398,1.715965532,1.1875,19,,,,,,,,,,
30,198,396,6.6,6.6,cosmetic_fx_rain_batch,,,0,5,0,,10,,,,14,0,,,,,,,,
30,199,397,6.616666667,6.616666667,cosmetic_fx_rain_batch,,,0,5,0,,10,,,,14,0,,,,,,,,
30,199,397,6.616666667,6.616666667,candidate_ray_emission,147,true,-2.211213473,4.2,5.481268433,12,,,,,,,,,,,,,,
30,199,397,6.616666667,6.616666667,ray_ground_hit,147,,-2.211213473,0,5.481268433,,,,,,,,,,,,,,,
30,199,397,6.616666667,6.616666667,paint_splat_write,147,,-2.211213473,0.1,5.481268433,,0.544492685,0.931395148,0,0,,,,,,,,,,
30,199,398,6.633333333,6.633333333,cosmetic_fx_rain_batch,,,0,5,0,,10,,,,15,0,,,,,,,,
30,200,399,6.65,6.65,cosmetic_fx_rain_batch,,,0,5,0,,10,,,,14,0,,,,,,,,
30,200,400,6.666666667,6.666666667,cosmetic_fx_rain_batch,,,0,5,0,,10,,,,14,0,,,,,,,,
30,200,400,6.666666667,6.666666667,candidate_ray_emission,148,true,8.340979209,4.2,-3.289927401,12,,,,,,,,,,,,,,
30,200,400,6.666666667,6.666666667,ray_ground_hit,148,,8.340979209,0,-3.289927401,,,,,,,,,,,,,,,
30,200,400,6.666666667,6.666666667,paint_splat_write,148,,8.340979209,0.1,-3.289927401,,0.566762434,1.009141313,0.125,2,,,,,,,,,,
30,201,401,6.683333333,6.683333333,cosmetic_fx_rain_batch,,,0,5,0,,10,,,,14,0,,,,,,,,
30,201,402,6.7,6.7,cosmetic_fx_rain_batch,,,0,5,0,,10,,,,14,0,,,,,,,,
30,202,403,6.716666667,6.716666667,cosmetic_fx_rain_batch,,,0,5,0,,10,,,,14,0,,,,,,,,
30,202,403,6.716666667,6.716666667,candidate_ray_emission,149,true,9.606635114,4.2,1.117925019,12,,,,,,,,,,,,,,
30,202,403,6.716666667,6.716666667,ray_ground_hit,149,,9.606635114,0,1.117925019,,,,,,,,,,,,,,,
30,202,403,6.716666667,6.716666667,paint_splat_write,149,,9.606635114,0.1,1.117925019,,0.612732379,1.179482586,1.1875,19,,,,,,,,,,
30,202,404,6.733333333,6.733333333,cosmetic_fx_rain_batch,,,0,5,0,,10,,,,14,0,,,,,,,,
30,203,405,6.75,6.75,cosmetic_fx_rain_batch,,,0,5,0,,10,,,,14,0,,,,,,,,
30,203,405,6.75,6.75,candidate_ray_emission,150,true,-0.904142473,4.2,7.267669262,12,,,,,,,,,,,,,,
30,203,405,6.75,6.75,ray_ground_hit,150,,-0.904142473,0,7.267669262,,,,,,,,,,,,,,,
30,203,405,6.75,6.75,paint_splat_write,150,,-0.904142473,0.1,7.267669262,,0.629084874,1.243278316,0.5625,9,,,,,,,,,,
30,203,406,6.766666667,6.766666667,cosmetic_fx_rain_batch,,,0,5,0,,10,,,,15,0,,,,,,,,
30,204,407,6.783333333,6.783333333,cosmetic_fx_rain_batch,,,0,5,0,,10,,,,14,0,,,,,,,,
30,204,408,6.8,6.8,cosmetic_fx_rain_batch,,,0,5,0,,10,,,,14,0,,,,,,,,
30,204,408,6.8,6.8,candidate_ray_emission,151,true,-6.965748139,4.2,-0.248177391,12,,,,,,,,,,,,,,
30,204,408,6.8,6.8,ray_ground_hit,151,,-6.965748139,0,-0.248177391,,,,,,,,,,,,,,,
30,204,408,6.8,6.8,paint_splat_write,151,,-6.965748139,0.1,-0.248177391,,0.466326092,0.683170813,0,0,,,,,,,,,,
30,205,409,6.816666667,6.816666667,cosmetic_fx_rain_batch,,,0,5,0,,10,,,,14,0,,,,,,,,
30,205,410,6.833333333,6.833333333,cosmetic_fx_rain_batch,,,0,5,0,,10,,,,14,0,,,,,,,,
30,206,411,6.85,6.85,cosmetic_fx_rain_batch,,,0,5,0,,10,,,,15,0,,,,,,,,
30,206,411,6.85,6.85,candidate_ray_emission,152,true,-0.206613726,4.2,6.117864351,12,,,,,,,,,,,,,,
30,206,411,6.85,6.85,ray_ground_hit,152,,-0.206613726,0,6.117864351,,,,,,,,,,,,,,,
30,206,411,6.85,6.85,paint_splat_write,152,,-0.206613726,0.1,6.117864351,,0.699773316,1.538383552,0.25,4,,,,,,,,,,
30,206,412,6.866666667,6.866666667,cosmetic_fx_rain_batch,,,0,5,0,,10,,,,14,0,,,,,,,,
30,207,413,6.883333333,6.883333333,cosmetic_fx_rain_batch,,,0,5,0,,10,,,,14,0,,,,,,,,
30,207,414,6.9,6.9,cosmetic_fx_rain_batch,,,0,5,0,,10,,,,15,0,,,,,,,,
30,207,414,6.9,6.9,candidate_ray_emission,153,true,7.433194218,4.2,3.947504864,12,,,,,,,,,,,,,,
30,207,414,6.9,6.9,ray_ground_hit,153,,7.433194218,0,3.947504864,,,,,,,,,,,,,,,
30,207,414,6.9,6.9,paint_splat_write,153,,7.433194218,0.1,3.947504864,,0.749423001,1.764427872,0.3125,5,,,,,,,,,,
30,208,415,6.916666667,6.916666667,cosmetic_fx_rain_batch,,,0,5,0,,10,,,,15,0,,,,,,,,
30,208,416,6.933333333,6.933333333,cosmetic_fx_rain_batch,,,0,5,0,,10,,,,15,0,,,,,,,,
30,208,416,6.933333333,6.933333333,candidate_ray_emission,154,true,-2.52195603,4.2,8.392432135,12,,,,,,,,,,,,,,
30,208,416,6.933333333,6.933333333,ray_ground_hit,154,,-2.52195603,0,8.392432135,,,,,,,,,,,,,,,
30,208,416,6.933333333,6.933333333,paint_splat_write,154,,-2.52195603,0.1,8.392432135,,0.613359256,1.181897243,1.0625,17,,,,,,,,,,
30,209,417,6.95,6.95,cosmetic_fx_rain_batch,,,0,5,0,,10,,,,14,0,,,,,,,,
30,209,418,6.966666667,6.966666667,cosmetic_fx_rain_batch,,,0,5,0,,10,,,,14,0,,,,,,,,
30,210,419,6.983333333,6.983333333,cosmetic_fx_rain_batch,,,0,5,0,,10,,,,14,0,,,,,,,,
30,210,419,6.983333333,6.983333333,candidate_ray_emission,155,true,3.668457445,4.2,-2.105679691,12,,,,,,,,,,,,,,
30,210,419,6.983333333,6.983333333,ray_ground_hit,155,,3.668457445,0,-2.105679691,,,,,,,,,,,,,,,
30,210,419,6.983333333,6.983333333,paint_splat_write,155,,3.668457445,0.1,-2.105679691,,0.706514247,1.568164868,1.25,20,,,,,,,,,,
30,210,420,7,7,cosmetic_fx_rain_batch,,,0,5,0,,10,,,,14,0,,,,,,,,
30,211,421,7.016666667,7.016666667,cosmetic_fx_rain_batch,,,0,5,0,,10,,,,14,0,,,,,,,,
30,211,422,7.033333333,7.033333333,cosmetic_fx_rain_batch,,,0,5,0,,10,,,,14,0,,,,,,,,
30,211,422,7.033333333,7.033333333,candidate_ray_emission,156,true,-8.217730429,4.2,3.809594952,12,,,,,,,,,,,,,,
30,211,422,7.033333333,7.033333333,ray_ground_hit,156,,-8.217730429,0,3.809594952,,,,,,,,,,,,,,,
30,211,422,7.033333333,7.033333333,paint_splat_write,156,,-8.217730429,0.1,3.809594952,,0.688679541,1.489993026,0.5,8,,,,,,,,,,
30,212,423,7.05,7.05,cosmetic_fx_rain_batch,,,0,5,0,,10,,,,14,0,,,,,,,,
30,212,424,7.066666667,7.066666667,cosmetic_fx_rain_batch,,,0,5,0,,10,,,,14,0,,,,,,,,
30,212,424,7.066666667,7.066666667,candidate_ray_emission,157,true,-7.192395896,4.2,-0.471588809,12,,,,,,,,,,,,,,
30,212,424,7.066666667,7.066666667,ray_ground_hit,157,,-7.192395896,0,-0.471588809,,,,,,,,,,,,,,,
30,212,424,7.066666667,7.066666667,paint_splat_write,157,,-7.192395896,0.1,-0.471588809,,0.655751203,1.350915129,0.3125,5,,,,,,,,,,
30,213,425,7.083333333,7.083333333,cosmetic_fx_rain_batch,,,0,5,0,,10,,,,14,0,,,,,,,,
30,213,426,7.1,7.1,cosmetic_fx_rain_batch,,,0,5,0,,10,,,,14,0,,,,,,,,
30,214,427,7.116666667,7.116666667,cosmetic_fx_rain_batch,,,0,5,0,,10,,,,15,0,,,,,,,,
30,214,427,7.116666667,7.116666667,candidate_ray_emission,158,true,-0.128304279,4.2,-6.103085007,12,,,,,,,,,,,,,,
30,214,427,7.116666667,7.116666667,ray_ground_hit,158,,-0.128304279,0,-6.103085007,,,,,,,,,,,,,,,
30,214,427,7.116666667,7.116666667,paint_splat_write,158,,-0.128304279,0.1,-6.103085007,,0.789567945,1.958523964,0.75,12,,,,,,,,,,
30,214,428,7.133333333,7.133333333,cosmetic_fx_rain_batch,,,0,5,0,,10,,,,14,0,,,,,,,,
30,215,429,7.15,7.15,cosmetic_fx_rain_batch,,,0,5,0,,10,,,,14,0,,,,,,,,
30,215,430,7.166666667,7.166666667,cosmetic_fx_rain_batch,,,0,5,0,,10,,,,14,0,,,,,,,,
30,215,430,7.166666667,7.166666667,candidate_ray_emission,159,true,-3.275395607,4.2,5.172132366,12,,,,,,,,,,,,,,
30,215,430,7.166666667,7.166666667,ray_ground_hit,159,,-3.275395607,0,5.172132366,,,,,,,,,,,,,,,
30,215,430,7.166666667,7.166666667,paint_splat_write,159,,-3.275395607,0.1,5.172132366,,0.662583812,1.379213551,0.4375,7,,,,,,,,,,
30,216,431,7.183333333,7.183333333,cosmetic_fx_rain_batch,,,0,5,0,,10,,,,14,0,,,,,,,,
30,216,432,7.2,7.2,cosmetic_fx_rain_batch,,,0,5,0,,10,,,,15,0,,,,,,,,
30,216,432,7.2,7.2,candidate_ray_emission,160,true,3.509533292,4.2,-2.479664687,12,,,,,,,,,,,,,,
30,216,432,7.2,7.2,ray_ground_hit,160,,3.509533292,0,-2.479664687,,,,,,,,,,,,,,,
30,216,432,7.2,7.2,paint_splat_write,160,,3.509533292,0.1,-2.479664687,,0.50974698,0.816317666,0.125,2,,,,,,,,,,
30,217,433,7.216666667,7.216666667,cosmetic_fx_rain_batch,,,0,5,0,,10,,,,14,0,,,,,,,,
30,217,434,7.233333333,7.233333333,cosmetic_fx_rain_batch,,,0,5,0,,10,,,,14,0,,,,,,,,
30,218,435,7.25,7.25,cosmetic_fx_rain_batch,,,0,5,0,,10,,,,15,0,,,,,,,,
30,218,435,7.25,7.25,candidate_ray_emission,161,true,-2.01629502,4.2,6.984413554,12,,,,,,,,,,,,,,
30,218,435,7.25,7.25,ray_ground_hit,161,,-2.01629502,0,6.984413554,,,,,,,,,,,,,,,
30,218,435,7.25,7.25,paint_splat_write,161,,-2.01629502,0.1,6.984413554,,0.692032606,1.504537398,1.1875,19,,,,,,,,,,
30,218,436,7.266666667,7.266666667,cosmetic_fx_rain_batch,,,0,5,0,,10,,,,14,0,,,,,,,,
30,219,437,7.283333333,7.283333333,cosmetic_fx_rain_batch,,,0,5,0,,10,,,,14,0,,,,,,,,
30,219,438,7.3,7.3,cosmetic_fx_rain_batch,,,0,5,0,,10,,,,14,0,,,,,,,,
30,219,438,7.3,7.3,candidate_ray_emission,162,true,-2.558902103,4.2,0.268099946,12,,,,,,,,,,,,,,
30,219,438,7.3,7.3,ray_ground_hit,162,,-2.558902103,0,0.268099946,,,,,,,,,,,,,,,
30,219,438,7.3,7.3,paint_splat_write,162,,-2.558902103,0.1,0.268099946,,0.701226872,1.544781193,1.125,18,,,,,,,,,,
30,220,439,7.316666667,7.316666667,cosmetic_fx_rain_batch,,,0,5,0,,10,,,,14,0,,,,,,,,
30,220,440,7.333333333,7.333333333,cosmetic_fx_rain_batch,,,0,5,0,,10,,,,15,0,,,,,,,,
30,221,441,7.35,7.35,cosmetic_fx_rain_batch,,,0,5,0,,10,,,,14,0,,,,,,,,
30,221,441,7.35,7.35,candidate_ray_emission,163,true,8.04974658,4.2,-3.962502227,12,,,,,,,,,,,,,,
30,221,441,7.35,7.35,ray_ground_hit,163,,8.04974658,0,-3.962502227,,,,,,,,,,,,,,,
30,221,441,7.35,7.35,paint_splat_write,163,,8.04974658,0.1,-3.962502227,,0.465948554,0.682065071,0.4375,7,,,,,,,,,,
30,221,442,7.366666667,7.366666667,cosmetic_fx_rain_batch,,,0,5,0,,10,,,,14,0,,,,,,,,
30,222,443,7.383333333,7.383333333,cosmetic_fx_rain_batch,,,0,5,0,,10,,,,14,0,,,,,,,,
30,222,443,7.383333333,7.383333333,candidate_ray_emission,164,true,6.677472531,4.2,-6.438794225,12,,,,,,,,,,,,,,
30,222,443,7.383333333,7.383333333,ray_ground_hit,164,,6.677472531,0,-6.438794225,,,,,,,,,,,,,,,
30,222,443,7.383333333,7.383333333,paint_splat_write,164,,6.677472531,0.1,-6.438794225,,0.687898365,1.486614715,0.75,12,,,,,,,,,,
30,222,444,7.4,7.4,cosmetic_fx_rain_batch,,,0,5,0,,10,,,,14,0,,,,,,,,
30,223,445,7.416666667,7.416666667,cosmetic_fx_rain_batch,,,0,5,0,,9.777777778,,,,14,0,,,,,,,,
30,223,446,7.433333333,7.433333333,cosmetic_fx_rain_batch,,,0,5,0,,9.555555556,,,,13,0,,,,,,,,
30,223,446,7.433333333,7.433333333,candidate_ray_emission,165,true,6.021011591,4.2,-6.213785027,12,,,,,,,,,,,,,,
30,223,446,7.433333333,7.433333333,ray_ground_hit,165,,6.021011591,0,-6.213785027,,,,,,,,,,,,,,,
30,223,446,7.433333333,7.433333333,paint_splat_write,165,,6.021011591,0.1,-6.213785027,,0.757475397,1.802548405,0.5,8,,,,,,,,,,
30,224,447,7.45,7.45,cosmetic_fx_rain_batch,,,0,5,0,,9.333333333,,,,12,0,,,,,,,,
30,224,448,7.466666667,7.466666667,cosmetic_fx_rain_batch,,,0,5,0,,9.111111111,,,,12,0,,,,,,,,
30,225,449,7.483333333,7.483333333,cosmetic_fx_rain_batch,,,0,5,0,,8.888888889,,,,11,0,,,,,,,,
30,225,449,7.483333333,7.483333333,candidate_ray_emission,166,true,0.697271891,4.2,-4.117230603,12,,,,,,,,,,,,,,
30,225,449,7.483333333,7.483333333,ray_ground_hit,166,,0.697271891,0,-4.117230603,,,,,,,,,,,,,,,
30,225,449,7.483333333,7.483333333,paint_splat_write,166,,0.697271891,0.1,-4.117230603,,0.517562902,0.841542688,0,0,,,,,,,,,,
30,225,450,7.5,7.5,cosmetic_fx_rain_batch,,,0,5,0,,8.666666667,,,,10,0,,,,,,,,
30,226,451,7.516666667,7.516666667,cosmetic_fx_rain_batch,,,0,5,0,,8.444444444,,,,10,0,,,,,,,,
30,226,451,7.516666667,7.516666667,candidate_ray_emission,167,true,-4.619914711,4.2,6.796459378,12,,,,,,,,,,,,,,
30,226,451,7.516666667,7.516666667,ray_ground_hit,167,,-4.619914711,0,6.796459378,,,,,,,,,,,,,,,
30,226,451,7.516666667,7.516666667,paint_splat_write,167,,-4.619914711,0.1,6.796459378,,0.705433595,1.563371353,1.0625,17,,,,,,,,,,
30,226,452,7.533333333,7.533333333,cosmetic_fx_rain_batch,,,0,5,0,,8.222222222,,,,9,0,,,,,,,,
30,227,453,7.55,7.55,cosmetic_fx_rain_batch,,,0,5,0,,8,,,,9,0,,,,,,,,
30,227,454,7.566666667,7.566666667,cosmetic_fx_rain_batch,,,0,5,0,,7.777777778,,,,9,0,,,,,,,,
30,227,454,7.566666667,7.566666667,candidate_ray_emission,168,true,-4.365349934,4.2,2.051507459,12,,,,,,,,,,,,,,
30,227,454,7.566666667,7.566666667,ray_ground_hit,168,,-4.365349934,0,2.051507459,,,,,,,,,,,,,,,
30,227,454,7.566666667,7.566666667,paint_splat_write,168,,-4.365349934,0.1,2.051507459,,0.573430341,1.033025899,0.875,14,,,,,,,,,,
30,228,455,7.583333333,7.583333333,cosmetic_fx_rain_batch,,,0,5,0,,7.555555556,,,,8,0,,,,,,,,
30,228,456,7.6,7.6,cosmetic_fx_rain_batch,,,0,5,0,,7.333333333,,,,8,0,,,,,,,,
30,229,457,7.616666667,7.616666667,cosmetic_fx_rain_batch,,,0,5,0,,7.111111111,,,,8,0,,,,,,,,
30,229,457,7.616666667,7.616666667,candidate_ray_emission,169,true,3.72095296,4.2,-5.124832795,12,,,,,,,,,,,,,,
30,229,457,7.616666667,7.616666667,ray_ground_hit,169,,3.72095296,0,-5.124832795,,,,,,,,,,,,,,,
30,229,457,7.616666667,7.616666667,paint_splat_write,169,,3.72095296,0.1,-5.124832795,,0.710696626,1.586786071,1.25,20,,,,,,,,,,
30,229,458,7.633333333,7.633333333,cosmetic_fx_rain_batch,,,0,5,0,,6.888888889,,,,7,0,,,,,,,,
30,230,459,7.65,7.65,cosmetic_fx_rain_batch,,,0,5,0,,6.666666667,,,,7,0,,,,,,,,
30,230,459,7.65,7.65,candidate_ray_emission,170,true,4.912990499,4.2,-0.361021777,12,,,,,,,,,,,,,,
30,230,459,7.65,7.65,ray_ground_hit,170,,4.912990499,0,-0.361021777,,,,,,,,,,,,,,,
30,230,459,7.65,7.65,paint_splat_write,170,,4.912990499,0.1,-0.361021777,,0.588250237,1.087111512,0.5,8,,,,,,,,,,
30,230,460,7.666666667,7.666666667,cosmetic_fx_rain_batch,,,0,5,0,,6.444444444,,,,6,0,,,,,,,,
30,231,461,7.683333333,7.683333333,cosmetic_fx_rain_batch,,,0,5,0,,6.222222222,,,,6,0,,,,,,,,
30,231,462,7.7,7.7,cosmetic_fx_rain_batch,,,0,5,0,,6,,,,5,0,,,,,,,,
30,231,462,7.7,7.7,candidate_ray_emission,171,true,-2.00684163,4.2,4.942077351,12,,,,,,,,,,,,,,
30,231,462,7.7,7.7,ray_ground_hit,171,,-2.00684163,0,4.942077351,,,,,,,,,,,,,,,
30,231,462,7.7,7.7,paint_splat_write,171,,-2.00684163,0.1,4.942077351,,0.755502743,1.793172063,0.4375,7,,,,,,,,,,
30,232,463,7.716666667,7.716666667,cosmetic_fx_rain_batch,,,0,5,0,,5.777777778,,,,5,0,,,,,,,,
30,232,464,7.733333333,7.733333333,cosmetic_fx_rain_batch,,,0,5,0,,5.555555556,,,,4,0,,,,,,,,
30,233,465,7.75,7.75,cosmetic_fx_rain_batch,,,0,5,0,,5.333333333,,,,4,0,,,,,,,,
30,233,465,7.75,7.75,candidate_ray_emission,172,true,-4.67384089,4.2,-1.607344014,12,,,,,,,,,,,,,,
30,233,465,7.75,7.75,ray_ground_hit,172,,-4.67384089,0,-1.607344014,,,,,,,,,,,,,,,
30,233,465,7.75,7.75,paint_splat_write,172,,-4.67384089,0.1,-1.607344014,,0.690282298,1.496936385,1.375,22,,,,,,,,,,
30,233,466,7.766666667,7.766666667,cosmetic_fx_rain_batch,,,0,5,0,,5.111111111,,,,4,0,,,,,,,,
30,234,467,7.783333333,7.783333333,cosmetic_fx_rain_batch,,,0,5,0,,4.888888889,,,,3,0,,,,,,,,
30,234,468,7.8,7.8,cosmetic_fx_rain_batch,,,0,5,0,,4.666666667,,,,3,0,,,,,,,,
30,234,468,7.8,7.8,candidate_ray_emission,173,true,-2.267247031,4.2,3.266088575,12,,,,,,,,,,,,,,
30,234,468,7.8,7.8,ray_ground_hit,173,,-2.267247031,0,3.266088575,,,,,,,,,,,,,,,
30,234,468,7.8,7.8,paint_splat_write,173,,-2.267247031,0.1,3.266088575,,0.677535951,1.442163704,1.4375,23,,,,,,,,,,
30,235,469,7.816666667,7.816666667,cosmetic_fx_rain_batch,,,0,5,0,,4.444444444,,,,3,0,,,,,,,,
30,235,470,7.833333333,7.833333333,cosmetic_fx_rain_batch,,,0,5,0,,4.222222222,,,,2,0,,,,,,,,
30,235,470,7.833333333,7.833333333,candidate_ray_emission,174,true,0.447812407,4.2,-0.115727439,12,,,,,,,,,,,,,,
30,235,470,7.833333333,7.833333333,ray_ground_hit,174,,0.447812407,0,-0.115727439,,,,,,,,,,,,,,,
30,235,470,7.833333333,7.833333333,paint_splat_write,174,,0.447812407,0.1,-0.115727439,,0.764359438,1.8354609,1.3125,21,,,,,,,,,,
30,236,471,7.85,7.85,cosmetic_fx_rain_batch,,,0,5,0,,4,,,,2,0,,,,,,,,
30,236,472,7.866666667,7.866666667,cosmetic_fx_rain_batch,,,0,5,0,,3.777777778,,,,2,0,,,,,,,,
30,237,473,7.883333333,7.883333333,cosmetic_fx_rain_batch,,,0,5,0,,3.555555556,,,,2,0,,,,,,,,
30,237,473,7.883333333,7.883333333,candidate_ray_emission,175,true,-1.870180814,4.2,-1.622513649,12,,,,,,,,,,,,,,
30,237,473,7.883333333,7.883333333,ray_ground_hit,175,,-1.870180814,0,-1.622513649,,,,,,,,,,,,,,,
30,237,473,7.883333333,7.883333333,paint_splat_write,175,,-1.870180814,0.1,-1.622513649,,0.508877451,0.813535084,0.25,4,,,,,,,,,,
30,237,474,7.9,7.9,cosmetic_fx_rain_batch,,,0,5,0,,3.333333333,,,,2,0,,,,,,,,
30,238,475,7.916666667,7.916666667,cosmetic_fx_rain_batch,,,0,5,0,,3.111111111,,,,1,0,,,,,,,,
30,238,476,7.933333333,7.933333333,cosmetic_fx_rain_batch,,,0,5,0,,2.888888889,,,,1,0,,,,,,,,
30,238,476,7.933333333,7.933333333,candidate_ray_emission,176,true,-0.628117982,4.2,-1.565757697,12,,,,,,,,,,,,,,
30,238,476,7.933333333,7.933333333,ray_ground_hit,176,,-0.628117982,0,-1.565757697,,,,,,,,,,,,,,,
30,238,476,7.933333333,7.933333333,paint_splat_write,176,,-0.628117982,0.1,-1.565757697,,0.593224538,1.105574685,0.875,14,,,,,,,,,,
30,239,477,7.95,7.95,cosmetic_fx_rain_batch,,,0,5,0,,2.666666667,,,,1,0,,,,,,,,
30,239,478,7.966666667,7.966666667,cosmetic_fx_rain_batch,,,0,5,0,,2.444444444,,,,1,0,,,,,,,,
30,239,478,7.966666667,7.966666667,candidate_ray_emission,177,true,0.119506709,4.2,-0.604359501,12,,,,,,,,,,,,,,
30,239,478,7.966666667,7.966666667,ray_ground_hit,177,,0.119506709,0,-0.604359501,,,,,,,,,,,,,,,
30,239,478,7.966666667,7.966666667,paint_splat_write,177,,0.119506709,0.1,-0.604359501,,0.738996038,1.715671324,0.75,12,,,,,,,,,,
30,240,479,7.983333333,7.983333333,cosmetic_fx_rain_batch,,,0,5,0,,2.222222222,,,,1,0,,,,,,,,
30,240,480,8,8,cosmetic_fx_rain_batch,,,0,5,0,,2,,,,1,0,,,,,,,,
30,,480,8,8,cpu_turf_distribution,,,,,,,,,,,,,0,0.5,0,30,1,0.0625,,
30,,480,8,8,cpu_turf_distribution,,,,,,,,,,,,,0,0.5,30,60,1,0.0625,,
30,,480,8,8,cpu_turf_distribution,,,,,,,,,,,,,0,0.5,60,90,1,0.0625,,
30,,480,8,8,cpu_turf_distribution,,,,,,,,,,,,,0,0.5,90,120,1,0.0625,,
30,,480,8,8,cpu_turf_distribution,,,,,,,,,,,,,0,0.5,120,150,1,0.0625,,
30,,480,8,8,cpu_turf_distribution,,,,,,,,,,,,,0,0.5,150,180,1,0.0625,,
30,,480,8,8,cpu_turf_distribution,,,,,,,,,,,,,0,0.5,180,210,1,0.0625,,
30,,480,8,8,cpu_turf_distribution,,,,,,,,,,,,,0,0.5,210,240,1,0.0625,,
30,,480,8,8,cpu_turf_distribution,,,,,,,,,,,,,0,0.5,240,270,1,0.0625,,
30,,480,8,8,cpu_turf_distribution,,,,,,,,,,,,,0,0.5,270,300,1,0.0625,,
30,,480,8,8,cpu_turf_distribution,,,,,,,,,,,,,0,0.5,300,330,1,0.0625,,
30,,480,8,8,cpu_turf_distribution,,,,,,,,,,,,,0,0.5,330,360,1,0.0625,,
30,,480,8,8,cpu_turf_distribution,,,,,,,,,,,,,0.5,1,0,30,3,0.1875,,
30,,480,8,8,cpu_turf_distribution,,,,,,,,,,,,,0.5,1,30,60,4,0.25,,
30,,480,8,8,cpu_turf_distribution,,,,,,,,,,,,,0.5,1,60,90,3,0.1875,,
30,,480,8,8,cpu_turf_distribution,,,,,,,,,,,,,0.5,1,90,120,2,0.125,,
30,,480,8,8,cpu_turf_distribution,,,,,,,,,,,,,0.5,1,120,150,2,0.125,,
30,,480,8,8,cpu_turf_distribution,,,,,,,,,,,,,0.5,1,150,180,2,0.125,,
30,,480,8,8,cpu_turf_distribution,,,,,,,,,,,,,0.5,1,210,240,3,0.1875,,
30,,480,8,8,cpu_turf_distribution,,,,,,,,,,,,,0.5,1,240,270,3,0.1875,,
30,,480,8,8,cpu_turf_distribution,,,,,,,,,,,,,0.5,1,270,300,3,0.1875,,
30,,480,8,8,cpu_turf_distribution,,,,,,,,,,,,,0.5,1,300,330,4,0.25,,
30,,480,8,8,cpu_turf_distribution,,,,,,,,,,,,,0.5,1,330,360,3,0.1875,,
30,,480,8,8,cpu_turf_distribution,,,,,,,,,,,,,1,1.5,0,30,3,0.1875,,
30,,480,8,8,cpu_turf_distribution,,,,,,,,,,,,,1,1.5,30,60,4,0.25,,
30,,480,8,8,cpu_turf_distribution,,,,,,,,,,,,,1,1.5,60,90,5,0.3125,,
30,,480,8,8,cpu_turf_distribution,,,,,,,,,,,,,1,1.5,90,120,5,0.3125,,
30,,480,8,8,cpu_turf_distribution,,,,,,,,,,,,,1,1.5,120,150,3,0.1875,,
30,,480,8,8,cpu_turf_distribution,,,,,,,,,,,,,1,1.5,150,180,5,0.3125,,
30,,480,8,8,cpu_turf_distribution,,,,,,,,,,,,,1,1.5,210,240,2,0.125,,
30,,480,8,8,cpu_turf_distribution,,,,,,,,,,,,,1,1.5,240,270,5,0.3125,,
30,,480,8,8,cpu_turf_distribution,,,,,,,,,,,,,1,1.5,270,300,3,0.1875,,
30,,480,8,8,cpu_turf_distribution,,,,,,,,,,,,,1,1.5,300,330,3,0.1875,,
30,,480,8,8,cpu_turf_distribution,,,,,,,,,,,,,1,1.5,330,360,1,0.0625,,
30,,480,8,8,cpu_turf_distribution,,,,,,,,,,,,,1.5,2,0,30,5,0.3125,,
30,,480,8,8,cpu_turf_distribution,,,,,,,,,,,,,1.5,2,30,60,6,0.375,,
30,,480,8,8,cpu_turf_distribution,,,,,,,,,,,,,1.5,2,60,90,6,0.375,,
30,,480,8,8,cpu_turf_distribution,,,,,,,,,,,,,1.5,2,90,120,6,0.375,,
30,,480,8,8,cpu_turf_distribution,,,,,,,,,,,,,1.5,2,120,150,8,0.5,,
30,,480,8,8,cpu_turf_distribution,,,,,,,,,,,,,1.5,2,150,180,7,0.4375,,
30,,480,8,8,cpu_turf_distribution,,,,,,,,,,,,,1.5,2,180,210,1,0.0625,,
30,,480,8,8,cpu_turf_distribution,,,,,,,,,,,,,1.5,2,210,240,8,0.5,,
30,,480,8,8,cpu_turf_distribution,,,,,,,,,,,,,1.5,2,240,270,7,0.4375,,
30,,480,8,8,cpu_turf_distribution,,,,,,,,,,,,,1.5,2,270,300,1,0.0625,,
30,,480,8,8,cpu_turf_distribution,,,,,,,,,,,,,1.5,2,300,330,8,0.5,,
30,,480,8,8,cpu_turf_distribution,,,,,,,,,,,,,1.5,2,330,360,7,0.4375,,
30,,480,8,8,cpu_turf_distribution,,,,,,,,,,,,,2,2.5,0,30,4,0.25,,
30,,480,8,8,cpu_turf_distribution,,,,,,,,,,,,,2,2.5,30,60,5,0.3125,,
30,,480,8,8,cpu_turf_distribution,,,,,,,,,,,,,2,2.5,60,90,4,0.25,,
30,,480,8,8,cpu_turf_distribution,,,,,,,,,,,,,2,2.5,90,120,4,0.25,,
30,,480,8,8,cpu_turf_distribution,,,,,,,,,,,,,2,2.5,120,150,3,0.1875,,
30,,480,8,8,cpu_turf_distribution,,,,,,,,,,,,,2,2.5,150,180,8,0.5,,
30,,480,8,8,cpu_turf_distribution,,,,,,,,,,,,,2,2.5,180,210,4,0.25,,
30,,480,8,8,cpu_turf_distribution,,,,,,,,,,,,,2,2.5,210,240,8,0.5,,
30,,480,8,8,cpu_turf_distribution,,,,,,,,,,,,,2,2.5,240,270,8,0.5,,
30,,480,8,8,cpu_turf_distribution,,,,,,,,,,,,,2,2.5,270,300,4,0.25,,
30,,480,8,8,cpu_turf_distribution,,,,,,,,,,,,,2,2.5,300,330,5,0.3125,,
30,,480,8,8,cpu_turf_distribution,,,,,,,,,,,,,2,2.5,330,360,7,0.4375,,
30,,480,8,8,cpu_turf_distribution,,,,,,,,,,,,,2.5,3,0,30,7,0.4375,,
30,,480,8,8,cpu_turf_distribution,,,,,,,,,,,,,2.5,3,30,60,2,0.125,,
30,,480,8,8,cpu_turf_distribution,,,,,,,,,,,,,2.5,3,120,150,7,0.4375,,
30,,480,8,8,cpu_turf_distribution,,,,,,,,,,,,,2.5,3,150,180,8,0.5,,
30,,480,8,8,cpu_turf_distribution,,,,,,,,,,,,,2.5,3,180,210,9,0.5625,,
30,,480,8,8,cpu_turf_distribution,,,,,,,,,,,,,2.5,3,210,240,8,0.5,,
30,,480,8,8,cpu_turf_distribution,,,,,,,,,,,,,2.5,3,240,270,10,0.625,,
30,,480,8,8,cpu_turf_distribution,,,,,,,,,,,,,2.5,3,270,300,7,0.4375,,
30,,480,8,8,cpu_turf_distribution,,,,,,,,,,,,,2.5,3,300,330,1,0.0625,,
30,,480,8,8,cpu_turf_distribution,,,,,,,,,,,,,2.5,3,330,360,6,0.375,,
30,,480,8,8,cpu_turf_distribution,,,,,,,,,,,,,3,3.5,0,30,8,0.5,,
30,,480,8,8,cpu_turf_distribution,,,,,,,,,,,,,3,3.5,30,60,8,0.5,,
30,,480,8,8,cpu_turf_distribution,,,,,,,,,,,,,3,3.5,90,120,1,0.0625,,
30,,480,8,8,cpu_turf_distribution,,,,,,,,,,,,,3,3.5,120,150,10,0.625,,
30,,480,8,8,cpu_turf_distribution,,,,,,,,,,,,,3,3.5,150,180,7,0.4375,,
30,,480,8,8,cpu_turf_distribution,,,,,,,,,,,,,3,3.5,180,210,10,0.625,,
30,,480,8,8,cpu_turf_distribution,,,,,,,,,,,,,3,3.5,210,240,13,0.8125,,
30,,480,8,8,cpu_turf_distribution,,,,,,,,,,,,,3,3.5,240,270,13,0.8125,,
30,,480,8,8,cpu_turf_distribution,,,,,,,,,,,,,3,3.5,270,300,13,0.8125,,
30,,480,8,8,cpu_turf_distribution,,,,,,,,,,,,,3,3.5,300,330,3,0.1875,,
30,,480,8,8,cpu_turf_distribution,,,,,,,,,,,,,3,3.5,330,360,3,0.1875,,
30,,480,8,8,cpu_turf_distribution,,,,,,,,,,,,,3.5,4,0,30,2,0.125,,
30,,480,8,8,cpu_turf_distribution,,,,,,,,,,,,,3.5,4,30,60,16,1,,
30,,480,8,8,cpu_turf_distribution,,,,,,,,,,,,,3.5,4,60,90,6,0.375,,
30,,480,8,8,cpu_turf_distribution,,,,,,,,,,,,,3.5,4,90,120,12,0.75,,
30,,480,8,8,cpu_turf_distribution,,,,,,,,,,,,,3.5,4,120,150,16,1,,
30,,480,8,8,cpu_turf_distribution,,,,,,,,,,,,,3.5,4,150,180,1,0.0625,,
30,,480,8,8,cpu_turf_distribution,,,,,,,,,,,,,3.5,4,180,210,8,0.5,,
30,,480,8,8,cpu_turf_distribution,,,,,,,,,,,,,3.5,4,210,240,14,0.875,,
30,,480,8,8,cpu_turf_distribution,,,,,,,,,,,,,3.5,4,240,270,6,0.375,,
30,,480,8,8,cpu_turf_distribution,,,,,,,,,,,,,3.5,4,270,300,14,0.875,,
30,,480,8,8,cpu_turf_distribution,,,,,,,,,,,,,3.5,4,300,330,8,0.5,,
30,,480,8,8,cpu_turf_distribution,,,,,,,,,,,,,3.5,4,330,360,11,0.6875,,
30,,480,8,8,cpu_turf_distribution,,,,,,,,,,,,,4,4.5,0,30,4,0.25,,
30,,480,8,8,cpu_turf_distribution,,,,,,,,,,,,,4,4.5,30,60,13,0.8125,,
30,,480,8,8,cpu_turf_distribution,,,,,,,,,,,,,4,4.5,60,90,8,0.5,,
30,,480,8,8,cpu_turf_distribution,,,,,,,,,,,,,4,4.5,90,120,6,0.375,,
30,,480,8,8,cpu_turf_distribution,,,,,,,,,,,,,4,4.5,120,150,10,0.625,,
30,,480,8,8,cpu_turf_distribution,,,,,,,,,,,,,4,4.5,150,180,8,0.5,,
30,,480,8,8,cpu_turf_distribution,,,,,,,,,,,,,4,4.5,180,210,5,0.3125,,
30,,480,8,8,cpu_turf_distribution,,,,,,,,,,,,,4,4.5,210,240,9,0.5625,,
30,,480,8,8,cpu_turf_distribution,,,,,,,,,,,,,4,4.5,240,270,6,0.375,,
30,,480,8,8,cpu_turf_distribution,,,,,,,,,,,,,4,4.5,270,300,12,0.75,,
30,,480,8,8,cpu_turf_distribution,,,,,,,,,,,,,4,4.5,300,330,13,0.8125,,
30,,480,8,8,cpu_turf_distribution,,,,,,,,,,,,,4,4.5,330,360,17,1.0625,,
30,,480,8,8,cpu_turf_distribution,,,,,,,,,,,,,4.5,5,0,30,7,0.4375,,
30,,480,8,8,cpu_turf_distribution,,,,,,,,,,,,,4.5,5,30,60,11,0.6875,,
30,,480,8,8,cpu_turf_distribution,,,,,,,,,,,,,4.5,5,60,90,15,0.9375,,
30,,480,8,8,cpu_turf_distribution,,,,,,,,,,,,,4.5,5,90,120,8,0.5,,
30,,480,8,8,cpu_turf_distribution,,,,,,,,,,,,,4.5,5,120,150,11,0.6875,,
30,,480,8,8,cpu_turf_distribution,,,,,,,,,,,,,4.5,5,150,180,19,1.1875,,
30,,480,8,8,cpu_turf_distribution,,,,,,,,,,,,,4.5,5,180,210,16,1,,
30,,480,8,8,cpu_turf_distribution,,,,,,,,,,,,,4.5,5,210,240,15,0.9375,,
30,,480,8,8,cpu_turf_distribution,,,,,,,,,,,,,4.5,5,240,270,18,1.125,,
30,,480,8,8,cpu_turf_distribution,,,,,,,,,,,,,4.5,5,270,300,16,1,,
30,,480,8,8,cpu_turf_distribution,,,,,,,,,,,,,4.5,5,300,330,11,0.6875,,
30,,480,8,8,cpu_turf_distribution,,,,,,,,,,,,,4.5,5,330,360,13,0.8125,,
30,,480,8,8,cpu_turf_distribution,,,,,,,,,,,,,5,5.5,0,30,2,0.125,,
30,,480,8,8,cpu_turf_distribution,,,,,,,,,,,,,5,5.5,30,60,9,0.5625,,
30,,480,8,8,cpu_turf_distribution,,,,,,,,,,,,,5,5.5,60,90,15,0.9375,,
30,,480,8,8,cpu_turf_distribution,,,,,,,,,,,,,5,5.5,90,120,14,0.875,,
30,,480,8,8,cpu_turf_distribution,,,,,,,,,,,,,5,5.5,120,150,9,0.5625,,
30,,480,8,8,cpu_turf_distribution,,,,,,,,,,,,,5,5.5,150,180,16,1,,
30,,480,8,8,cpu_turf_distribution,,,,,,,,,,,,,5,5.5,180,210,22,1.375,,
30,,480,8,8,cpu_turf_distribution,,,,,,,,,,,,,5,5.5,210,240,10,0.625,,
30,,480,8,8,cpu_turf_distribution,,,,,,,,,,,,,5,5.5,240,270,19,1.1875,,
30,,480,8,8,cpu_turf_distribution,,,,,,,,,,,,,5,5.5,270,300,20,1.25,,
30,,480,8,8,cpu_turf_distribution,,,,,,,,,,,,,5,5.5,300,330,9,0.5625,,
30,,480,8,8,cpu_turf_distribution,,,,,,,,,,,,,5,5.5,330,360,6,0.375,,
30,,480,8,8,cpu_turf_distribution,,,,,,,,,,,,,5.5,6,0,30,5,0.3125,,
30,,480,8,8,cpu_turf_distribution,,,,,,,,,,,,,5.5,6,30,60,2,0.125,,
30,,480,8,8,cpu_turf_distribution,,,,,,,,,,,,,5.5,6,60,90,6,0.375,,
30,,480,8,8,cpu_turf_distribution,,,,,,,,,,,,,5.5,6,90,120,23,1.4375,,
30,,480,8,8,cpu_turf_distribution,,,,,,,,,,,,,5.5,6,120,150,5,0.3125,,
30,,480,8,8,cpu_turf_distribution,,,,,,,,,,,,,5.5,6,150,180,4,0.25,,
30,,480,8,8,cpu_turf_distribution,,,,,,,,,,,,,5.5,6,180,210,8,0.5,,
30,,480,8,8,cpu_turf_distribution,,,,,,,,,,,,,5.5,6,210,240,3,0.1875,,
30,,480,8,8,cpu_turf_distribution,,,,,,,,,,,,,5.5,6,240,270,19,1.1875,,
30,,480,8,8,cpu_turf_distribution,,,,,,,,,,,,,5.5,6,270,300,18,1.125,,
30,,480,8,8,cpu_turf_distribution,,,,,,,,,,,,,5.5,6,300,330,12,0.75,,
30,,480,8,8,cpu_turf_distribution,,,,,,,,,,,,,5.5,6,330,360,5,0.3125,,
30,,480,8,8,cpu_turf_distribution,,,,,,,,,,,,,6,6.5,0,30,12,0.75,,
30,,480,8,8,cpu_turf_distribution,,,,,,,,,,,,,6,6.5,30,60,4,0.25,,
30,,480,8,8,cpu_turf_distribution,,,,,,,,,,,,,6,6.5,60,90,9,0.5625,,
30,,480,8,8,cpu_turf_distribution,,,,,,,,,,,,,6,6.5,90,120,25,1.5625,,
30,,480,8,8,cpu_turf_distribution,,,,,,,,,,,,,6,6.5,120,150,10,0.625,,
30,,480,8,8,cpu_turf_distribution,,,,,,,,,,,,,6,6.5,150,180,17,1.0625,,
30,,480,8,8,cpu_turf_distribution,,,,,,,,,,,,,6,6.5,180,210,16,1,,
30,,480,8,8,cpu_turf_distribution,,,,,,,,,,,,,6,6.5,210,240,14,0.875,,
30,,480,8,8,cpu_turf_distribution,,,,,,,,,,,,,6,6.5,240,270,25,1.5625,,
30,,480,8,8,cpu_turf_distribution,,,,,,,,,,,,,6,6.5,270,300,12,0.75,,
30,,480,8,8,cpu_turf_distribution,,,,,,,,,,,,,6,6.5,300,330,20,1.25,,
30,,480,8,8,cpu_turf_distribution,,,,,,,,,,,,,6,6.5,330,360,2,0.125,,
30,,480,8,8,cpu_turf_distribution,,,,,,,,,,,,,6.5,7,0,30,10,0.625,,
30,,480,8,8,cpu_turf_distribution,,,,,,,,,,,,,6.5,7,30,60,12,0.75,,
30,,480,8,8,cpu_turf_distribution,,,,,,,,,,,,,6.5,7,60,90,19,1.1875,,
30,,480,8,8,cpu_turf_distribution,,,,,,,,,,,,,6.5,7,90,120,26,1.625,,
30,,480,8,8,cpu_turf_distribution,,,,,,,,,,,,,6.5,7,120,150,10,0.625,,
30,,480,8,8,cpu_turf_distribution,,,,,,,,,,,,,6.5,7,150,180,22,1.375,,
30,,480,8,8,cpu_turf_distribution,,,,,,,,,,,,,6.5,7,180,210,23,1.4375,,
30,,480,8,8,cpu_turf_distribution,,,,,,,,,,,,,6.5,7,210,240,19,1.1875,,
30,,480,8,8,cpu_turf_distribution,,,,,,,,,,,,,6.5,7,240,270,20,1.25,,
30,,480,8,8,cpu_turf_distribution,,,,,,,,,,,,,6.5,7,270,300,15,0.9375,,
30,,480,8,8,cpu_turf_distribution,,,,,,,,,,,,,6.5,7,300,330,15,0.9375,,
30,,480,8,8,cpu_turf_distribution,,,,,,,,,,,,,6.5,7,330,360,7,0.4375,,
30,,480,8,8,cpu_turf_distribution,,,,,,,,,,,,,7,7.5,0,30,5,0.3125,,
30,,480,8,8,cpu_turf_distribution,,,,,,,,,,,,,7,7.5,30,60,13,0.8125,,
30,,480,8,8,cpu_turf_distribution,,,,,,,,,,,,,7,7.5,60,90,23,1.4375,,
30,,480,8,8,cpu_turf_distribution,,,,,,,,,,,,,7,7.5,90,120,20,1.25,,
30,,480,8,8,cpu_turf_distribution,,,,,,,,,,,,,7,7.5,120,150,11,0.6875,,
30,,480,8,8,cpu_turf_distribution,,,,,,,,,,,,,7,7.5,150,180,14,0.875,,
30,,480,8,8,cpu_turf_distribution,,,,,,,,,,,,,7,7.5,180,210,20,1.25,,
30,,480,8,8,cpu_turf_distribution,,,,,,,,,,,,,7,7.5,210,240,18,1.125,,
30,,480,8,8,cpu_turf_distribution,,,,,,,,,,,,,7,7.5,240,270,2,0.125,,
30,,480,8,8,cpu_turf_distribution,,,,,,,,,,,,,7,7.5,270,300,20,1.25,,
30,,480,8,8,cpu_turf_distribution,,,,,,,,,,,,,7,7.5,300,330,3,0.1875,,
30,,480,8,8,cpu_turf_distribution,,,,,,,,,,,,,7,7.5,330,360,11,0.6875,,
30,,480,8,8,cpu_turf_distribution,,,,,,,,,,,,,7.5,8,0,30,19,1.1875,,
30,,480,8,8,cpu_turf_distribution,,,,,,,,,,,,,7.5,8,30,60,13,0.8125,,
30,,480,8,8,cpu_turf_distribution,,,,,,,,,,,,,7.5,8,60,90,20,1.25,,
30,,480,8,8,cpu_turf_distribution,,,,,,,,,,,,,7.5,8,90,120,17,1.0625,,
30,,480,8,8,cpu_turf_distribution,,,,,,,,,,,,,7.5,8,120,150,19,1.1875,,
30,,480,8,8,cpu_turf_distribution,,,,,,,,,,,,,7.5,8,150,180,10,0.625,,
30,,480,8,8,cpu_turf_distribution,,,,,,,,,,,,,7.5,8,180,210,8,0.5,,
30,,480,8,8,cpu_turf_distribution,,,,,,,,,,,,,7.5,8,210,240,15,0.9375,,
30,,480,8,8,cpu_turf_distribution,,,,,,,,,,,,,7.5,8,270,300,26,1.625,,
30,,480,8,8,cpu_turf_distribution,,,,,,,,,,,,,7.5,8,300,330,15,0.9375,,
30,,480,8,8,cpu_turf_distribution,,,,,,,,,,,,,7.5,8,330,360,25,1.5625,,
30,,480,8,8,cpu_turf_distribution,,,,,,,,,,,,,8,8.5,0,30,16,1,,
30,,480,8,8,cpu_turf_distribution,,,,,,,,,,,,,8,8.5,30,60,26,1.625,,
30,,480,8,8,cpu_turf_distribution,,,,,,,,,,,,,8,8.5,60,90,20,1.25,,
30,,480,8,8,cpu_turf_distribution,,,,,,,,,,,,,8,8.5,90,120,7,0.4375,,
30,,480,8,8,cpu_turf_distribution,,,,,,,,,,,,,8,8.5,120,150,24,1.5,,
30,,480,8,8,cpu_turf_distribution,,,,,,,,,,,,,8,8.5,150,180,11,0.6875,,
30,,480,8,8,cpu_turf_distribution,,,,,,,,,,,,,8,8.5,180,210,7,0.4375,,
30,,480,8,8,cpu_turf_distribution,,,,,,,,,,,,,8,8.5,210,240,17,1.0625,,
30,,480,8,8,cpu_turf_distribution,,,,,,,,,,,,,8,8.5,270,300,17,1.0625,,
30,,480,8,8,cpu_turf_distribution,,,,,,,,,,,,,8,8.5,300,330,25,1.5625,,
30,,480,8,8,cpu_turf_distribution,,,,,,,,,,,,,8,8.5,330,360,27,1.6875,,
30,,480,8,8,cpu_turf_distribution,,,,,,,,,,,,,8.5,9,0,30,18,1.125,,
30,,480,8,8,cpu_turf_distribution,,,,,,,,,,,,,8.5,9,30,60,28,1.75,,
30,,480,8,8,cpu_turf_distribution,,,,,,,,,,,,,8.5,9,60,90,15,0.9375,,
30,,480,8,8,cpu_turf_distribution,,,,,,,,,,,,,8.5,9,90,120,9,0.5625,,
30,,480,8,8,cpu_turf_distribution,,,,,,,,,,,,,8.5,9,120,150,23,1.4375,,
30,,480,8,8,cpu_turf_distribution,,,,,,,,,,,,,8.5,9,150,180,20,1.25,,
30,,480,8,8,cpu_turf_distribution,,,,,,,,,,,,,8.5,9,180,210,24,1.5,,
30,,480,8,8,cpu_turf_distribution,,,,,,,,,,,,,8.5,9,210,240,16,1,,
30,,480,8,8,cpu_turf_distribution,,,,,,,,,,,,,8.5,9,240,270,4,0.25,,
30,,480,8,8,cpu_turf_distribution,,,,,,,,,,,,,8.5,9,270,300,12,0.75,,
30,,480,8,8,cpu_turf_distribution,,,,,,,,,,,,,8.5,9,300,330,26,1.625,,
30,,480,8,8,cpu_turf_distribution,,,,,,,,,,,,,8.5,9,330,360,25,1.5625,,
30,,480,8,8,cpu_turf_distribution,,,,,,,,,,,,,9,9.5,0,30,23,1.4375,,
30,,480,8,8,cpu_turf_distribution,,,,,,,,,,,,,9,9.5,30,60,24,1.5,,
30,,480,8,8,cpu_turf_distribution,,,,,,,,,,,,,9,9.5,60,90,20,1.25,,
30,,480,8,8,cpu_turf_distribution,,,,,,,,,,,,,9,9.5,90,120,7,0.4375,,
30,,480,8,8,cpu_turf_distribution,,,,,,,,,,,,,9,9.5,120,150,21,1.3125,,
30,,480,8,8,cpu_turf_distribution,,,,,,,,,,,,,9,9.5,150,180,31,1.9375,,
30,,480,8,8,cpu_turf_distribution,,,,,,,,,,,,,9,9.5,180,210,37,2.3125,,
30,,480,8,8,cpu_turf_distribution,,,,,,,,,,,,,9,9.5,210,240,26,1.625,,
30,,480,8,8,cpu_turf_distribution,,,,,,,,,,,,,9,9.5,240,270,23,1.4375,,
30,,480,8,8,cpu_turf_distribution,,,,,,,,,,,,,9,9.5,270,300,27,1.6875,,
30,,480,8,8,cpu_turf_distribution,,,,,,,,,,,,,9,9.5,300,330,21,1.3125,,
30,,480,8,8,cpu_turf_distribution,,,,,,,,,,,,,9,9.5,330,360,25,1.5625,,
30,,480,8,8,cpu_turf_distribution,,,,,,,,,,,,,9.5,10,0,30,23,1.4375,,
30,,480,8,8,cpu_turf_distribution,,,,,,,,,,,,,9.5,10,30,60,18,1.125,,
30,,480,8,8,cpu_turf_distribution,,,,,,,,,,,,,9.5,10,60,90,19,1.1875,,
30,,480,8,8,cpu_turf_distribution,,,,,,,,,,,,,9.5,10,90,120,6,0.375,,
30,,480,8,8,cpu_turf_distribution,,,,,,,,,,,,,9.5,10,120,150,14,0.875,,
30,,480,8,8,cpu_turf_distribution,,,,,,,,,,,,,9.5,10,150,180,12,0.75,,
30,,480,8,8,cpu_turf_distribution,,,,,,,,,,,,,9.5,10,180,210,21,1.3125,,
30,,480,8,8,cpu_turf_distribution,,,,,,,,,,,,,9.5,10,210,240,20,1.25,,
30,,480,8,8,cpu_turf_distribution,,,,,,,,,,,,,9.5,10,240,270,19,1.1875,,
30,,480,8,8,cpu_turf_distribution,,,,,,,,,,,,,9.5,10,270,300,24,1.5,,
30,,480,8,8,cpu_turf_distribution,,,,,,,,,,,,,9.5,10,300,330,15,0.9375,,
30,,480,8,8,cpu_turf_distribution,,,,,,,,,,,,,9.5,10,330,360,13,0.8125,,
30,,480,8,8,cpu_turf_distribution,,,,,,,,,,,,,10,10.5,0,30,14,0.875,,
30,,480,8,8,cpu_turf_distribution,,,,,,,,,,,,,10,10.5,30,60,12,0.75,,
30,,480,8,8,cpu_turf_distribution,,,,,,,,,,,,,10,10.5,60,90,17,1.0625,,
30,,480,8,8,cpu_turf_distribution,,,,,,,,,,,,,10,10.5,120,150,6,0.375,,
30,,480,8,8,cpu_turf_distribution,,,,,,,,,,,,,10,10.5,150,180,3,0.1875,,
30,,480,8,8,cpu_turf_distribution,,,,,,,,,,,,,10,10.5,180,210,9,0.5625,,
30,,480,8,8,cpu_turf_distribution,,,,,,,,,,,,,10,10.5,210,240,8,0.5,,
30,,480,8,8,cpu_turf_distribution,,,,,,,,,,,,,10,10.5,240,270,9,0.5625,,
30,,480,8,8,cpu_turf_distribution,,,,,,,,,,,,,10,10.5,270,300,8,0.5,,
30,,480,8,8,cpu_turf_distribution,,,,,,,,,,,,,10,10.5,300,330,2,0.125,,
30,,480,8,8,cpu_turf_distribution,,,,,,,,,,,,,10,10.5,330,360,3,0.1875,,
30,,480,8,8,cpu_turf_distribution,,,,,,,,,,,,,10.5,11,0,30,2,0.125,,
30,,480,8,8,cpu_turf_distribution,,,,,,,,,,,,,10.5,11,60,90,2,0.125,,
30,,480,8,8,cpu_turf_distribution,,,,,,,,,,,,,10.5,11,210,240,1,0.0625,,
30,,480,8,8,cpu_turf_distribution,,,,,,,,,,,,,10.5,11,270,300,1,0.0625,,
30,,,,,summary,,,,,,,,,,,,,,,,,,,renderHz,30
30,,,,,summary,,,,,,,,,,,,,,,,,,,renderFrames,240
30,,,,,summary,,,,,,,,,,,,,,,,,,,fixedSimulationHz,60
30,,,,,summary,,,,,,,,,,,,,,,,,,,fixedSimulationTicks,480
30,,,,,summary,,,,,,,,,,,,,,,,,,,fixedSimulationSeconds,8
30,,,,,summary,,,,,,,,,,,,,,,,,,,cloudCount,1
30,,,,,summary,,,,,,,,,,,,,,,,,,,cloudRemovedAtEnd,true
30,,,,,summary,,,,,,,,,,,,,,,,,,,candidateRayEmissions,178
30,,,,,summary,,,,,,,,,,,,,,,,,,,rayGroundHits,178
30,,,,,summary,,,,,,,,,,,,,,,,,,,paintWriteEvents,178
30,,,,,summary,,,,,,,,,,,,,,,,,,,auditCandidateRayEmissions,178
30,,,,,summary,,,,,,,,,,,,,,,,,,,auditRayGroundHits,178
30,,,,,summary,,,,,,,,,,,,,,,,,,,auditPaintEvents,178
30,,,,,summary,,,,,,,,,,,,,,,,,,,cosmeticRainCalls,480
30,,,,,summary,,,,,,,,,,,,,,,,,,,cosmeticParticleEmissions,6384
30,,,,,summary,,,,,,,,,,,,,,,,,,,cosmeticParticleBatchEvents,480
30,,,,,summary,,,,,,,,,,,,,,,,,,,paintFlaggedCosmeticEmissions,0
30,,,,,summary,,,,,,,,,,,,,,,,,,,summedCircularBrushFootprintWorldUnitsSquared,233.134166494
30,,,,,summary,,,,,,,,,,,,,,,,,,,summedClaimedWorldUnitsSquared,170.6875
30,,,,,summary,,,,,,,,,,,,,,,,,,,finalCpuTurfCellsFromGrid,2731
30,,,,,summary,,,,,,,,,,,,,,,,,,,finalCpuTurfUnionWorldUnitsSquared,170.6875
30,,,,,summary,,,,,,,,,,,,,,,,,,,finalCpuTurfCellsFromPaintCounts,2731
30,,,,,summary,,,,,,,,,,,,,,,,,,,finalCpuTurfGridVersion,174
30,,,,,summary,,,,,,,,,,,,,,,,,,,renderCadenceSimulationTimeSeconds,8
60,1,1,0.016666667,0.016666667,cosmetic_fx_rain_batch,,,0,5,0,,3.676925926,,,,2,0,,,,,,,,
60,1,1,0.016666667,0.016666667,candidate_ray_emission,0,true,0.196859085,4.2,0.468555467,12,,,,,,,,,,,,,,
60,1,1,0.016666667,0.016666667,ray_ground_hit,0,,0.196859085,0,0.468555467,,,,,,,,,,,,,,,
60,1,1,0.016666667,0.016666667,paint_splat_write,0,,0.196859085,0.1,0.468555467,,0.52763879,0.874627856,0.875,14,,,,,,,,,,
60,2,2,0.033333333,0.033333333,cosmetic_fx_rain_batch,,,0,5,0,,4.308740741,,,,3,0,,,,,,,,
60,3,3,0.05,0.05,cosmetic_fx_rain_batch,,,0,5,0,,4.897,,,,3,0,,,,,,,,
60,3,3,0.05,0.05,candidate_ray_emission,1,true,2.399743553,4.2,-0.4423603,12,,,,,,,,,,,,,,
60,3,3,0.05,0.05,ray_ground_hit,1,,2.399743553,0,-0.4423603,,,,,,,,,,,,,,,
60,3,3,0.05,0.05,paint_splat_write,1,,2.399743553,0.1,-0.4423603,,0.51453686,0.831730939,0.6875,11,,,,,,,,,,
60,4,4,0.066666667,0.066666667,cosmetic_fx_rain_batch,,,0,5,0,,5.443259259,,,,4,0,,,,,,,,
60,5,5,0.083333333,0.083333333,cosmetic_fx_rain_batch,,,0,5,0,,5.949074074,,,,5,0,,,,,,,,
60,6,6,0.1,0.1,cosmetic_fx_rain_batch,,,0,5,0,,6.416,,,,6,0,,,,,,,,
60,6,6,0.1,0.1,candidate_ray_emission,2,true,1.933938933,4.2,4.288816776,12,,,,,,,,,,,,,,
60,6,6,0.1,0.1,ray_ground_hit,2,,1.933938933,0,4.288816776,,,,,,,,,,,,,,,
60,6,6,0.1,0.1,paint_splat_write,2,,1.933938933,0.1,4.288816776,,0.747809104,1.756836593,1.875,30,,,,,,,,,,
60,7,7,0.116666667,0.116666667,cosmetic_fx_rain_batch,,,0,5,0,,6.845592593,,,,6,0,,,,,,,,
60,8,8,0.133333333,0.133333333,cosmetic_fx_rain_batch,,,0,5,0,,7.239407407,,,,8,0,,,,,,,,
60,9,9,0.15,0.15,cosmetic_fx_rain_batch,,,0,5,0,,7.599,,,,8,0,,,,,,,,
60,9,9,0.15,0.15,candidate_ray_emission,3,true,-1.708082484,4.2,5.523819803,12,,,,,,,,,,,,,,
60,9,9,0.15,0.15,ray_ground_hit,3,,-1.708082484,0,5.523819803,,,,,,,,,,,,,,,
60,9,9,0.15,0.15,paint_splat_write,3,,-1.708082484,0.1,5.523819803,,0.477351998,0.715858791,0.875,14,,,,,,,,,,
60,10,10,0.166666667,0.166666667,cosmetic_fx_rain_batch,,,0,5,0,,7.925925926,,,,9,0,,,,,,,,
60,11,11,0.183333333,0.183333333,cosmetic_fx_rain_batch,,,0,5,0,,8.221740741,,,,10,0,,,,,,,,
60,11,11,0.183333333,0.183333333,candidate_ray_emission,4,true,0.933568203,4.2,-6.099013304,12,,,,,,,,,,,,,,
60,11,11,0.183333333,0.183333333,ray_ground_hit,4,,0.933568203,0,-6.099013304,,,,,,,,,,,,,,,
60,11,11,0.183333333,0.183333333,paint_splat_write,4,,0.933568203,0.1,-6.099013304,,0.660423642,1.370235124,1.3125,21,,,,,,,,,,
60,12,12,0.2,0.2,cosmetic_fx_rain_batch,,,0,5,0,,8.488,,,,10,0,,,,,,,,
60,13,13,0.216666667,0.216666667,cosmetic_fx_rain_batch,,,0,5,0,,8.726259259,,,,11,0,,,,,,,,
60,14,14,0.233333333,0.233333333,cosmetic_fx_rain_batch,,,0,5,0,,8.938074074,,,,11,0,,,,,,,,
60,14,14,0.233333333,0.233333333,candidate_ray_emission,5,true,4.329120916,4.2,-0.44575322,12,,,,,,,,,,,,,,
60,14,14,0.233333333,0.233333333,ray_ground_hit,5,,4.329120916,0,-0.44575322,,,,,,,,,,,,,,,
60,14,14,0.233333333,0.233333333,paint_splat_write,5,,4.329120916,0.1,-0.44575322,,0.566341446,1.007642701,1.0625,17,,,,,,,,,,
60,15,15,0.25,0.25,cosmetic_fx_rain_batch,,,0,5,0,,9.125,,,,12,0,,,,,,,,
60,16,16,0.266666667,0.266666667,cosmetic_fx_rain_batch,,,0,5,0,,9.288592593,,,,12,0,,,,,,,,
60,17,17,0.283333333,0.283333333,cosmetic_fx_rain_batch,,,0,5,0,,9.430407407,,,,12,0,,,,,,,,
60,17,17,0.283333333,0.283333333,candidate_ray_emission,6,true,-4.606300515,4.2,-5.557816832,12,,,,,,,,,,,,,,
60,17,17,0.283333333,0.283333333,ray_ground_hit,6,,-4.606300515,0,-5.557816832,,,,,,,,,,,,,,,
60,17,17,0.283333333,0.283333333,paint_splat_write,6,,-4.606300515,0.1,-5.557816832,,0.629093964,1.243314243,1.25,20,,,,,,,,,,
60,18,18,0.3,0.3,cosmetic_fx_rain_batch,,,0,5,0,,9.552,,,,13,0,,,,,,,,
60,19,19,0.316666667,0.316666667,cosmetic_fx_rain_batch,,,0,5,0,,9.654925926,,,,13,0,,,,,,,,
60,19,19,0.316666667,0.316666667,candidate_ray_emission,7,true,1.435365035,4.2,-3.158291658,12,,,,,,,,,,,,,,
60,19,19,0.316666667,0.316666667,ray_ground_hit,7,,1.435365035,0,-3.158291658,,,,,,,,,,,,,,,
60,19,19,0.316666667,0.316666667,paint_splat_write,7,,1.435365035,0.1,-3.158291658,,0.791667594,1.968954174,1.8125,29,,,,,,,,,,
60,20,20,0.333333333,0.333333333,cosmetic_fx_rain_batch,,,0,5,0,,9.740740741,,,,14,0,,,,,,,,
60,21,21,0.35,0.35,cosmetic_fx_rain_batch,,,0,5,0,,9.811,,,,13,0,,,,,,,,
60,22,22,0.366666667,0.366666667,cosmetic_fx_rain_batch,,,0,5,0,,9.867259259,,,,13,0,,,,,,,,
60,22,22,0.366666667,0.366666667,candidate_ray_emission,8,true,5.447445022,4.2,-3.660181721,12,,,,,,,,,,,,,,
60,22,22,0.366666667,0.366666667,ray_ground_hit,8,,5.447445022,0,-3.660181721,,,,,,,,,,,,,,,
60,22,22,0.366666667,0.366666667,paint_splat_write,8,,5.447445022,0.1,-3.660181721,,0.567874698,1.013106053,1.0625,17,,,,,,,,,,
60,23,23,0.383333333,0.383333333,cosmetic_fx_rain_batch,,,0,5,0,,9.911074074,,,,14,0,,,,,,,,
60,24,24,0.4,0.4,cosmetic_fx_rain_batch,,,0,5,0,,9.944,,,,14,0,,,,,,,,
60,25,25,0.416666667,0.416666667,cosmetic_fx_rain_batch,,,0,5,0,,9.967592593,,,,14,0,,,,,,,,
60,25,25,0.416666667,0.416666667,candidate_ray_emission,9,true,-2.969909519,4.2,-0.664211261,12,,,,,,,,,,,,,,
60,25,25,0.416666667,0.416666667,ray_ground_hit,9,,-2.969909519,0,-0.664211261,,,,,,,,,,,,,,,
60,25,25,0.416666667,0.416666667,paint_splat_write,9,,-2.969909519,0.1,-0.664211261,,0.735115619,1.69770088,1.5625,25,,,,,,,,,,
60,26,26,0.433333333,0.433333333,cosmetic_fx_rain_batch,,,0,5,0,,9.983407407,,,,15,0,,,,,,,,
60,27,27,0.45,0.45,cosmetic_fx_rain_batch,,,0,5,0,,9.993,,,,14,0,,,,,,,,
60,27,27,0.45,0.45,candidate_ray_emission,10,true,-6.39704425,4.2,-3.824069661,12,,,,,,,,,,,,,,
60,27,27,0.45,0.45,ray_ground_hit,10,,-6.39704425,0,-3.824069661,,,,,,,,,,,,,,,
60,27,27,0.45,0.45,paint_splat_write,10,,-6.39704425,0.1,-3.824069661,,0.641460821,1.292677366,1.1875,19,,,,,,,,,,
60,28,28,0.466666667,0.466666667,cosmetic_fx_rain_batch,,,0,5,0,,9.997925926,,,,14,0,,,,,,,,
60,29,29,0.483333333,0.483333333,cosmetic_fx_rain_batch,,,0,5,0,,9.999740741,,,,14,0,,,,,,,,
60,30,30,0.5,0.5,cosmetic_fx_rain_batch,,,0,5,0,,10,,,,15,0,,,,,,,,
60,30,30,0.5,0.5,candidate_ray_emission,11,true,-5.54183311,4.2,4.103392302,12,,,,,,,,,,,,,,
60,30,30,0.5,0.5,ray_ground_hit,11,,-5.54183311,0,4.103392302,,,,,,,,,,,,,,,
60,30,30,0.5,0.5,paint_splat_write,11,,-5.54183311,0.1,4.103392302,,0.488826273,0.750687099,0.625,10,,,,,,,,,,
60,31,31,0.516666667,0.516666667,cosmetic_fx_rain_batch,,,0,5,0,,10,,,,14,0,,,,,,,,
60,32,32,0.533333333,0.533333333,cosmetic_fx_rain_batch,,,0,5,0,,10,,,,14,0,,,,,,,,
60,33,33,0.55,0.55,cosmetic_fx_rain_batch,,,0,5,0,,10,,,,14,0,,,,,,,,
60,33,33,0.55,0.55,candidate_ray_emission,12,true,3.023477544,4.2,-6.808849255,12,,,,,,,,,,,,,,
60,33,33,0.55,0.55,ray_ground_hit,12,,3.023477544,0,-6.808849255,,,,,,,,,,,,,,,
60,33,33,0.55,0.55,paint_splat_write,12,,3.023477544,0.1,-6.808849255,,0.580995252,1.060461824,1,16,,,,,,,,,,
60,34,34,0.566666667,0.566666667,cosmetic_fx_rain_batch,,,0,5,0,,10,,,,14,0,,,,,,,,
60,35,35,0.583333333,0.583333333,cosmetic_fx_rain_batch,,,0,5,0,,10,,,,14,0,,,,,,,,
60,36,36,0.6,0.6,cosmetic_fx_rain_batch,,,0,5,0,,10,,,,14,0,,,,,,,,
60,36,36,0.6,0.6,candidate_ray_emission,13,true,8.653366153,4.2,2.253592179,12,,,,,,,,,,,,,,
60,36,36,0.6,0.6,ray_ground_hit,13,,8.653366153,0,2.253592179,,,,,,,,,,,,,,,
60,36,36,0.6,0.6,paint_splat_write,13,,8.653366153,0.1,2.253592179,,0.518051305,0.843131697,0.8125,13,,,,,,,,,,
60,37,37,0.616666667,0.616666667,cosmetic_fx_rain_batch,,,0,5,0,,10,,,,14,0,,,,,,,,
60,38,38,0.633333333,0.633333333,cosmetic_fx_rain_batch,,,0,5,0,,10,,,,14,0,,,,,,,,
60,38,38,0.633333333,0.633333333,candidate_ray_emission,14,true,-7.350102827,4.2,2.727954271,12,,,,,,,,,,,,,,
60,38,38,0.633333333,0.633333333,ray_ground_hit,14,,-7.350102827,0,2.727954271,,,,,,,,,,,,,,,
60,38,38,0.633333333,0.633333333,paint_splat_write,14,,-7.350102827,0.1,2.727954271,,0.607396466,1.159029245,1.125,18,,,,,,,,,,
60,39,39,0.65,0.65,cosmetic_fx_rain_batch,,,0,5,0,,10,,,,14,0,,,,,,,,
60,40,40,0.666666667,0.666666667,cosmetic_fx_rain_batch,,,0,5,0,,10,,,,14,0,,,,,,,,
60,41,41,0.683333333,0.683333333,cosmetic_fx_rain_batch,,,0,5,0,,10,,,,14,0,,,,,,,,
60,41,41,0.683333333,0.683333333,candidate_ray_emission,15,true,3.723665087,4.2,7.418525628,12,,,,,,,,,,,,,,
60,41,41,0.683333333,0.683333333,ray_ground_hit,15,,3.723665087,0,7.418525628,,,,,,,,,,,,,,,
60,41,41,0.683333333,0.683333333,paint_splat_write,15,,3.723665087,0.1,7.418525628,,0.746695489,1.751608033,1.625,26,,,,,,,,,,
60,42,42,0.7,0.7,cosmetic_fx_rain_batch,,,0,5,0,,10,,,,14,0,,,,,,,,
60,43,43,0.716666667,0.716666667,cosmetic_fx_rain_batch,,,0,5,0,,10,,,,14,0,,,,,,,,
60,44,44,0.733333333,0.733333333,cosmetic_fx_rain_batch,,,0,5,0,,10,,,,14,0,,,,,,,,
60,44,44,0.733333333,0.733333333,candidate_ray_emission,16,true,-2.39190079,4.2,-3.781634357,12,,,,,,,,,,,,,,
60,44,44,0.733333333,0.733333333,ray_ground_hit,16,,-2.39190079,0,-3.781634357,,,,,,,,,,,,,,,
60,44,44,0.733333333,0.733333333,paint_splat_write,16,,-2.39190079,0.1,-3.781634357,,0.751374509,1.773629022,1.75,28,,,,,,,,,,
60,45,45,0.75,0.75,cosmetic_fx_rain_batch,,,0,5,0,,10,,,,14,0,,,,,,,,
60,46,46,0.766666667,0.766666667,cosmetic_fx_rain_batch,,,0,5,0,,10,,,,15,0,,,,,,,,
60,46,46,0.766666667,0.766666667,candidate_ray_emission,17,true,7.703741191,4.2,-2.071856961,12,,,,,,,,,,,,,,
60,46,46,0.766666667,0.766666667,ray_ground_hit,17,,7.703741191,0,-2.071856961,,,,,,,,,,,,,,,
60,46,46,0.766666667,0.766666667,paint_splat_write,17,,7.703741191,0.1,-2.071856961,,0.631838084,1.254184621,1.1875,19,,,,,,,,,,
60,47,47,0.783333333,0.783333333,cosmetic_fx_rain_batch,,,0,5,0,,10,,,,14,0,,,,,,,,
60,48,48,0.8,0.8,cosmetic_fx_rain_batch,,,0,5,0,,10,,,,14,0,,,,,,,,
60,49,49,0.816666667,0.816666667,cosmetic_fx_rain_batch,,,0,5,0,,10,,,,14,0,,,,,,,,
60,49,49,0.816666667,0.816666667,candidate_ray_emission,18,true,-6.573177007,4.2,-0.718120706,12,,,,,,,,,,,,,,
60,49,49,0.816666667,0.816666667,ray_ground_hit,18,,-6.573177007,0,-0.718120706,,,,,,,,,,,,,,,
60,49,49,0.816666667,0.816666667,paint_splat_write,18,,-6.573177007,0.1,-0.718120706,,0.697665718,1.529130809,1.5625,25,,,,,,,,,,
60,50,50,0.833333333,0.833333333,cosmetic_fx_rain_batch,,,0,5,0,,10,,,,14,0,,,,,,,,
60,51,51,0.85,0.85,cosmetic_fx_rain_batch,,,0,5,0,,10,,,,14,0,,,,,,,,
60,52,52,0.866666667,0.866666667,cosmetic_fx_rain_batch,,,0,5,0,,10,,,,14,0,,,,,,,,
60,52,52,0.866666667,0.866666667,candidate_ray_emission,19,true,-6.076961072,4.2,5.152142653,12,,,,,,,,,,,,,,
60,52,52,0.866666667,0.866666667,ray_ground_hit,19,,-6.076961072,0,5.152142653,,,,,,,,,,,,,,,
60,52,52,0.866666667,0.866666667,paint_splat_write,19,,-6.076961072,0.1,5.152142653,,0.513563496,0.828587097,0.8125,13,,,,,,,,,,
60,53,53,0.883333333,0.883333333,cosmetic_fx_rain_batch,,,0,5,0,,10,,,,14,0,,,,,,,,
60,54,54,0.9,0.9,cosmetic_fx_rain_batch,,,0,5,0,,10,,,,14,0,,,,,,,,
60,54,54,0.9,0.9,candidate_ray_emission,20,true,-0.434881083,4.2,6.298040723,12,,,,,,,,,,,,,,
60,54,54,0.9,0.9,ray_ground_hit,20,,-0.434881083,0,6.298040723,,,,,,,,,,,,,,,
60,54,54,0.9,0.9,paint_splat_write,20,,-0.434881083,0.1,6.298040723,,0.713227105,1.598105886,1.5,24,,,,,,,,,,
60,55,55,0.916666667,0.916666667,cosmetic_fx_rain_batch,,,0,5,0,,10,,,,14,0,,,,,,,,
60,56,56,0.933333333,0.933333333,cosmetic_fx_rain_batch,,,0,5,0,,10,,,,14,0,,,,,,,,
60,57,57,0.95,0.95,cosmetic_fx_rain_batch,,,0,5,0,,10,,,,14,0,,,,,,,,
60,57,57,0.95,0.95,candidate_ray_emission,21,true,0.643569391,4.2,1.205698584,12,,,,,,,,,,,,,,
60,57,57,0.95,0.95,ray_ground_hit,21,,0.643569391,0,1.205698584,,,,,,,,,,,,,,,
60,57,57,0.95,0.95,paint_splat_write,21,,0.643569391,0.1,1.205698584,,0.74209362,1.730084311,1.25,20,,,,,,,,,,
60,58,58,0.966666667,0.966666667,cosmetic_fx_rain_batch,,,0,5,0,,10,,,,14,0,,,,,,,,
60,59,59,0.983333333,0.983333333,cosmetic_fx_rain_batch,,,0,5,0,,10,,,,14,0,,,,,,,,
60,60,60,1,1,cosmetic_fx_rain_batch,,,0,5,0,,10,,,,15,0,,,,,,,,
60,60,60,1,1,candidate_ray_emission,22,true,-8.937581373,4.2,-0.360692599,12,,,,,,,,,,,,,,
60,60,60,1,1,ray_ground_hit,22,,-8.937581373,0,-0.360692599,,,,,,,,,,,,,,,
60,60,60,1,1,paint_splat_write,22,,-8.937581373,0.1,-0.360692599,,0.554189341,0.964864237,1.125,18,,,,,,,,,,
60,61,61,1.016666667,1.016666667,cosmetic_fx_rain_batch,,,0,5,0,,10,,,,14,0,,,,,,,,
60,62,62,1.033333333,1.033333333,cosmetic_fx_rain_batch,,,0,5,0,,10,,,,14,0,,,,,,,,
60,63,63,1.05,1.05,cosmetic_fx_rain_batch,,,0,5,0,,10,,,,14,0,,,,,,,,
60,63,63,1.05,1.05,candidate_ray_emission,23,true,-7.580370119,4.2,-5.620806052,12,,,,,,,,,,,,,,
60,63,63,1.05,1.05,ray_ground_hit,23,,-7.580370119,0,-5.620806052,,,,,,,,,,,,,,,
60,63,63,1.05,1.05,paint_splat_write,23,,-7.580370119,0.1,-5.620806052,,0.511922958,0.823301841,0.8125,13,,,,,,,,,,
60,64,64,1.066666667,1.066666667,cosmetic_fx_rain_batch,,,0,5,0,,10,,,,14,0,,,,,,,,
60,65,65,1.083333333,1.083333333,cosmetic_fx_rain_batch,,,0,5,0,,10,,,,14,0,,,,,,,,
60,65,65,1.083333333,1.083333333,candidate_ray_emission,24,true,3.124773031,4.2,2.286805803,12,,,,,,,,,,,,,,
60,65,65,1.083333333,1.083333333,ray_ground_hit,24,,3.124773031,0,2.286805803,,,,,,,,,,,,,,,
60,65,65,1.083333333,1.083333333,paint_splat_write,24,,3.124773031,0.1,2.286805803,,0.778606711,1.904522723,1.8125,29,,,,,,,,,,
60,66,66,1.1,1.1,cosmetic_fx_rain_batch,,,0,5,0,,10,,,,14,0,,,,,,,,
60,67,67,1.116666667,1.116666667,cosmetic_fx_rain_batch,,,0,5,0,,10,,,,14,0,,,,,,,,
60,68,68,1.133333333,1.133333333,cosmetic_fx_rain_batch,,,0,5,0,,10,,,,14,0,,,,,,,,
60,68,68,1.133333333,1.133333333,candidate_ray_emission,25,true,3.194147914,4.2,-4.550689233,12,,,,,,,,,,,,,,
60,68,68,1.133333333,1.133333333,ray_ground_hit,25,,3.194147914,0,-4.550689233,,,,,,,,,,,,,,,
60,68,68,1.133333333,1.133333333,paint_splat_write,25,,3.194147914,0.1,-4.550689233,,0.519509605,0.847885161,0.875,14,,,,,,,,,,
60,69,69,1.15,1.15,cosmetic_fx_rain_batch,,,0,5,0,,10,,,,14,0,,,,,,,,
60,70,70,1.166666667,1.166666667,cosmetic_fx_rain_batch,,,0,5,0,,10,,,,14,0,,,,,,,,
60,71,71,1.183333333,1.183333333,cosmetic_fx_rain_batch,,,0,5,0,,10,,,,15,0,,,,,,,,
60,71,71,1.183333333,1.183333333,candidate_ray_emission,26,true,2.966106797,4.2,-9.107017581,12,,,,,,,,,,,,,,
60,71,71,1.183333333,1.183333333,ray_ground_hit,26,,2.966106797,0,-9.107017581,,,,,,,,,,,,,,,
60,71,71,1.183333333,1.183333333,paint_splat_write,26,,2.966106797,0.1,-9.107017581,,0.479691319,0.722892287,0.6875,11,,,,,,,,,,
60,72,72,1.2,1.2,cosmetic_fx_rain_batch,,,0,5,0,,10,,,,14,0,,,,,,,,
60,73,73,1.216666667,1.216666667,cosmetic_fx_rain_batch,,,0,5,0,,10,,,,14,0,,,,,,,,
60,73,73,1.216666667,1.216666667,candidate_ray_emission,27,true,-5.794089097,4.2,6.606148043,12,,,,,,,,,,,,,,
60,73,73,1.216666667,1.216666667,ray_ground_hit,27,,-5.794089097,0,6.606148043,,,,,,,,,,,,,,,
60,73,73,1.216666667,1.216666667,paint_splat_write,27,,-5.794089097,0.1,6.606148043,,0.565971073,1.006325188,1,16,,,,,,,,,,
60,74,74,1.233333333,1.233333333,cosmetic_fx_rain_batch,,,0,5,0,,10,,,,14,0,,,,,,,,
60,75,75,1.25,1.25,cosmetic_fx_rain_batch,,,0,5,0,,10,,,,14,0,,,,,,,,
60,76,76,1.266666667,1.266666667,cosmetic_fx_rain_batch,,,0,5,0,,10,,,,14,0,,,,,,,,
60,76,76,1.266666667,1.266666667,candidate_ray_emission,28,true,7.690057779,4.2,3.741951445,12,,,,,,,,,,,,,,
60,76,76,1.266666667,1.266666667,ray_ground_hit,28,,7.690057779,0,3.741951445,,,,,,,,,,,,,,,
60,76,76,1.266666667,1.266666667,paint_splat_write,28,,7.690057779,0.1,3.741951445,,0.513721744,0.829097813,0.8125,13,,,,,,,,,,
60,77,77,1.283333333,1.283333333,cosmetic_fx_rain_batch,,,0,5,0,,10,,,,14,0,,,,,,,,
60,78,78,1.3,1.3,cosmetic_fx_rain_batch,,,0,5,0,,10,,,,14,0,,,,,,,,
60,79,79,1.316666667,1.316666667,cosmetic_fx_rain_batch,,,0,5,0,,10,,,,14,0,,,,,,,,
60,79,79,1.316666667,1.316666667,candidate_ray_emission,29,true,-7.564039885,4.2,-4.284862754,12,,,,,,,,,,,,,,
60,79,79,1.316666667,1.316666667,ray_ground_hit,29,,-7.564039885,0,-4.284862754,,,,,,,,,,,,,,,
60,79,79,1.316666667,1.316666667,paint_splat_write,29,,-7.564039885,0.1,-4.284862754,,0.734736461,1.695950048,1.5625,25,,,,,,,,,,
60,80,80,1.333333333,1.333333333,cosmetic_fx_rain_batch,,,0,5,0,,10,,,,14,0,,,,,,,,
60,81,81,1.35,1.35,cosmetic_fx_rain_batch,,,0,5,0,,10,,,,14,0,,,,,,,,
60,81,81,1.35,1.35,candidate_ray_emission,30,true,-0.089550803,4.2,-5.070122334,12,,,,,,,,,,,,,,
60,81,81,1.35,1.35,ray_ground_hit,30,,-0.089550803,0,-5.070122334,,,,,,,,,,,,,,,
60,81,81,1.35,1.35,paint_splat_write,30,,-0.089550803,0.1,-5.070122334,,0.638468836,1.280646542,1.3125,21,,,,,,,,,,
60,82,82,1.366666667,1.366666667,cosmetic_fx_rain_batch,,,0,5,0,,10,,,,14,0,,,,,,,,
60,83,83,1.383333333,1.383333333,cosmetic_fx_rain_batch,,,0,5,0,,10,,,,14,0,,,,,,,,
60,84,84,1.4,1.4,cosmetic_fx_rain_batch,,,0,5,0,,10,,,,14,0,,,,,,,,
60,84,84,1.4,1.4,candidate_ray_emission,31,true,4.990964715,4.2,-8.160016461,12,,,,,,,,,,,,,,
60,84,84,1.4,1.4,ray_ground_hit,31,,4.990964715,0,-8.160016461,,,,,,,,,,,,,,,
60,84,84,1.4,1.4,paint_splat_write,31,,4.990964715,0.1,-8.160016461,,0.522795469,0.858644718,0.875,14,,,,,,,,,,
60,85,85,1.416666667,1.416666667,cosmetic_fx_rain_batch,,,0,5,0,,10,,,,15,0,,,,,,,,
60,86,86,1.433333333,1.433333333,cosmetic_fx_rain_batch,,,0,5,0,,10,,,,15,0,,,,,,,,
60,87,87,1.45,1.45,cosmetic_fx_rain_batch,,,0,5,0,,10,,,,14,0,,,,,,,,
60,87,87,1.45,1.45,candidate_ray_emission,32,true,-1.681463894,4.2,-4.890028904,12,,,,,,,,,,,,,,
60,87,87,1.45,1.45,ray_ground_hit,32,,-1.681463894,0,-4.890028904,,,,,,,,,,,,,,,
60,87,87,1.45,1.45,paint_splat_write,32,,-1.681463894,0.1,-4.890028904,,0.663311046,1.382242787,1.3125,21,,,,,,,,,,
60,88,88,1.466666667,1.466666667,cosmetic_fx_rain_batch,,,0,5,0,,10,,,,15,0,,,,,,,,
60,89,89,1.483333333,1.483333333,cosmetic_fx_rain_batch,,,0,5,0,,10,,,,14,0,,,,,,,,
60,90,90,1.5,1.5,cosmetic_fx_rain_batch,,,0,5,0,,10,,,,14,0,,,,,,,,
60,90,90,1.5,1.5,candidate_ray_emission,33,true,2.401029206,4.2,-8.662971672,12,,,,,,,,,,,,,,
60,90,90,1.5,1.5,ray_ground_hit,33,,2.401029206,0,-8.662971672,,,,,,,,,,,,,,,
60,90,90,1.5,1.5,paint_splat_write,33,,2.401029206,0.1,-8.662971672,,0.590542671,1.095601053,1,16,,,,,,,,,,
60,91,91,1.516666667,1.516666667,cosmetic_fx_rain_batch,,,0,5,0,,10,,,,15,0,,,,,,,,
60,92,92,1.533333333,1.533333333,cosmetic_fx_rain_batch,,,0,5,0,,10,,,,14,0,,,,,,,,
60,92,92,1.533333333,1.533333333,candidate_ray_emission,34,true,4.358459916,4.2,6.145325209,12,,,,,,,,,,,,,,
60,92,92,1.533333333,1.533333333,ray_ground_hit,34,,4.358459916,0,6.145325209,,,,,,,,,,,,,,,
60,92,92,1.533333333,1.533333333,paint_splat_write,34,,4.358459916,0.1,6.145325209,,0.775441582,1.889069969,1.8125,29,,,,,,,,,,
60,93,93,1.55,1.55,cosmetic_fx_rain_batch,,,0,5,0,,10,,,,14,0,,,,,,,,
60,94,94,1.566666667,1.566666667,cosmetic_fx_rain_batch,,,0,5,0,,10,,,,15,0,,,,,,,,
60,95,95,1.583333333,1.583333333,cosmetic_fx_rain_batch,,,0,5,0,,10,,,,14,0,,,,,,,,
60,95,95,1.583333333,1.583333333,candidate_ray_emission,35,true,7.80526619,4.2,-3.176841835,12,,,,,,,,,,,,,,
60,95,95,1.583333333,1.583333333,ray_ground_hit,35,,7.80526619,0,-3.176841835,,,,,,,,,,,,,,,
60,95,95,1.583333333,1.583333333,paint_splat_write,35,,7.80526619,0.1,-3.176841835,,0.778666147,1.904813501,1.625,26,,,,,,,,,,
60,96,96,1.6,1.6,cosmetic_fx_rain_batch,,,0,5,0,,10,,,,14,0,,,,,,,,
60,97,97,1.616666667,1.616666667,cosmetic_fx_rain_batch,,,0,5,0,,10,,,,14,0,,,,,,,,
60,98,98,1.633333333,1.633333333,cosmetic_fx_rain_batch,,,0,5,0,,10,,,,14,0,,,,,,,,
60,98,98,1.633333333,1.633333333,candidate_ray_emission,36,true,-6.343260307,4.2,-2.367050099,12,,,,,,,,,,,,,,
60,98,98,1.633333333,1.633333333,ray_ground_hit,36,,-6.343260307,0,-2.367050099,,,,,,,,,,,,,,,
60,98,98,1.633333333,1.633333333,paint_splat_write,36,,-6.343260307,0.1,-2.367050099,,0.662687865,1.37964677,1.3125,21,,,,,,,,,,
60,99,99,1.65,1.65,cosmetic_fx_rain_batch,,,0,5,0,,10,,,,14,0,,,,,,,,
60,100,100,1.666666667,1.666666667,cosmetic_fx_rain_batch,,,0,5,0,,10,,,,14,0,,,,,,,,
60,100,100,1.666666667,1.666666667,candidate_ray_emission,37,true,-0.269800016,4.2,-9.456644168,12,,,,,,,,,,,,,,
60,100,100,1.666666667,1.666666667,ray_ground_hit,37,,-0.269800016,0,-9.456644168,,,,,,,,,,,,,,,
60,100,100,1.666666667,1.666666667,paint_splat_write,37,,-0.269800016,0.1,-9.456644168,,0.665406369,1.39098927,1.25,20,,,,,,,,,,
60,101,101,1.683333333,1.683333333,cosmetic_fx_rain_batch,,,0,5,0,,10,,,,14,0,,,,,,,,
60,102,102,1.7,1.7,cosmetic_fx_rain_batch,,,0,5,0,,10,,,,14,0,,,,,,,,
60,103,103,1.716666667,1.716666667,cosmetic_fx_rain_batch,,,0,5,0,,10,,,,14,0,,,,,,,,
60,103,103,1.716666667,1.716666667,candidate_ray_emission,38,true,-5.941974305,4.2,5.784429978,12,,,,,,,,,,,,,,
60,103,103,1.716666667,1.716666667,ray_ground_hit,38,,-5.941974305,0,5.784429978,,,,,,,,,,,,,,,
60,103,103,1.716666667,1.716666667,paint_splat_write,38,,-5.941974305,0.1,5.784429978,,0.772766671,1.876059631,1,16,,,,,,,,,,
60,104,104,1.733333333,1.733333333,cosmetic_fx_rain_batch,,,0,5,0,,10,,,,14,0,,,,,,,,
60,105,105,1.75,1.75,cosmetic_fx_rain_batch,,,0,5,0,,10,,,,14,0,,,,,,,,
60,106,106,1.766666667,1.766666667,cosmetic_fx_rain_batch,,,0,5,0,,10,,,,14,0,,,,,,,,
60,106,106,1.766666667,1.766666667,candidate_ray_emission,39,true,-3.426436301,4.2,-3.386865238,12,,,,,,,,,,,,,,
60,106,106,1.766666667,1.766666667,ray_ground_hit,39,,-3.426436301,0,-3.386865238,,,,,,,,,,,,,,,
60,106,106,1.766666667,1.766666667,paint_splat_write,39,,-3.426436301,0.1,-3.386865238,,0.54868011,0.945776039,0.9375,15,,,,,,,,,,
60,107,107,1.783333333,1.783333333,cosmetic_fx_rain_batch,,,0,5,0,,10,,,,15,0,,,,,,,,
60,108,108,1.8,1.8,cosmetic_fx_rain_batch,,,0,5,0,,10,,,,14,0,,,,,,,,
60,108,108,1.8,1.8,candidate_ray_emission,40,true,-0.133683796,4.2,-2.713678873,12,,,,,,,,,,,,,,
60,108,108,1.8,1.8,ray_ground_hit,40,,-0.133683796,0,-2.713678873,,,,,,,,,,,,,,,
60,108,108,1.8,1.8,paint_splat_write,40,,-0.133683796,0.1,-2.713678873,,0.782772118,1.924954942,2,32,,,,,,,,,,
60,109,109,1.816666667,1.816666667,cosmetic_fx_rain_batch,,,0,5,0,,10,,,,14,0,,,,,,,,
60,110,110,1.833333333,1.833333333,cosmetic_fx_rain_batch,,,0,5,0,,10,,,,14,0,,,,,,,,
60,111,111,1.85,1.85,cosmetic_fx_rain_batch,,,0,5,0,,10,,,,15,0,,,,,,,,
60,111,111,1.85,1.85,candidate_ray_emission,41,true,-9.454302905,4.2,-1.730476033,12,,,,,,,,,,,,,,
60,111,111,1.85,1.85,ray_ground_hit,41,,-9.454302905,0,-1.730476033,,,,,,,,,,,,,,,
60,111,111,1.85,1.85,paint_splat_write,41,,-9.454302905,0.1,-1.730476033,,0.632666593,1.257475922,1.25,20,,,,,,,,,,
60,112,112,1.866666667,1.866666667,cosmetic_fx_rain_batch,,,0,5,0,,10,,,,15,0,,,,,,,,
60,113,113,1.883333333,1.883333333,cosmetic_fx_rain_batch,,,0,5,0,,10,,,,14,0,,,,,,,,
60,114,114,1.9,1.9,cosmetic_fx_rain_batch,,,0,5,0,,10,,,,14,0,,,,,,,,
60,114,114,1.9,1.9,candidate_ray_emission,42,true,-0.723685324,4.2,6.44401567,12,,,,,,,,,,,,,,
60,114,114,1.9,1.9,ray_ground_hit,42,,-0.723685324,0,6.44401567,,,,,,,,,,,,,,,
60,114,114,1.9,1.9,paint_splat_write,42,,-0.723685324,0.1,6.44401567,,0.766792445,1.847164288,0.875,14,,,,,,,,,,
60,115,115,1.916666667,1.916666667,cosmetic_fx_rain_batch,,,0,5,0,,10,,,,14,0,,,,,,,,
60,116,116,1.933333333,1.933333333,cosmetic_fx_rain_batch,,,0,5,0,,10,,,,14,0,,,,,,,,
60,117,117,1.95,1.95,cosmetic_fx_rain_batch,,,0,5,0,,10,,,,14,0,,,,,,,,
60,117,117,1.95,1.95,candidate_ray_emission,43,true,5.515057757,4.2,-3.362268252,12,,,,,,,,,,,,,,
60,117,117,1.95,1.95,ray_ground_hit,43,,5.515057757,0,-3.362268252,,,,,,,,,,,,,,,
60,117,117,1.95,1.95,paint_splat_write,43,,5.515057757,0.1,-3.362268252,,0.474266392,0.70663407,0.1875,3,,,,,,,,,,
60,118,118,1.966666667,1.966666667,cosmetic_fx_rain_batch,,,0,5,0,,10,,,,15,0,,,,,,,,
60,119,119,1.983333333,1.983333333,cosmetic_fx_rain_batch,,,0,5,0,,10,,,,14,0,,,,,,,,
60,119,119,1.983333333,1.983333333,candidate_ray_emission,44,true,0.820311008,4.2,-9.43993751,12,,,,,,,,,,,,,,
60,119,119,1.983333333,1.983333333,ray_ground_hit,44,,0.820311008,0,-9.43993751,,,,,,,,,,,,,,,
60,119,119,1.983333333,1.983333333,paint_splat_write,44,,0.820311008,0.1,-9.43993751,,0.517624238,0.84174216,0.75,12,,,,,,,,,,
60,120,120,2,2,cosmetic_fx_rain_batch,,,0,5,0,,10,,,,14,0,,,,,,,,
60,121,121,2.016666667,2.016666667,cosmetic_fx_rain_batch,,,0,5,0,,10,,,,15,0,,,,,,,,
60,122,122,2.033333333,2.033333333,cosmetic_fx_rain_batch,,,0,5,0,,10,,,,14,0,,,,,,,,
60,122,122,2.033333333,2.033333333,candidate_ray_emission,45,true,1.22598458,4.2,-6.630586586,12,,,,,,,,,,,,,,
60,122,122,2.033333333,2.033333333,ray_ground_hit,45,,1.22598458,0,-6.630586586,,,,,,,,,,,,,,,
60,122,122,2.033333333,2.033333333,paint_splat_write,45,,1.22598458,0.1,-6.630586586,,0.480866098,0.726437395,0.3125,5,,,,,,,,,,
60,123,123,2.05,2.05,cosmetic_fx_rain_batch,,,0,5,0,,10,,,,14,0,,,,,,,,
60,124,124,2.066666667,2.066666667,cosmetic_fx_rain_batch,,,0,5,0,,10,,,,14,0,,,,,,,,
60,125,125,2.083333333,2.083333333,cosmetic_fx_rain_batch,,,0,5,0,,10,,,,14,0,,,,,,,,
60,125,125,2.083333333,2.083333333,candidate_ray_emission,46,true,-5.108235762,4.2,7.518470445,12,,,,,,,,,,,,,,
60,125,125,2.083333333,2.083333333,ray_ground_hit,46,,-5.108235762,0,7.518470445,,,,,,,,,,,,,,,
60,125,125,2.083333333,2.083333333,paint_splat_write,46,,-5.108235762,0.1,7.518470445,,0.677564038,1.442283277,1.375,22,,,,,,,,,,
60,126,126,2.1,2.1,cosmetic_fx_rain_batch,,,0,5,0,,10,,,,14,0,,,,,,,,
60,127,127,2.116666667,2.116666667,cosmetic_fx_rain_batch,,,0,5,0,,10,,,,14,0,,,,,,,,
60,127,127,2.116666667,2.116666667,candidate_ray_emission,47,true,-5.317314604,4.2,-0.803544141,12,,,,,,,,,,,,,,
60,127,127,2.116666667,2.116666667,ray_ground_hit,47,,-5.317314604,0,-0.803544141,,,,,,,,,,,,,,,
60,127,127,2.116666667,2.116666667,paint_splat_write,47,,-5.317314604,0.1,-0.803544141,,0.603774315,1.14524694,1.125,18,,,,,,,,,,
60,128,128,2.133333333,2.133333333,cosmetic_fx_rain_batch,,,0,5,0,,10,,,,14,0,,,,,,,,
60,129,129,2.15,2.15,cosmetic_fx_rain_batch,,,0,5,0,,10,,,,14,0,,,,,,,,
60,130,130,2.166666667,2.166666667,cosmetic_fx_rain_batch,,,0,5,0,,10,,,,15,0,,,,,,,,
60,130,130,2.166666667,2.166666667,candidate_ray_emission,48,true,-5.416675361,4.2,-7.399091043,12,,,,,,,,,,,,,,
60,130,130,2.166666667,2.166666667,ray_ground_hit,48,,-5.416675361,0,-7.399091043,,,,,,,,,,,,,,,
60,130,130,2.166666667,2.166666667,paint_splat_write,48,,-5.416675361,0.1,-7.399091043,,0.705399435,1.563219946,1.5625,25,,,,,,,,,,
60,131,131,2.183333333,2.183333333,cosmetic_fx_rain_batch,,,0,5,0,,10,,,,14,0,,,,,,,,
60,132,132,2.2,2.2,cosmetic_fx_rain_batch,,,0,5,0,,10,,,,14,0,,,,,,,,
60,133,133,2.216666667,2.216666667,cosmetic_fx_rain_batch,,,0,5,0,,10,,,,14,0,,,,,,,,
60,133,133,2.216666667,2.216666667,candidate_ray_emission,49,true,0.476915238,4.2,-4.510864675,12,,,,,,,,,,,,,,
60,133,133,2.216666667,2.216666667,ray_ground_hit,49,,0.476915238,0,-4.510864675,,,,,,,,,,,,,,,
60,133,133,2.216666667,2.216666667,paint_splat_write,49,,0.476915238,0.1,-4.510864675,,0.551857978,0.956763334,0.625,10,,,,,,,,,,
60,134,134,2.233333333,2.233333333,cosmetic_fx_rain_batch,,,0,5,0,,10,,,,14,0,,,,,,,,
60,135,135,2.25,2.25,cosmetic_fx_rain_batch,,,0,5,0,,10,,,,14,0,,,,,,,,
60,135,135,2.25,2.25,candidate_ray_emission,50,true,4.07260476,4.2,8.17216498,12,,,,,,,,,,,,,,
60,135,135,2.25,2.25,ray_ground_hit,50,,4.07260476,0,8.17216498,,,,,,,,,,,,,,,
60,135,135,2.25,2.25,paint_splat_write,50,,4.07260476,0.1,8.17216498,,0.693519996,1.511011773,1.0625,17,,,,,,,,,,
60,136,136,2.266666667,2.266666667,cosmetic_fx_rain_batch,,,0,5,0,,10,,,,14,0,,,,,,,,
60,137,137,2.283333333,2.283333333,cosmetic_fx_rain_batch,,,0,5,0,,10,,,,14,0,,,,,,,,
60,138,138,2.3,2.3,cosmetic_fx_rain_batch,,,0,5,0,,10,,,,14,0,,,,,,,,
60,138,138,2.3,2.3,candidate_ray_emission,51,true,-4.89866368,4.2,-8.332352114,12,,,,,,,,,,,,,,
60,138,138,2.3,2.3,ray_ground_hit,51,,-4.89866368,0,-8.332352114,,,,,,,,,,,,,,,
60,138,138,2.3,2.3,paint_splat_write,51,,-4.89866368,0.1,-8.332352114,,0.798485883,2.00301572,1.5,24,,,,,,,,,,
60,139,139,2.316666667,2.316666667,cosmetic_fx_rain_batch,,,0,5,0,,10,,,,15,0,,,,,,,,
60,140,140,2.333333333,2.333333333,cosmetic_fx_rain_batch,,,0,5,0,,10,,,,15,0,,,,,,,,
60,141,141,2.35,2.35,cosmetic_fx_rain_batch,,,0,5,0,,10,,,,14,0,,,,,,,,
60,141,141,2.35,2.35,candidate_ray_emission,52,true,-2.867935393,4.2,5.673960267,12,,,,,,,,,,,,,,
60,141,141,2.35,2.35,ray_ground_hit,52,,-2.867935393,0,5.673960267,,,,,,,,,,,,,,,
60,141,141,2.35,2.35,paint_splat_write,52,,-2.867935393,0.1,5.673960267,,0.660628412,1.371084964,1.25,20,,,,,,,,,,
60,142,142,2.366666667,2.366666667,cosmetic_fx_rain_batch,,,0,5,0,,10,,,,14,0,,,,,,,,
60,143,143,2.383333333,2.383333333,cosmetic_fx_rain_batch,,,0,5,0,,10,,,,14,0,,,,,,,,
60,144,144,2.4,2.4,cosmetic_fx_rain_batch,,,0,5,0,,10,,,,14,0,,,,,,,,
60,144,144,2.4,2.4,candidate_ray_emission,53,true,-1.784739904,4.2,-4.570097961,12,,,,,,,,,,,,,,
60,144,144,2.4,2.4,ray_ground_hit,53,,-1.784739904,0,-4.570097961,,,,,,,,,,,,,,,
60,144,144,2.4,2.4,paint_splat_write,53,,-1.784739904,0.1,-4.570097961,,0.69069186,1.498713255,0.3125,5,,,,,,,,,,
60,145,145,2.416666667,2.416666667,cosmetic_fx_rain_batch,,,0,5,0,,10,,,,15,0,,,,,,,,
60,146,146,2.433333333,2.433333333,cosmetic_fx_rain_batch,,,0,5,0,,10,,,,14,0,,,,,,,,
60,146,146,2.433333333,2.433333333,candidate_ray_emission,54,true,4.181299971,4.2,7.721387172,12,,,,,,,,,,,,,,
60,146,146,2.433333333,2.433333333,ray_ground_hit,54,,4.181299971,0,7.721387172,,,,,,,,,,,,,,,
60,146,146,2.433333333,2.433333333,paint_splat_write,54,,4.181299971,0.1,7.721387172,,0.798901948,2.005103673,0.375,6,,,,,,,,,,
60,147,147,2.45,2.45,cosmetic_fx_rain_batch,,,0,5,0,,10,,,,15,0,,,,,,,,
60,148,148,2.466666667,2.466666667,cosmetic_fx_rain_batch,,,0,5,0,,10,,,,15,0,,,,,,,,
60,149,149,2.483333333,2.483333333,cosmetic_fx_rain_batch,,,0,5,0,,10,,,,14,0,,,,,,,,
60,149,149,2.483333333,2.483333333,candidate_ray_emission,55,true,5.237103494,4.2,-7.44692847,12,,,,,,,,,,,,,,
60,149,149,2.483333333,2.483333333,ray_ground_hit,55,,5.237103494,0,-7.44692847,,,,,,,,,,,,,,,
60,149,149,2.483333333,2.483333333,paint_splat_write,55,,5.237103494,0.1,-7.44692847,,0.566290034,1.007459764,0.8125,13,,,,,,,,,,
60,150,150,2.5,2.5,cosmetic_fx_rain_batch,,,0,5,0,,10,,,,14,0,,,,,,,,
60,151,151,2.516666667,2.516666667,cosmetic_fx_rain_batch,,,0,5,0,,10,,,,14,0,,,,,,,,
60,152,152,2.533333333,2.533333333,cosmetic_fx_rain_batch,,,0,5,0,,10,,,,15,0,,,,,,,,
60,152,152,2.533333333,2.533333333,candidate_ray_emission,56,true,2.74507161,4.2,1.137390557,12,,,,,,,,,,,,,,
60,152,152,2.533333333,2.533333333,ray_ground_hit,56,,2.74507161,0,1.137390557,,,,,,,,,,,,,,,
60,152,152,2.533333333,2.533333333,paint_splat_write,56,,2.74507161,0.1,1.137390557,,0.622132795,1.215950968,1,16,,,,,,,,,,
60,153,153,2.55,2.55,cosmetic_fx_rain_batch,,,0,5,0,,10,,,,14,0,,,,,,,,
60,154,154,2.566666667,2.566666667,cosmetic_fx_rain_batch,,,0,5,0,,10,,,,14,0,,,,,,,,
60,154,154,2.566666667,2.566666667,candidate_ray_emission,57,true,-6.886291812,4.2,-0.567878309,12,,,,,,,,,,,,,,
60,154,154,2.566666667,2.566666667,ray_ground_hit,57,,-6.886291812,0,-0.567878309,,,,,,,,,,,,,,,
60,154,154,2.566666667,2.566666667,paint_splat_write,57,,-6.886291812,0.1,-0.567878309,,0.747400733,1.754918338,0.625,10,,,,,,,,,,
60,155,155,2.583333333,2.583333333,cosmetic_fx_rain_batch,,,0,5,0,,10,,,,14,0,,,,,,,,
60,156,156,2.6,2.6,cosmetic_fx_rain_batch,,,0,5,0,,10,,,,14,0,,,,,,,,
60,157,157,2.616666667,2.616666667,cosmetic_fx_rain_batch,,,0,5,0,,10,,,,14,0,,,,,,,,
60,157,157,2.616666667,2.616666667,candidate_ray_emission,58,true,-0.813083555,4.2,1.619323366,12,,,,,,,,,,,,,,
60,157,157,2.616666667,2.616666667,ray_ground_hit,58,,-0.813083555,0,1.619323366,,,,,,,,,,,,,,,
60,157,157,2.616666667,2.616666667,paint_splat_write,58,,-0.813083555,0.1,1.619323366,,0.689529272,1.493672166,1.375,22,,,,,,,,,,
60,158,158,2.633333333,2.633333333,cosmetic_fx_rain_batch,,,0,5,0,,10,,,,14,0,,,,,,,,
60,159,159,2.65,2.65,cosmetic_fx_rain_batch,,,0,5,0,,10,,,,14,0,,,,,,,,
60,160,160,2.666666667,2.666666667,cosmetic_fx_rain_batch,,,0,5,0,,10,,,,14,0,,,,,,,,
60,160,160,2.666666667,2.666666667,candidate_ray_emission,59,true,-1.428156232,4.2,0.625782342,12,,,,,,,,,,,,,,
60,160,160,2.666666667,2.666666667,ray_ground_hit,59,,-1.428156232,0,0.625782342,,,,,,,,,,,,,,,
60,160,160,2.666666667,2.666666667,paint_splat_write,59,,-1.428156232,0.1,0.625782342,,0.633738821,1.261741814,1.3125,21,,,,,,,,,,
60,161,161,2.683333333,2.683333333,cosmetic_fx_rain_batch,,,0,5,0,,10,,,,14,0,,,,,,,,
60,162,162,2.7,2.7,cosmetic_fx_rain_batch,,,0,5,0,,10,,,,14,0,,,,,,,,
60,162,162,2.7,2.7,candidate_ray_emission,60,true,-6.451934252,4.2,2.017421972,12,,,,,,,,,,,,,,
60,162,162,2.7,2.7,ray_ground_hit,60,,-6.451934252,0,2.017421972,,,,,,,,,,,,,,,
60,162,162,2.7,2.7,paint_splat_write,60,,-6.451934252,0.1,2.017421972,,0.782243677,1.922356788,1.75,28,,,,,,,,,,
60,163,163,2.716666667,2.716666667,cosmetic_fx_rain_batch,,,0,5,0,,10,,,,14,0,,,,,,,,
60,164,164,2.733333333,2.733333333,cosmetic_fx_rain_batch,,,0,5,0,,10,,,,14,0,,,,,,,,
60,165,165,2.75,2.75,cosmetic_fx_rain_batch,,,0,5,0,,10,,,,15,0,,,,,,,,
60,165,165,2.75,2.75,candidate_ray_emission,61,true,6.788829037,4.2,-4.366474668,12,,,,,,,,,,,,,,
60,165,165,2.75,2.75,ray_ground_hit,61,,6.788829037,0,-4.366474668,,,,,,,,,,,,,,,
60,165,165,2.75,2.75,paint_splat_write,61,,6.788829037,0.1,-4.366474668,,0.798899685,2.005092315,1.8125,29,,,,,,,,,,
60,166,166,2.766666667,2.766666667,cosmetic_fx_rain_batch,,,0,5,0,,10,,,,14,0,,,,,,,,
60,167,167,2.783333333,2.783333333,cosmetic_fx_rain_batch,,,0,5,0,,10,,,,14,0,,,,,,,,
60,168,168,2.8,2.8,cosmetic_fx_rain_batch,,,0,5,0,,10,,,,14,0,,,,,,,,
60,168,168,2.8,2.8,candidate_ray_emission,62,true,-8.75452897,4.2,-2.889568483,12,,,,,,,,,,,,,,
60,168,168,2.8,2.8,ray_ground_hit,62,,-8.75452897,0,-2.889568483,,,,,,,,,,,,,,,
60,168,168,2.8,2.8,paint_splat_write,62,,-8.75452897,0.1,-2.889568483,,0.539478176,0.914318766,0.8125,13,,,,,,,,,,
60,169,169,2.816666667,2.816666667,cosmetic_fx_rain_batch,,,0,5,0,,10,,,,15,0,,,,,,,,
60,170,170,2.833333333,2.833333333,cosmetic_fx_rain_batch,,,0,5,0,,10,,,,14,0,,,,,,,,
60,171,171,2.85,2.85,cosmetic_fx_rain_batch,,,0,5,0,,10,,,,15,0,,,,,,,,
60,171,171,2.85,2.85,candidate_ray_emission,63,true,0.68805692,4.2,-5.155726839,12,,,,,,,,,,,,,,
60,171,171,2.85,2.85,ray_ground_hit,63,,0.68805692,0,-5.155726839,,,,,,,,,,,,,,,
60,171,171,2.85,2.85,paint_splat_write,63,,0.68805692,0.1,-5.155726839,,0.636698547,1.273554661,0.625,10,,,,,,,,,,
60,172,172,2.866666667,2.866666667,cosmetic_fx_rain_batch,,,0,5,0,,10,,,,14,0,,,,,,,,
60,173,173,2.883333333,2.883333333,cosmetic_fx_rain_batch,,,0,5,0,,10,,,,15,0,,,,,,,,
60,173,173,2.883333333,2.883333333,candidate_ray_emission,64,true,-4.580579489,4.2,-4.524740085,12,,,,,,,,,,,,,,
60,173,173,2.883333333,2.883333333,ray_ground_hit,64,,-4.580579489,0,-4.524740085,,,,,,,,,,,,,,,
60,173,173,2.883333333,2.883333333,paint_splat_write,64,,-4.580579489,0.1,-4.524740085,,0.700122128,1.539917594,1.5,24,,,,,,,,,,
60,174,174,2.9,2.9,cosmetic_fx_rain_batch,,,0,5,0,,10,,,,14,0,,,,,,,,
60,175,175,2.916666667,2.916666667,cosmetic_fx_rain_batch,,,0,5,0,,10,,,,14,0,,,,,,,,
60,176,176,2.933333333,2.933333333,cosmetic_fx_rain_batch,,,0,5,0,,10,,,,15,0,,,,,,,,
60,176,176,2.933333333,2.933333333,candidate_ray_emission,65,true,8.430949624,4.2,0.053335936,12,,,,,,,,,,,,,,
60,176,176,2.933333333,2.933333333,ray_ground_hit,65,,8.430949624,0,0.053335936,,,,,,,,,,,,,,,
60,176,176,2.933333333,2.933333333,paint_splat_write,65,,8.430949624,0.1,0.053335936,,0.637795555,1.277947019,1.1875,19,,,,,,,,,,
60,177,177,2.95,2.95,cosmetic_fx_rain_batch,,,0,5,0,,10,,,,14,0,,,,,,,,
60,178,178,2.966666667,2.966666667,cosmetic_fx_rain_batch,,,0,5,0,,10,,,,15,0,,,,,,,,
60,179,179,2.983333333,2.983333333,cosmetic_fx_rain_batch,,,0,5,0,,10,,,,14,0,,,,,,,,
60,179,179,2.983333333,2.983333333,candidate_ray_emission,66,true,3.796059154,4.2,-7.08577191,12,,,,,,,,,,,,,,
60,179,179,2.983333333,2.983333333,ray_ground_hit,66,,3.796059154,0,-7.08577191,,,,,,,,,,,,,,,
60,179,179,2.983333333,2.983333333,paint_splat_write,66,,3.796059154,0.1,-7.08577191,,0.572508351,1.029706665,0.75,12,,,,,,,,,,
60,180,180,3,3,cosmetic_fx_rain_batch,,,0,5,0,,10,,,,14,0,,,,,,,,
60,181,181,3.016666667,3.016666667,cosmetic_fx_rain_batch,,,0,5,0,,10,,,,15,0,,,,,,,,
60,181,181,3.016666667,3.016666667,candidate_ray_emission,67,true,7.750196184,4.2,0.173219031,12,,,,,,,,,,,,,,
60,181,181,3.016666667,3.016666667,ray_ground_hit,67,,7.750196184,0,0.173219031,,,,,,,,,,,,,,,
60,181,181,3.016666667,3.016666667,paint_splat_write,67,,7.750196184,0.1,0.173219031,,0.461655703,0.669555038,0.4375,7,,,,,,,,,,
60,182,182,3.033333333,3.033333333,cosmetic_fx_rain_batch,,,0,5,0,,10,,,,14,0,,,,,,,,
60,183,183,3.05,3.05,cosmetic_fx_rain_batch,,,0,5,0,,10,,,,14,0,,,,,,,,
60,184,184,3.066666667,3.066666667,cosmetic_fx_rain_batch,,,0,5,0,,10,,,,14,0,,,,,,,,
60,184,184,3.066666667,3.066666667,candidate_ray_emission,68,true,-0.452497773,4.2,-2.511530571,12,,,,,,,,,,,,,,
60,184,184,3.066666667,3.066666667,ray_ground_hit,68,,-0.452497773,0,-2.511530571,,,,,,,,,,,,,,,
60,184,184,3.066666667,3.066666667,paint_splat_write,68,,-0.452497773,0.1,-2.511530571,,0.579924404,1.056556296,0.125,2,,,,,,,,,,
60,185,185,3.083333333,3.083333333,cosmetic_fx_rain_batch,,,0,5,0,,10,,,,15,0,,,,,,,,
60,186,186,3.1,3.1,cosmetic_fx_rain_batch,,,0,5,0,,10,,,,14,0,,,,,,,,
60,187,187,3.116666667,3.116666667,cosmetic_fx_rain_batch,,,0,5,0,,10,,,,15,0,,,,,,,,
60,187,187,3.116666667,3.116666667,candidate_ray_emission,69,true,1.067158958,4.2,-7.910560598,12,,,,,,,,,,,,,,
60,187,187,3.116666667,3.116666667,ray_ground_hit,69,,1.067158958,0,-7.910560598,,,,,,,,,,,,,,,
60,187,187,3.116666667,3.116666667,paint_splat_write,69,,1.067158958,0.1,-7.910560598,,0.792154276,1.971375772,1.875,30,,,,,,,,,,
60,188,188,3.133333333,3.133333333,cosmetic_fx_rain_batch,,,0,5,0,,10,,,,14,0,,,,,,,,
60,189,189,3.15,3.15,cosmetic_fx_rain_batch,,,0,5,0,,10,,,,15,0,,,,,,,,
60,189,189,3.15,3.15,candidate_ray_emission,70,true,3.340795856,4.2,3.948671261,12,,,,,,,,,,,,,,
60,189,189,3.15,3.15,ray_ground_hit,70,,3.340795856,0,3.948671261,,,,,,,,,,,,,,,
60,189,189,3.15,3.15,paint_splat_write,70,,3.340795856,0.1,3.948671261,,0.590246031,1.09450065,1,16,,,,,,,,,,
60,190,190,3.166666667,3.166666667,cosmetic_fx_rain_batch,,,0,5,0,,10,,,,14,0,,,,,,,,
60,191,191,3.183333333,3.183333333,cosmetic_fx_rain_batch,,,0,5,0,,10,,,,14,0,,,,,,,,
60,192,192,3.2,3.2,cosmetic_fx_rain_batch,,,0,5,0,,10,,,,15,0,,,,,,,,
60,192,192,3.2,3.2,candidate_ray_emission,71,true,-2.731571864,4.2,-5.858905752,12,,,,,,,,,,,,,,
60,192,192,3.2,3.2,ray_ground_hit,71,,-2.731571864,0,-5.858905752,,,,,,,,,,,,,,,
60,192,192,3.2,3.2,paint_splat_write,71,,-2.731571864,0.1,-5.858905752,,0.674814236,1.430600407,1.5,24,,,,,,,,,,
60,193,193,3.216666667,3.216666667,cosmetic_fx_rain_batch,,,0,5,0,,10,,,,14,0,,,,,,,,
60,194,194,3.233333333,3.233333333,cosmetic_fx_rain_batch,,,0,5,0,,10,,,,14,0,,,,,,,,
60,195,195,3.25,3.25,cosmetic_fx_rain_batch,,,0,5,0,,10,,,,14,0,,,,,,,,
60,195,195,3.25,3.25,candidate_ray_emission,72,true,3.762010157,4.2,-1.200251442,12,,,,,,,,,,,,,,
60,195,195,3.25,3.25,ray_ground_hit,72,,3.762010157,0,-1.200251442,,,,,,,,,,,,,,,
60,195,195,3.25,3.25,paint_splat_write,72,,3.762010157,0.1,-1.200251442,,0.621689666,1.214219404,1.125,18,,,,,,,,,,
60,196,196,3.266666667,3.266666667,cosmetic_fx_rain_batch,,,0,5,0,,10,,,,14,0,,,,,,,,
60,197,197,3.283333333,3.283333333,cosmetic_fx_rain_batch,,,0,5,0,,10,,,,14,0,,,,,,,,
60,198,198,3.3,3.3,cosmetic_fx_rain_batch,,,0,5,0,,10,,,,14,0,,,,,,,,
60,198,198,3.3,3.3,candidate_ray_emission,73,true,-0.027145084,4.2,0.395877021,12,,,,,,,,,,,,,,
60,198,198,3.3,3.3,ray_ground_hit,73,,-0.027145084,0,0.395877021,,,,,,,,,,,,,,,
60,198,198,3.3,3.3,paint_splat_write,73,,-0.027145084,0.1,0.395877021,,0.535194598,0.89985662,0.1875,3,,,,,,,,,,
60,199,199,3.316666667,3.316666667,cosmetic_fx_rain_batch,,,0,5,0,,10,,,,14,0,,,,,,,,
60,200,200,3.333333333,3.333333333,cosmetic_fx_rain_batch,,,0,5,0,,10,,,,14,0,,,,,,,,
60,200,200,3.333333333,3.333333333,candidate_ray_emission,74,true,-5.660755646,4.2,4.596648399,12,,,,,,,,,,,,,,
60,200,200,3.333333333,3.333333333,ray_ground_hit,74,,-5.660755646,0,4.596648399,,,,,,,,,,,,,,,
60,200,200,3.333333333,3.333333333,paint_splat_write,74,,-5.660755646,0.1,4.596648399,,0.641622943,1.293330869,0.6875,11,,,,,,,,,,
60,201,201,3.35,3.35,cosmetic_fx_rain_batch,,,0,5,0,,10,,,,14,0,,,,,,,,
60,202,202,3.366666667,3.366666667,cosmetic_fx_rain_batch,,,0,5,0,,10,,,,14,0,,,,,,,,
60,203,203,3.383333333,3.383333333,cosmetic_fx_rain_batch,,,0,5,0,,10,,,,14,0,,,,,,,,
60,203,203,3.383333333,3.383333333,candidate_ray_emission,75,true,-8.549682942,4.2,-1.74422966,12,,,,,,,,,,,,,,
60,203,203,3.383333333,3.383333333,ray_ground_hit,75,,-8.549682942,0,-1.74422966,,,,,,,,,,,,,,,
60,203,203,3.383333333,3.383333333,paint_splat_write,75,,-8.549682942,0.1,-1.74422966,,0.536080929,0.902839575,0.75,12,,,,,,,,,,
60,204,204,3.4,3.4,cosmetic_fx_rain_batch,,,0,5,0,,10,,,,14,0,,,,,,,,
60,205,205,3.416666667,3.416666667,cosmetic_fx_rain_batch,,,0,5,0,,10,,,,14,0,,,,,,,,
60,206,206,3.433333333,3.433333333,cosmetic_fx_rain_batch,,,0,5,0,,10,,,,15,0,,,,,,,,
60,206,206,3.433333333,3.433333333,candidate_ray_emission,76,true,2.175259679,4.2,-4.748000648,12,,,,,,,,,,,,,,
60,206,206,3.433333333,3.433333333,ray_ground_hit,76,,2.175259679,0,-4.748000648,,,,,,,,,,,,,,,
60,206,206,3.433333333,3.433333333,paint_splat_write,76,,2.175259679,0.1,-4.748000648,,0.736632908,1.704716267,1.4375,23,,,,,,,,,,
60,207,207,3.45,3.45,cosmetic_fx_rain_batch,,,0,5,0,,10,,,,14,0,,,,,,,,
60,208,208,3.466666667,3.466666667,cosmetic_fx_rain_batch,,,0,5,0,,10,,,,14,0,,,,,,,,
60,208,208,3.466666667,3.466666667,candidate_ray_emission,77,true,-1.464344823,4.2,-1.29204233,12,,,,,,,,,,,,,,
60,208,208,3.466666667,3.466666667,ray_ground_hit,77,,-1.464344823,0,-1.29204233,,,,,,,,,,,,,,,
60,208,208,3.466666667,3.466666667,paint_splat_write,77,,-1.464344823,0.1,-1.29204233,,0.59979508,1.130200955,1,16,,,,,,,,,,
60,209,209,3.483333333,3.483333333,cosmetic_fx_rain_batch,,,0,5,0,,10,,,,14,0,,,,,,,,
60,210,210,3.5,3.5,cosmetic_fx_rain_batch,,,0,5,0,,10,,,,14,0,,,,,,,,
60,211,211,3.516666667,3.516666667,cosmetic_fx_rain_batch,,,0,5,0,,10,,,,14,0,,,,,,,,
60,211,211,3.516666667,3.516666667,candidate_ray_emission,78,true,-2.328474877,4.2,5.954681639,12,,,,,,,,,,,,,,
60,211,211,3.516666667,3.516666667,ray_ground_hit,78,,-2.328474877,0,5.954681639,,,,,,,,,,,,,,,
60,211,211,3.516666667,3.516666667,paint_splat_write,78,,-2.328474877,0.1,5.954681639,,0.727392587,1.662216597,0.6875,11,,,,,,,,,,
60,212,212,3.533333333,3.533333333,cosmetic_fx_rain_batch,,,0,5,0,,10,,,,14,0,,,,,,,,
60,213,213,3.55,3.55,cosmetic_fx_rain_batch,,,0,5,0,,10,,,,15,0,,,,,,,,
60,214,214,3.566666667,3.566666667,cosmetic_fx_rain_batch,,,0,5,0,,10,,,,14,0,,,,,,,,
60,214,214,3.566666667,3.566666667,candidate_ray_emission,79,true,8.035297905,4.2,-1.989665076,12,,,,,,,,,,,,,,
60,214,214,3.566666667,3.566666667,ray_ground_hit,79,,8.035297905,0,-1.989665076,,,,,,,,,,,,,,,
60,214,214,3.566666667,3.566666667,paint_splat_write,79,,8.035297905,0.1,-1.989665076,,0.508126697,0.811136414,0.125,2,,,,,,,,,,
60,215,215,3.583333333,3.583333333,cosmetic_fx_rain_batch,,,0,5,0,,10,,,,14,0,,,,,,,,
60,216,216,3.6,3.6,cosmetic_fx_rain_batch,,,0,5,0,,10,,,,14,0,,,,,,,,
60,216,216,3.6,3.6,candidate_ray_emission,80,true,2.039419795,4.2,3.42507176,12,,,,,,,,,,,,,,
60,216,216,3.6,3.6,ray_ground_hit,80,,2.039419795,0,3.42507176,,,,,,,,,,,,,,,
60,216,216,3.6,3.6,paint_splat_write,80,,2.039419795,0.1,3.42507176,,0.695365169,1.519062837,1.1875,19,,,,,,,,,,
60,217,217,3.616666667,3.616666667,cosmetic_fx_rain_batch,,,0,5,0,,10,,,,14,0,,,,,,,,
60,218,218,3.633333333,3.633333333,cosmetic_fx_rain_batch,,,0,5,0,,10,,,,14,0,,,,,,,,
60,219,219,3.65,3.65,cosmetic_fx_rain_batch,,,0,5,0,,10,,,,14,0,,,,,,,,
60,219,219,3.65,3.65,candidate_ray_emission,81,true,2.858944513,4.2,-3.924377722,12,,,,,,,,,,,,,,
60,219,219,3.65,3.65,ray_ground_hit,81,,2.858944513,0,-3.924377722,,,,,,,,,,,,,,,
60,219,219,3.65,3.65,paint_splat_write,81,,2.858944513,0.1,-3.924377722,,0.718194994,1.620446213,1.0625,17,,,,,,,,,,
60,220,220,3.666666667,3.666666667,cosmetic_fx_rain_batch,,,0,5,0,,10,,,,14,0,,,,,,,,
60,221,221,3.683333333,3.683333333,cosmetic_fx_rain_batch,,,0,5,0,,10,,,,14,0,,,,,,,,
60,222,222,3.7,3.7,cosmetic_fx_rain_batch,,,0,5,0,,10,,,,14,0,,,,,,,,
60,222,222,3.7,3.7,candidate_ray_emission,82,true,-2.672620493,4.2,4.893418671,12,,,,,,,,,,,,,,
60,222,222,3.7,3.7,ray_ground_hit,82,,-2.672620493,0,4.893418671,,,,,,,,,,,,,,,
60,222,222,3.7,3.7,paint_splat_write,82,,-2.672620493,0.1,4.893418671,,0.75372196,1.784728711,1.1875,19,,,,,,,,,,
60,223,223,3.716666667,3.716666667,cosmetic_fx_rain_batch,,,0,5,0,,10,,,,14,0,,,,,,,,
60,224,224,3.733333333,3.733333333,cosmetic_fx_rain_batch,,,0,5,0,,10,,,,14,0,,,,,,,,
60,225,225,3.75,3.75,cosmetic_fx_rain_batch,,,0,5,0,,10,,,,14,0,,,,,,,,
60,225,225,3.75,3.75,candidate_ray_emission,83,true,-6.028398854,4.2,-7.582449107,12,,,,,,,,,,,,,,
60,225,225,3.75,3.75,ray_ground_hit,83,,-6.028398854,0,-7.582449107,,,,,,,,,,,,,,,
60,225,225,3.75,3.75,paint_splat_write,83,,-6.028398854,0.1,-7.582449107,,0.637747986,1.277756397,0.625,10,,,,,,,,,,
60,226,226,3.766666667,3.766666667,cosmetic_fx_rain_batch,,,0,5,0,,10,,,,15,0,,,,,,,,
60,227,227,3.783333333,3.783333333,cosmetic_fx_rain_batch,,,0,5,0,,10,,,,15,0,,,,,,,,
60,227,227,3.783333333,3.783333333,candidate_ray_emission,84,true,-9.450780602,4.2,0.302521041,12,,,,,,,,,,,,,,
60,227,227,3.783333333,3.783333333,ray_ground_hit,84,,-9.450780602,0,0.302521041,,,,,,,,,,,,,,,
60,227,227,3.783333333,3.783333333,paint_splat_write,84,,-9.450780602,0.1,0.302521041,,0.763934273,1.833419565,1.375,22,,,,,,,,,,
60,228,228,3.8,3.8,cosmetic_fx_rain_batch,,,0,5,0,,10,,,,14,0,,,,,,,,
60,229,229,3.816666667,3.816666667,cosmetic_fx_rain_batch,,,0,5,0,,10,,,,14,0,,,,,,,,
60,230,230,3.833333333,3.833333333,cosmetic_fx_rain_batch,,,0,5,0,,10,,,,15,0,,,,,,,,
60,230,230,3.833333333,3.833333333,candidate_ray_emission,85,true,2.221077449,4.2,9.133407903,12,,,,,,,,,,,,,,
60,230,230,3.833333333,3.833333333,ray_ground_hit,85,,2.221077449,0,9.133407903,,,,,,,,,,,,,,,
60,230,230,3.833333333,3.833333333,paint_splat_write,85,,2.221077449,0.1,9.133407903,,0.458613448,0.660759541,0.625,10,,,,,,,,,,
60,231,231,3.85,3.85,cosmetic_fx_rain_batch,,,0,5,0,,10,,,,14,0,,,,,,,,
60,232,232,3.866666667,3.866666667,cosmetic_fx_rain_batch,,,0,5,0,,10,,,,14,0,,,,,,,,
60,233,233,3.883333333,3.883333333,cosmetic_fx_rain_batch,,,0,5,0,,10,,,,14,0,,,,,,,,
60,233,233,3.883333333,3.883333333,candidate_ray_emission,86,true,1.644833713,4.2,-6.991880042,12,,,,,,,,,,,,,,
60,233,233,3.883333333,3.883333333,ray_ground_hit,86,,1.644833713,0,-6.991880042,,,,,,,,,,,,,,,
60,233,233,3.883333333,3.883333333,paint_splat_write,86,,1.644833713,0.1,-6.991880042,,0.712354493,1.594197811,0.9375,15,,,,,,,,,,
60,234,234,3.9,3.9,cosmetic_fx_rain_batch,,,0,5,0,,10,,,,14,0,,,,,,,,
60,235,235,3.916666667,3.916666667,cosmetic_fx_rain_batch,,,0,5,0,,10,,,,14,0,,,,,,,,
60,235,235,3.916666667,3.916666667,candidate_ray_emission,87,true,-4.642774305,4.2,-2.608779448,12,,,,,,,,,,,,,,
60,235,235,3.916666667,3.916666667,ray_ground_hit,87,,-4.642774305,0,-2.608779448,,,,,,,,,,,,,,,
60,235,235,3.916666667,3.916666667,paint_splat_write,87,,-4.642774305,0.1,-2.608779448,,0.465995498,0.682202512,0.625,10,,,,,,,,,,
60,236,236,3.933333333,3.933333333,cosmetic_fx_rain_batch,,,0,5,0,,10,,,,14,0,,,,,,,,
60,237,237,3.95,3.95,cosmetic_fx_rain_batch,,,0,5,0,,10,,,,14,0,,,,,,,,
60,238,238,3.966666667,3.966666667,cosmetic_fx_rain_batch,,,0,5,0,,10,,,,14,0,,,,,,,,
60,238,238,3.966666667,3.966666667,candidate_ray_emission,88,true,0.724414616,4.2,-4.022104257,12,,,,,,,,,,,,,,
60,238,238,3.966666667,3.966666667,ray_ground_hit,88,,0.724414616,0,-4.022104257,,,,,,,,,,,,,,,
60,238,238,3.966666667,3.966666667,paint_splat_write,88,,0.724414616,0.1,-4.022104257,,0.488920445,0.750976367,0.5625,9,,,,,,,,,,
60,239,239,3.983333333,3.983333333,cosmetic_fx_rain_batch,,,0,5,0,,10,,,,14,0,,,,,,,,
60,240,240,4,4,cosmetic_fx_rain_batch,,,0,5,0,,10,,,,14,0,,,,,,,,
60,241,241,4.016666667,4.016666667,cosmetic_fx_rain_batch,,,0,5,0,,10,,,,14,0,,,,,,,,
60,241,241,4.016666667,4.016666667,candidate_ray_emission,89,true,7.791123534,4.2,0.997255383,12,,,,,,,,,,,,,,
60,241,241,4.016666667,4.016666667,ray_ground_hit,89,,7.791123534,0,0.997255383,,,,,,,,,,,,,,,
60,241,241,4.016666667,4.016666667,paint_splat_write,89,,7.791123534,0.1,0.997255383,,0.627341433,1.236396641,0.875,14,,,,,,,,,,
60,242,242,4.033333333,4.033333333,cosmetic_fx_rain_batch,,,0,5,0,,10,,,,14,0,,,,,,,,
60,243,243,4.05,4.05,cosmetic_fx_rain_batch,,,0,5,0,,10,,,,14,0,,,,,,,,
60,243,243,4.05,4.05,candidate_ray_emission,90,true,-6.758665195,4.2,-0.768290159,12,,,,,,,,,,,,,,
60,243,243,4.05,4.05,ray_ground_hit,90,,-6.758665195,0,-0.768290159,,,,,,,,,,,,,,,
60,243,243,4.05,4.05,paint_splat_write,90,,-6.758665195,0.1,-0.768290159,,0.707178827,1.571116434,0.125,2,,,,,,,,,,
60,244,244,4.066666667,4.066666667,cosmetic_fx_rain_batch,,,0,5,0,,10,,,,14,0,,,,,,,,
60,245,245,4.083333333,4.083333333,cosmetic_fx_rain_batch,,,0,5,0,,10,,,,14,0,,,,,,,,
60,246,246,4.1,4.1,cosmetic_fx_rain_batch,,,0,5,0,,10,,,,15,0,,,,,,,,
60,246,246,4.1,4.1,candidate_ray_emission,91,true,-0.523280979,4.2,-5.750768021,12,,,,,,,,,,,,,,
60,246,246,4.1,4.1,ray_ground_hit,91,,-0.523280979,0,-5.750768021,,,,,,,,,,,,,,,
60,246,246,4.1,4.1,paint_splat_write,91,,-0.523280979,0.1,-5.750768021,,0.555494753,0.969415133,0.625,10,,,,,,,,,,
60,247,247,4.116666667,4.116666667,cosmetic_fx_rain_batch,,,0,5,0,,10,,,,14,0,,,,,,,,
60,248,248,4.133333333,4.133333333,cosmetic_fx_rain_batch,,,0,5,0,,10,,,,15,0,,,,,,,,
60,249,249,4.15,4.15,cosmetic_fx_rain_batch,,,0,5,0,,10,,,,14,0,,,,,,,,
60,249,249,4.15,4.15,candidate_ray_emission,92,true,1.888617984,4.2,-9.559705761,12,,,,,,,,,,,,,,
60,249,249,4.15,4.15,ray_ground_hit,92,,1.888617984,0,-9.559705761,,,,,,,,,,,,,,,
60,249,249,4.15,4.15,paint_splat_write,92,,1.888617984,0.1,-9.559705761,,0.731026813,1.678867748,1.5625,25,,,,,,,,,,
60,250,250,4.166666667,4.166666667,cosmetic_fx_rain_batch,,,0,5,0,,10,,,,14,0,,,,,,,,
60,251,251,4.183333333,4.183333333,cosmetic_fx_rain_batch,,,0,5,0,,10,,,,14,0,,,,,,,,
60,252,252,4.2,4.2,cosmetic_fx_rain_batch,,,0,5,0,,10,,,,14,0,,,,,,,,
60,252,252,4.2,4.2,candidate_ray_emission,93,true,2.867890784,4.2,6.218333237,12,,,,,,,,,,,,,,
60,252,252,4.2,4.2,ray_ground_hit,93,,2.867890784,0,6.218333237,,,,,,,,,,,,,,,
60,252,252,4.2,4.2,paint_splat_write,93,,2.867890784,0.1,6.218333237,,0.718082064,1.61993665,1.375,22,,,,,,,,,,
60,253,253,4.216666667,4.216666667,cosmetic_fx_rain_batch,,,0,5,0,,10,,,,14,0,,,,,,,,
60,254,254,4.233333333,4.233333333,cosmetic_fx_rain_batch,,,0,5,0,,10,,,,14,0,,,,,,,,
60,254,254,4.233333333,4.233333333,candidate_ray_emission,94,true,6.340195504,4.2,-6.152980276,12,,,,,,,,,,,,,,
60,254,254,4.233333333,4.233333333,ray_ground_hit,94,,6.340195504,0,-6.152980276,,,,,,,,,,,,,,,
60,254,254,4.233333333,4.233333333,paint_splat_write,94,,6.340195504,0.1,-6.152980276,,0.601796548,1.137756321,1.0625,17,,,,,,,,,,
60,255,255,4.25,4.25,cosmetic_fx_rain_batch,,,0,5,0,,10,,,,14,0,,,,,,,,
60,256,256,4.266666667,4.266666667,cosmetic_fx_rain_batch,,,0,5,0,,10,,,,15,0,,,,,,,,
60,257,257,4.283333333,4.283333333,cosmetic_fx_rain_batch,,,0,5,0,,10,,,,14,0,,,,,,,,
60,257,257,4.283333333,4.283333333,candidate_ray_emission,95,true,-7.509867746,4.2,6.316412195,12,,,,,,,,,,,,,,
60,257,257,4.283333333,4.283333333,ray_ground_hit,95,,-7.509867746,0,6.316412195,,,,,,,,,,,,,,,
60,257,257,4.283333333,4.283333333,paint_splat_write,95,,-7.509867746,0.1,6.316412195,,0.591242974,1.098201059,1.0625,17,,,,,,,,,,
60,258,258,4.3,4.3,cosmetic_fx_rain_batch,,,0,5,0,,10,,,,14,0,,,,,,,,
60,259,259,4.316666667,4.316666667,cosmetic_fx_rain_batch,,,0,5,0,,10,,,,14,0,,,,,,,,
60,260,260,4.333333333,4.333333333,cosmetic_fx_rain_batch,,,0,5,0,,10,,,,14,0,,,,,,,,
60,260,260,4.333333333,4.333333333,candidate_ray_emission,96,true,9.605058741,4.2,2.355053179,12,,,,,,,,,,,,,,
60,260,260,4.333333333,4.333333333,ray_ground_hit,96,,9.605058741,0,2.355053179,,,,,,,,,,,,,,,
60,260,260,4.333333333,4.333333333,paint_splat_write,96,,9.605058741,0.1,2.355053179,,0.788700593,1.954223393,1.625,26,,,,,,,,,,
60,261,261,4.35,4.35,cosmetic_fx_rain_batch,,,0,5,0,,10,,,,14,0,,,,,,,,
60,262,262,4.366666667,4.366666667,cosmetic_fx_rain_batch,,,0,5,0,,10,,,,14,0,,,,,,,,
60,262,262,4.366666667,4.366666667,candidate_ray_emission,97,true,7.63352747,4.2,6.108330115,12,,,,,,,,,,,,,,
60,262,262,4.366666667,4.366666667,ray_ground_hit,97,,7.63352747,0,6.108330115,,,,,,,,,,,,,,,
60,262,262,4.366666667,4.366666667,paint_splat_write,97,,7.63352747,0.1,6.108330115,,0.685092261,1.474510931,1.5625,25,,,,,,,,,,
60,263,263,4.383333333,4.383333333,cosmetic_fx_rain_batch,,,0,5,0,,10,,,,14,0,,,,,,,,
60,264,264,4.4,4.4,cosmetic_fx_rain_batch,,,0,5,0,,10,,,,14,0,,,,,,,,
60,265,265,4.416666667,4.416666667,cosmetic_fx_rain_batch,,,0,5,0,,10,,,,14,0,,,,,,,,
60,265,265,4.416666667,4.416666667,candidate_ray_emission,98,true,-5.330077748,4.2,-0.567527741,12,,,,,,,,,,,,,,
60,265,265,4.416666667,4.416666667,ray_ground_hit,98,,-5.330077748,0,-0.567527741,,,,,,,,,,,,,,,
60,265,265,4.416666667,4.416666667,paint_splat_write,98,,-5.330077748,0.1,-0.567527741,,0.529049613,0.87931134,0.125,2,,,,,,,,,,
60,266,266,4.433333333,4.433333333,cosmetic_fx_rain_batch,,,0,5,0,,10,,,,15,0,,,,,,,,
60,267,267,4.45,4.45,cosmetic_fx_rain_batch,,,0,5,0,,10,,,,14,0,,,,,,,,
60,268,268,4.466666667,4.466666667,cosmetic_fx_rain_batch,,,0,5,0,,10,,,,14,0,,,,,,,,
60,268,268,4.466666667,4.466666667,candidate_ray_emission,99,true,6.009669809,4.2,-5.436303772,12,,,,,,,,,,,,,,
60,268,268,4.466666667,4.466666667,ray_ground_hit,99,,6.009669809,0,-5.436303772,,,,,,,,,,,,,,,
60,268,268,4.466666667,4.466666667,paint_splat_write,99,,6.009669809,0.1,-5.436303772,,0.514047448,0.830149455,0.5625,9,,,,,,,,,,
60,269,269,4.483333333,4.483333333,cosmetic_fx_rain_batch,,,0,5,0,,10,,,,14,0,,,,,,,,
60,270,270,4.5,4.5,cosmetic_fx_rain_batch,,,0,5,0,,10,,,,14,0,,,,,,,,
60,270,270,4.5,4.5,candidate_ray_emission,100,true,-6.550910961,4.2,0.6542855,12,,,,,,,,,,,,,,
60,270,270,4.5,4.5,ray_ground_hit,100,,-6.550910961,0,0.6542855,,,,,,,,,,,,,,,
60,270,270,4.5,4.5,paint_splat_write,100,,-6.550910961,0.1,0.6542855,,0.751220341,1.772901265,1.375,22,,,,,,,,,,
60,271,271,4.516666667,4.516666667,cosmetic_fx_rain_batch,,,0,5,0,,10,,,,14,0,,,,,,,,
60,272,272,4.533333333,4.533333333,cosmetic_fx_rain_batch,,,0,5,0,,10,,,,14,0,,,,,,,,
60,273,273,4.55,4.55,cosmetic_fx_rain_batch,,,0,5,0,,10,,,,14,0,,,,,,,,
60,273,273,4.55,4.55,candidate_ray_emission,101,true,-0.440052341,4.2,3.824666806,12,,,,,,,,,,,,,,
60,273,273,4.55,4.55,ray_ground_hit,101,,-0.440052341,0,3.824666806,,,,,,,,,,,,,,,
60,273,273,4.55,4.55,paint_splat_write,101,,-0.440052341,0.1,3.824666806,,0.57070394,1.023226113,0.875,14,,,,,,,,,,
60,274,274,4.566666667,4.566666667,cosmetic_fx_rain_batch,,,0,5,0,,10,,,,15,0,,,,,,,,
60,275,275,4.583333333,4.583333333,cosmetic_fx_rain_batch,,,0,5,0,,10,,,,14,0,,,,,,,,
60,276,276,4.6,4.6,cosmetic_fx_rain_batch,,,0,5,0,,10,,,,14,0,,,,,,,,
60,276,276,4.6,4.6,candidate_ray_emission,102,true,6.632120951,4.2,-4.793240797,12,,,,,,,,,,,,,,
60,276,276,4.6,4.6,ray_ground_hit,102,,6.632120951,0,-4.793240797,,,,,,,,,,,,,,,
60,276,276,4.6,4.6,paint_splat_write,102,,6.632120951,0.1,-4.793240797,,0.719576412,1.626685927,0.4375,7,,,,,,,,,,
60,277,277,4.616666667,4.616666667,cosmetic_fx_rain_batch,,,0,5,0,,10,,,,14,0,,,,,,,,
60,278,278,4.633333333,4.633333333,cosmetic_fx_rain_batch,,,0,5,0,,10,,,,14,0,,,,,,,,
60,279,279,4.65,4.65,cosmetic_fx_rain_batch,,,0,5,0,,10,,,,14,0,,,,,,,,
60,279,279,4.65,4.65,candidate_ray_emission,103,true,2.80225615,4.2,9.512335755,12,,,,,,,,,,,,,,
60,279,279,4.65,4.65,ray_ground_hit,103,,2.80225615,0,9.512335755,,,,,,,,,,,,,,,
60,279,279,4.65,4.65,paint_splat_write,103,,2.80225615,0.1,9.512335755,,0.755482937,1.793078044,1.5,24,,,,,,,,,,
60,280,280,4.666666667,4.666666667,cosmetic_fx_rain_batch,,,0,5,0,,10,,,,14,0,,,,,,,,
60,281,281,4.683333333,4.683333333,cosmetic_fx_rain_batch,,,0,5,0,,10,,,,14,0,,,,,,,,
60,281,281,4.683333333,4.683333333,candidate_ray_emission,104,true,1.340457954,4.2,6.96334806,12,,,,,,,,,,,,,,
60,281,281,4.683333333,4.683333333,ray_ground_hit,104,,1.340457954,0,6.96334806,,,,,,,,,,,,,,,
60,281,281,4.683333333,4.683333333,paint_splat_write,104,,1.340457954,0.1,6.96334806,,0.690543784,1.498070709,1.4375,23,,,,,,,,,,
60,282,282,4.7,4.7,cosmetic_fx_rain_batch,,,0,5,0,,10,,,,14,0,,,,,,,,
60,283,283,4.716666667,4.716666667,cosmetic_fx_rain_batch,,,0,5,0,,10,,,,14,0,,,,,,,,
60,284,284,4.733333333,4.733333333,cosmetic_fx_rain_batch,,,0,5,0,,10,,,,14,0,,,,,,,,
60,284,284,4.733333333,4.733333333,candidate_ray_emission,105,true,6.901553276,4.2,6.597183514,12,,,,,,,,,,,,,,
60,284,284,4.733333333,4.733333333,ray_ground_hit,105,,6.901553276,0,6.597183514,,,,,,,,,,,,,,,
60,284,284,4.733333333,4.733333333,paint_splat_write,105,,6.901553276,0.1,6.597183514,,0.749006999,1.762469559,1.3125,21,,,,,,,,,,
60,285,285,4.75,4.75,cosmetic_fx_rain_batch,,,0,5,0,,10,,,,14,0,,,,,,,,
60,286,286,4.766666667,4.766666667,cosmetic_fx_rain_batch,,,0,5,0,,10,,,,14,0,,,,,,,,
60,287,287,4.783333333,4.783333333,cosmetic_fx_rain_batch,,,0,5,0,,10,,,,14,0,,,,,,,,
60,287,287,4.783333333,4.783333333,candidate_ray_emission,106,true,-8.630021794,4.2,2.628830031,12,,,,,,,,,,,,,,
60,287,287,4.783333333,4.783333333,ray_ground_hit,106,,-8.630021794,0,2.628830031,,,,,,,,,,,,,,,
60,287,287,4.783333333,4.783333333,paint_splat_write,106,,-8.630021794,0.1,2.628830031,,0.575929181,1.042048759,0.9375,15,,,,,,,,,,
60,288,288,4.8,4.8,cosmetic_fx_rain_batch,,,0,5,0,,10,,,,14,0,,,,,,,,
60,289,289,4.816666667,4.816666667,cosmetic_fx_rain_batch,,,0,5,0,,10,,,,14,0,,,,,,,,
60,289,289,4.816666667,4.816666667,candidate_ray_emission,107,true,-4.306308237,4.2,8.610008041,12,,,,,,,,,,,,,,
60,289,289,4.816666667,4.816666667,ray_ground_hit,107,,-4.306308237,0,8.610008041,,,,,,,,,,,,,,,
60,289,289,4.816666667,4.816666667,paint_splat_write,107,,-4.306308237,0.1,8.610008041,,0.474729942,0.708016079,0.5625,9,,,,,,,,,,
60,290,290,4.833333333,4.833333333,cosmetic_fx_rain_batch,,,0,5,0,,10,,,,14,0,,,,,,,,
60,291,291,4.85,4.85,cosmetic_fx_rain_batch,,,0,5,0,,10,,,,14,0,,,,,,,,
60,292,292,4.866666667,4.866666667,cosmetic_fx_rain_batch,,,0,5,0,,10,,,,14,0,,,,,,,,
60,292,292,4.866666667,4.866666667,candidate_ray_emission,108,true,-2.771956114,4.2,-2.08263351,12,,,,,,,,,,,,,,
60,292,292,4.866666667,4.866666667,ray_ground_hit,108,,-2.771956114,0,-2.08263351,,,,,,,,,,,,,,,
60,292,292,4.866666667,4.866666667,paint_splat_write,108,,-2.771956114,0.1,-2.08263351,,0.554789302,0.966954478,0.9375,15,,,,,,,,,,
60,293,293,4.883333333,4.883333333,cosmetic_fx_rain_batch,,,0,5,0,,10,,,,14,0,,,,,,,,
60,294,294,4.9,4.9,cosmetic_fx_rain_batch,,,0,5,0,,10,,,,14,0,,,,,,,,
60,295,295,4.916666667,4.916666667,cosmetic_fx_rain_batch,,,0,5,0,,10,,,,14,0,,,,,,,,
60,295,295,4.916666667,4.916666667,candidate_ray_emission,109,true,-8.705277834,4.2,-4.149474286,12,,,,,,,,,,,,,,
60,295,295,4.916666667,4.916666667,ray_ground_hit,109,,-8.705277834,0,-4.149474286,,,,,,,,,,,,,,,
60,295,295,4.916666667,4.916666667,paint_splat_write,109,,-8.705277834,0.1,-4.149474286,,0.691984006,1.504326084,1.375,22,,,,,,,,,,
60,296,296,4.933333333,4.933333333,cosmetic_fx_rain_batch,,,0,5,0,,10,,,,15,0,,,,,,,,
60,297,297,4.95,4.95,cosmetic_fx_rain_batch,,,0,5,0,,10,,,,14,0,,,,,,,,
60,297,297,4.95,4.95,candidate_ray_emission,110,true,4.73735547,4.2,0.292710711,12,,,,,,,,,,,,,,
60,297,297,4.95,4.95,ray_ground_hit,110,,4.73735547,0,0.292710711,,,,,,,,,,,,,,,
60,297,297,4.95,4.95,paint_splat_write,110,,4.73735547,0.1,0.292710711,,0.512242854,0.824331108,0.6875,11,,,,,,,,,,
60,298,298,4.966666667,4.966666667,cosmetic_fx_rain_batch,,,0,5,0,,10,,,,14,0,,,,,,,,
60,299,299,4.983333333,4.983333333,cosmetic_fx_rain_batch,,,0,5,0,,10,,,,14,0,,,,,,,,
60,300,300,5,5,cosmetic_fx_rain_batch,,,0,5,0,,10,,,,14,0,,,,,,,,
60,300,300,5,5,candidate_ray_emission,111,true,1.685498606,4.2,4.892326636,12,,,,,,,,,,,,,,
60,300,300,5,5,ray_ground_hit,111,,1.685498606,0,4.892326636,,,,,,,,,,,,,,,
60,300,300,5,5,paint_splat_write,111,,1.685498606,0.1,4.892326636,,0.500548848,0.787123368,0.25,4,,,,,,,,,,
60,301,301,5.016666667,5.016666667,cosmetic_fx_rain_batch,,,0,5,0,,10,,,,14,0,,,,,,,,
60,302,302,5.033333333,5.033333333,cosmetic_fx_rain_batch,,,0,5,0,,10,,,,14,0,,,,,,,,
60,303,303,5.05,5.05,cosmetic_fx_rain_batch,,,0,5,0,,10,,,,14,0,,,,,,,,
60,303,303,5.05,5.05,candidate_ray_emission,112,true,-3.907101834,4.2,-9.101252634,12,,,,,,,,,,,,,,
60,303,303,5.05,5.05,ray_ground_hit,112,,-3.907101834,0,-9.101252634,,,,,,,,,,,,,,,
60,303,303,5.05,5.05,paint_splat_write,112,,-3.907101834,0.1,-9.101252634,,0.519359921,0.847396638,0.9375,15,,,,,,,,,,
60,304,304,5.066666667,5.066666667,cosmetic_fx_rain_batch,,,0,5,0,,10,,,,14,0,,,,,,,,
60,305,305,5.083333333,5.083333333,cosmetic_fx_rain_batch,,,0,5,0,,10,,,,15,0,,,,,,,,
60,306,306,5.1,5.1,cosmetic_fx_rain_batch,,,0,5,0,,10,,,,14,0,,,,,,,,
60,306,306,5.1,5.1,candidate_ray_emission,113,true,9.130005054,4.2,-2.66775513,12,,,,,,,,,,,,,,
60,306,306,5.1,5.1,ray_ground_hit,113,,9.130005054,0,-2.66775513,,,,,,,,,,,,,,,
60,306,306,5.1,5.1,paint_splat_write,113,,9.130005054,0.1,-2.66775513,,0.762908712,1.828500237,1.8125,29,,,,,,,,,,
60,307,307,5.116666667,5.116666667,cosmetic_fx_rain_batch,,,0,5,0,,10,,,,14,0,,,,,,,,
60,308,308,5.133333333,5.133333333,cosmetic_fx_rain_batch,,,0,5,0,,10,,,,15,0,,,,,,,,
60,308,308,5.133333333,5.133333333,candidate_ray_emission,114,true,-3.97365813,4.2,2.676014371,12,,,,,,,,,,,,,,
60,308,308,5.133333333,5.133333333,ray_ground_hit,114,,-3.97365813,0,2.676014371,,,,,,,,,,,,,,,
60,308,308,5.133333333,5.133333333,paint_splat_write,114,,-3.97365813,0.1,2.676014371,,0.619043227,1.203903913,1.3125,21,,,,,,,,,,
60,309,309,5.15,5.15,cosmetic_fx_rain_batch,,,0,5,0,,10,,,,14,0,,,,,,,,
60,310,310,5.166666667,5.166666667,cosmetic_fx_rain_batch,,,0,5,0,,10,,,,14,0,,,,,,,,
60,311,311,5.183333333,5.183333333,cosmetic_fx_rain_batch,,,0,5,0,,10,,,,14,0,,,,,,,,
60,311,311,5.183333333,5.183333333,candidate_ray_emission,115,true,4.506714503,4.2,8.763345387,12,,,,,,,,,,,,,,
60,311,311,5.183333333,5.183333333,ray_ground_hit,115,,4.506714503,0,8.763345387,,,,,,,,,,,,,,,
60,311,311,5.183333333,5.183333333,paint_splat_write,115,,4.506714503,0.1,8.763345387,,0.601439448,1.136406457,0.625,10,,,,,,,,,,
60,312,312,5.2,5.2,cosmetic_fx_rain_batch,,,0,5,0,,10,,,,14,0,,,,,,,,
60,313,313,5.216666667,5.216666667,cosmetic_fx_rain_batch,,,0,5,0,,10,,,,14,0,,,,,,,,
60,314,314,5.233333333,5.233333333,cosmetic_fx_rain_batch,,,0,5,0,,10,,,,14,0,,,,,,,,
60,314,314,5.233333333,5.233333333,candidate_ray_emission,116,true,4.568502227,4.2,6.990619152,12,,,,,,,,,,,,,,
60,314,314,5.233333333,5.233333333,ray_ground_hit,116,,4.568502227,0,6.990619152,,,,,,,,,,,,,,,
60,314,314,5.233333333,5.233333333,paint_splat_write,116,,4.568502227,0.1,6.990619152,,0.613040811,1.180670322,0.3125,5,,,,,,,,,,
60,315,315,5.25,5.25,cosmetic_fx_rain_batch,,,0,5,0,,10,,,,14,0,,,,,,,,
60,316,316,5.266666667,5.266666667,cosmetic_fx_rain_batch,,,0,5,0,,10,,,,14,0,,,,,,,,
60,316,316,5.266666667,5.266666667,candidate_ray_emission,117,true,-4.946347774,4.2,-8.462550813,12,,,,,,,,,,,,,,
60,316,316,5.266666667,5.266666667,ray_ground_hit,117,,-4.946347774,0,-8.462550813,,,,,,,,,,,,,,,
60,316,316,5.266666667,5.266666667,paint_splat_write,117,,-4.946347774,0.1,-8.462550813,,0.516287845,0.837401381,0,0,,,,,,,,,,
60,317,317,5.283333333,5.283333333,cosmetic_fx_rain_batch,,,0,5,0,,10,,,,15,0,,,,,,,,
60,318,318,5.3,5.3,cosmetic_fx_rain_batch,,,0,5,0,,10,,,,14,0,,,,,,,,
60,319,319,5.316666667,5.316666667,cosmetic_fx_rain_batch,,,0,5,0,,10,,,,14,0,,,,,,,,
60,319,319,5.316666667,5.316666667,candidate_ray_emission,118,true,6.39489033,4.2,6.213204908,12,,,,,,,,,,,,,,
60,319,319,5.316666667,5.316666667,ray_ground_hit,118,,6.39489033,0,6.213204908,,,,,,,,,,,,,,,
60,319,319,5.316666667,5.316666667,paint_splat_write,118,,6.39489033,0.1,6.213204908,,0.759562869,1.812497122,0.875,14,,,,,,,,,,
60,320,320,5.333333333,5.333333333,cosmetic_fx_rain_batch,,,0,5,0,,10,,,,14,0,,,,,,,,
60,321,321,5.35,5.35,cosmetic_fx_rain_batch,,,0,5,0,,10,,,,14,0,,,,,,,,
60,322,322,5.366666667,5.366666667,cosmetic_fx_rain_batch,,,0,5,0,,10,,,,14,0,,,,,,,,
60,322,322,5.366666667,5.366666667,candidate_ray_emission,119,true,1.452487709,4.2,-1.175115035,12,,,,,,,,,,,,,,
60,322,322,5.366666667,5.366666667,ray_ground_hit,119,,1.452487709,0,-1.175115035,,,,,,,,,,,,,,,
60,322,322,5.366666667,5.366666667,paint_splat_write,119,,1.452487709,0.1,-1.175115035,,0.646277838,1.31216485,1.25,20,,,,,,,,,,
60,323,323,5.383333333,5.383333333,cosmetic_fx_rain_batch,,,0,5,0,,10,,,,15,0,,,,,,,,
60,324,324,5.4,5.4,cosmetic_fx_rain_batch,,,0,5,0,,10,,,,14,0,,,,,,,,
60,324,324,5.4,5.4,candidate_ray_emission,120,true,5.081598115,4.2,-2.937417509,12,,,,,,,,,,,,,,
60,324,324,5.4,5.4,ray_ground_hit,120,,5.081598115,0,-2.937417509,,,,,,,,,,,,,,,
60,324,324,5.4,5.4,paint_splat_write,120,,5.081598115,0.1,-2.937417509,,0.568101139,1.01391417,0.625,10,,,,,,,,,,
60,325,325,5.416666667,5.416666667,cosmetic_fx_rain_batch,,,0,5,0,,10,,,,14,0,,,,,,,,
60,326,326,5.433333333,5.433333333,cosmetic_fx_rain_batch,,,0,5,0,,10,,,,14,0,,,,,,,,
60,327,327,5.45,5.45,cosmetic_fx_rain_batch,,,0,5,0,,10,,,,15,0,,,,,,,,
60,327,327,5.45,5.45,candidate_ray_emission,121,true,-5.199150387,4.2,-6.163142921,12,,,,,,,,,,,,,,
60,327,327,5.45,5.45,ray_ground_hit,121,,-5.199150387,0,-6.163142921,,,,,,,,,,,,,,,
60,327,327,5.45,5.45,paint_splat_write,121,,-5.199150387,0.1,-6.163142921,,0.759168481,1.810615402,1.3125,21,,,,,,,,,,
60,328,328,5.466666667,5.466666667,cosmetic_fx_rain_batch,,,0,5,0,,10,,,,14,0,,,,,,,,
60,329,329,5.483333333,5.483333333,cosmetic_fx_rain_batch,,,0,5,0,,10,,,,14,0,,,,,,,,
60,330,330,5.5,5.5,cosmetic_fx_rain_batch,,,0,5,0,,10,,,,14,0,,,,,,,,
60,330,330,5.5,5.5,candidate_ray_emission,122,true,-3.636251838,4.2,-8.556476515,12,,,,,,,,,,,,,,
60,330,330,5.5,5.5,ray_ground_hit,122,,-3.636251838,0,-8.556476515,,,,,,,,,,,,,,,
60,330,330,5.5,5.5,paint_splat_write,122,,-3.636251838,0.1,-8.556476515,,0.571225515,1.025097252,0.75,12,,,,,,,,,,
60,331,331,5.516666667,5.516666667,cosmetic_fx_rain_batch,,,0,5,0,,10,,,,14,0,,,,,,,,
60,332,332,5.533333333,5.533333333,cosmetic_fx_rain_batch,,,0,5,0,,10,,,,14,0,,,,,,,,
60,333,333,5.55,5.55,cosmetic_fx_rain_batch,,,0,5,0,,10,,,,15,0,,,,,,,,
60,333,333,5.55,5.55,candidate_ray_emission,123,true,1.647369862,4.2,8.301776826,12,,,,,,,,,,,,,,
60,333,333,5.55,5.55,ray_ground_hit,123,,1.647369862,0,8.301776826,,,,,,,,,,,,,,,
60,333,333,5.55,5.55,paint_splat_write,123,,1.647369862,0.1,8.301776826,,0.512441982,0.824972132,0.8125,13,,,,,,,,,,
60,334,334,5.566666667,5.566666667,cosmetic_fx_rain_batch,,,0,5,0,,10,,,,14,0,,,,,,,,
60,335,335,5.583333333,5.583333333,cosmetic_fx_rain_batch,,,0,5,0,,10,,,,14,0,,,,,,,,
60,335,335,5.583333333,5.583333333,candidate_ray_emission,124,true,5.418026641,4.2,6.746330729,12,,,,,,,,,,,,,,
60,335,335,5.583333333,5.583333333,ray_ground_hit,124,,5.418026641,0,6.746330729,,,,,,,,,,,,,,,
60,335,335,5.583333333,5.583333333,paint_splat_write,124,,5.418026641,0.1,6.746330729,,0.48158581,0.728613537,0.5,8,,,,,,,,,,
60,336,336,5.6,5.6,cosmetic_fx_rain_batch,,,0,5,0,,10,,,,14,0,,,,,,,,
60,337,337,5.616666667,5.616666667,cosmetic_fx_rain_batch,,,0,5,0,,10,,,,14,0,,,,,,,,
60,338,338,5.633333333,5.633333333,cosmetic_fx_rain_batch,,,0,5,0,,10,,,,14,0,,,,,,,,
60,338,338,5.633333333,5.633333333,candidate_ray_emission,125,true,7.32046509,4.2,-0.615471033,12,,,,,,,,,,,,,,
60,338,338,5.633333333,5.633333333,ray_ground_hit,125,,7.32046509,0,-0.615471033,,,,,,,,,,,,,,,
60,338,338,5.633333333,5.633333333,paint_splat_write,125,,7.32046509,0.1,-0.615471033,,0.613215407,1.181342934,1.25,20,,,,,,,,,,
60,339,339,5.65,5.65,cosmetic_fx_rain_batch,,,0,5,0,,10,,,,15,0,,,,,,,,
60,340,340,5.666666667,5.666666667,cosmetic_fx_rain_batch,,,0,5,0,,10,,,,14,0,,,,,,,,
60,341,341,5.683333333,5.683333333,cosmetic_fx_rain_batch,,,0,5,0,,10,,,,14,0,,,,,,,,
60,341,341,5.683333333,5.683333333,candidate_ray_emission,126,true,-4.515864837,4.2,-8.438260741,12,,,,,,,,,,,,,,
60,341,341,5.683333333,5.683333333,ray_ground_hit,126,,-4.515864837,0,-8.438260741,,,,,,,,,,,,,,,
60,341,341,5.683333333,5.683333333,paint_splat_write,126,,-4.515864837,0.1,-8.438260741,,0.643649873,1.301515211,0,0,,,,,,,,,,
60,342,342,5.7,5.7,cosmetic_fx_rain_batch,,,0,5,0,,10,,,,14,0,,,,,,,,
60,343,343,5.716666667,5.716666667,cosmetic_fx_rain_batch,,,0,5,0,,10,,,,14,0,,,,,,,,
60,343,343,5.716666667,5.716666667,candidate_ray_emission,127,true,-3.203621026,4.2,-5.643157531,12,,,,,,,,,,,,,,
60,343,343,5.716666667,5.716666667,ray_ground_hit,127,,-3.203621026,0,-5.643157531,,,,,,,,,,,,,,,
60,343,343,5.716666667,5.716666667,paint_splat_write,127,,-3.203621026,0.1,-5.643157531,,0.529327309,0.880234677,0.4375,7,,,,,,,,,,
60,344,344,5.733333333,5.733333333,cosmetic_fx_rain_batch,,,0,5,0,,10,,,,14,0,,,,,,,,
60,345,345,5.75,5.75,cosmetic_fx_rain_batch,,,0,5,0,,10,,,,14,0,,,,,,,,
60,346,346,5.766666667,5.766666667,cosmetic_fx_rain_batch,,,0,5,0,,10,,,,14,0,,,,,,,,
60,346,346,5.766666667,5.766666667,candidate_ray_emission,128,true,6.354400521,4.2,5.759749265,12,,,,,,,,,,,,,,
60,346,346,5.766666667,5.766666667,ray_ground_hit,128,,6.354400521,0,5.759749265,,,,,,,,,,,,,,,
60,346,346,5.766666667,5.766666667,paint_splat_write,128,,6.354400521,0.1,5.759749265,,0.776492749,1.894194982,0.625,10,,,,,,,,,,
60,347,347,5.783333333,5.783333333,cosmetic_fx_rain_batch,,,0,5,0,,10,,,,14,0,,,,,,,,
60,348,348,5.8,5.8,cosmetic_fx_rain_batch,,,0,5,0,,10,,,,14,0,,,,,,,,
60,349,349,5.816666667,5.816666667,cosmetic_fx_rain_batch,,,0,5,0,,10,,,,14,0,,,,,,,,
60,349,349,5.816666667,5.816666667,candidate_ray_emission,129,true,-4.917313629,4.2,0.489232368,12,,,,,,,,,,,,,,
60,349,349,5.816666667,5.816666667,ray_ground_hit,129,,-4.917313629,0,0.489232368,,,,,,,,,,,,,,,
60,349,349,5.816666667,5.816666667,paint_splat_write,129,,-4.917313629,0.1,0.489232368,,0.774738052,1.885643755,1.8125,29,,,,,,,,,,
60,350,350,5.833333333,5.833333333,cosmetic_fx_rain_batch,,,0,5,0,,10,,,,14,0,,,,,,,,
60,351,351,5.85,5.85,cosmetic_fx_rain_batch,,,0,5,0,,10,,,,14,0,,,,,,,,
60,351,351,5.85,5.85,candidate_ray_emission,130,true,-8.145830956,4.2,3.104338573,12,,,,,,,,,,,,,,
60,351,351,5.85,5.85,ray_ground_hit,130,,-8.145830956,0,3.104338573,,,,,,,,,,,,,,,
60,351,351,5.85,5.85,paint_splat_write,130,,-8.145830956,0.1,3.104338573,,0.763295464,1.830354603,1.0625,17,,,,,,,,,,
60,352,352,5.866666667,5.866666667,cosmetic_fx_rain_batch,,,0,5,0,,10,,,,15,0,,,,,,,,
60,353,353,5.883333333,5.883333333,cosmetic_fx_rain_batch,,,0,5,0,,10,,,,14,0,,,,,,,,
60,354,354,5.9,5.9,cosmetic_fx_rain_batch,,,0,5,0,,10,,,,14,0,,,,,,,,
60,354,354,5.9,5.9,candidate_ray_emission,131,true,-1.359295246,4.2,-6.079287209,12,,,,,,,,,,,,,,
60,354,354,5.9,5.9,ray_ground_hit,131,,-1.359295246,0,-6.079287209,,,,,,,,,,,,,,,
60,354,354,5.9,5.9,paint_splat_write,131,,-1.359295246,0.1,-6.079287209,,0.721947903,1.637425658,1.3125,21,,,,,,,,,,
60,355,355,5.916666667,5.916666667,cosmetic_fx_rain_batch,,,0,5,0,,10,,,,14,0,,,,,,,,
60,356,356,5.933333333,5.933333333,cosmetic_fx_rain_batch,,,0,5,0,,10,,,,14,0,,,,,,,,
60,357,357,5.95,5.95,cosmetic_fx_rain_batch,,,0,5,0,,10,,,,14,0,,,,,,,,
60,357,357,5.95,5.95,candidate_ray_emission,132,true,0.281909884,4.2,7.830907332,12,,,,,,,,,,,,,,
60,357,357,5.95,5.95,ray_ground_hit,132,,0.281909884,0,7.830907332,,,,,,,,,,,,,,,
60,357,357,5.95,5.95,paint_splat_write,132,,0.281909884,0.1,7.830907332,,0.747711417,1.756377627,1.625,26,,,,,,,,,,
60,358,358,5.966666667,5.966666667,cosmetic_fx_rain_batch,,,0,5,0,,10,,,,15,0,,,,,,,,
60,359,359,5.983333333,5.983333333,cosmetic_fx_rain_batch,,,0,5,0,,10,,,,15,0,,,,,,,,
60,360,360,6,6,cosmetic_fx_rain_batch,,,0,5,0,,10,,,,14,0,,,,,,,,
60,360,360,6,6,candidate_ray_emission,133,true,5.846195177,4.2,2.614152235,12,,,,,,,,,,,,,,
60,360,360,6,6,ray_ground_hit,133,,5.846195177,0,2.614152235,,,,,,,,,,,,,,,
60,360,360,6,6,paint_splat_write,133,,5.846195177,0.1,2.614152235,,0.758156038,1.805789272,1.875,30,,,,,,,,,,
60,361,361,6.016666667,6.016666667,cosmetic_fx_rain_batch,,,0,5,0,,10,,,,14,0,,,,,,,,
60,362,362,6.033333333,6.033333333,cosmetic_fx_rain_batch,,,0,5,0,,10,,,,14,0,,,,,,,,
60,362,362,6.033333333,6.033333333,candidate_ray_emission,134,true,-1.776689807,4.2,-2.555153318,12,,,,,,,,,,,,,,
60,362,362,6.033333333,6.033333333,ray_ground_hit,134,,-1.776689807,0,-2.555153318,,,,,,,,,,,,,,,
60,362,362,6.033333333,6.033333333,paint_splat_write,134,,-1.776689807,0.1,-2.555153318,,0.635723273,1.269656071,1.1875,19,,,,,,,,,,
60,363,363,6.05,6.05,cosmetic_fx_rain_batch,,,0,5,0,,10,,,,14,0,,,,,,,,
60,364,364,6.066666667,6.066666667,cosmetic_fx_rain_batch,,,0,5,0,,10,,,,14,0,,,,,,,,
60,365,365,6.083333333,6.083333333,cosmetic_fx_rain_batch,,,0,5,0,,10,,,,14,0,,,,,,,,
60,365,365,6.083333333,6.083333333,candidate_ray_emission,135,true,7.662177945,4.2,-2.790586278,12,,,,,,,,,,,,,,
60,365,365,6.083333333,6.083333333,ray_ground_hit,135,,7.662177945,0,-2.790586278,,,,,,,,,,,,,,,
60,365,365,6.083333333,6.083333333,paint_splat_write,135,,7.662177945,0.1,-2.790586278,,0.680098103,1.453091625,0.125,2,,,,,,,,,,
60,366,366,6.1,6.1,cosmetic_fx_rain_batch,,,0,5,0,,10,,,,14,0,,,,,,,,
60,367,367,6.116666667,6.116666667,cosmetic_fx_rain_batch,,,0,5,0,,10,,,,15,0,,,,,,,,
60,368,368,6.133333333,6.133333333,cosmetic_fx_rain_batch,,,0,5,0,,10,,,,15,0,,,,,,,,
60,368,368,6.133333333,6.133333333,candidate_ray_emission,136,true,-0.911663433,4.2,-3.33218191,12,,,,,,,,,,,,,,
60,368,368,6.133333333,6.133333333,ray_ground_hit,136,,-0.911663433,0,-3.33218191,,,,,,,,,,,,,,,
60,368,368,6.133333333,6.133333333,paint_splat_write,136,,-0.911663433,0.1,-3.33218191,,0.549510753,0.948641814,0.75,12,,,,,,,,,,
60,369,369,6.15,6.15,cosmetic_fx_rain_batch,,,0,5,0,,10,,,,15,0,,,,,,,,
60,370,370,6.166666667,6.166666667,cosmetic_fx_rain_batch,,,0,5,0,,10,,,,14,0,,,,,,,,
60,370,370,6.166666667,6.166666667,candidate_ray_emission,137,true,-8.074390766,4.2,4.543904427,12,,,,,,,,,,,,,,
60,370,370,6.166666667,6.166666667,ray_ground_hit,137,,-8.074390766,0,4.543904427,,,,,,,,,,,,,,,
60,370,370,6.166666667,6.166666667,paint_splat_write,137,,-8.074390766,0.1,4.543904427,,0.55711516,0.975079051,0.9375,15,,,,,,,,,,
60,371,371,6.183333333,6.183333333,cosmetic_fx_rain_batch,,,0,5,0,,10,,,,14,0,,,,,,,,
60,372,372,6.2,6.2,cosmetic_fx_rain_batch,,,0,5,0,,10,,,,14,0,,,,,,,,
60,373,373,6.216666667,6.216666667,cosmetic_fx_rain_batch,,,0,5,0,,10,,,,14,0,,,,,,,,
60,373,373,6.216666667,6.216666667,candidate_ray_emission,138,true,1.048743583,4.2,1.717751558,12,,,,,,,,,,,,,,
60,373,373,6.216666667,6.216666667,ray_ground_hit,138,,1.048743583,0,1.717751558,,,,,,,,,,,,,,,
60,373,373,6.216666667,6.216666667,paint_splat_write,138,,1.048743583,0.1,1.717751558,,0.658610509,1.362721744,0.75,12,,,,,,,,,,
60,374,374,6.233333333,6.233333333,cosmetic_fx_rain_batch,,,0,5,0,,10,,,,14,0,,,,,,,,
60,375,375,6.25,6.25,cosmetic_fx_rain_batch,,,0,5,0,,10,,,,14,0,,,,,,,,
60,376,376,6.266666667,6.266666667,cosmetic_fx_rain_batch,,,0,5,0,,10,,,,15,0,,,,,,,,
60,376,376,6.266666667,6.266666667,candidate_ray_emission,139,true,8.830989573,4.2,-0.512537036,12,,,,,,,,,,,,,,
60,376,376,6.266666667,6.266666667,ray_ground_hit,139,,8.830989573,0,-0.512537036,,,,,,,,,,,,,,,
60,376,376,6.266666667,6.266666667,paint_splat_write,139,,8.830989573,0.1,-0.512537036,,0.628212183,1.239831258,0.6875,11,,,,,,,,,,
60,377,377,6.283333333,6.283333333,cosmetic_fx_rain_batch,,,0,5,0,,10,,,,15,0,,,,,,,,
60,378,378,6.3,6.3,cosmetic_fx_rain_batch,,,0,5,0,,10,,,,14,0,,,,,,,,
60,378,378,6.3,6.3,candidate_ray_emission,140,true,4.957113269,4.2,4.536149301,12,,,,,,,,,,,,,,
60,378,378,6.3,6.3,ray_ground_hit,140,,4.957113269,0,4.536149301,,,,,,,,,,,,,,,
60,378,378,6.3,6.3,paint_splat_write,140,,4.957113269,0.1,4.536149301,,0.55140007,0.95517623,0.9375,15,,,,,,,,,,
60,379,379,6.316666667,6.316666667,cosmetic_fx_rain_batch,,,0,5,0,,10,,,,14,0,,,,,,,,
60,380,380,6.333333333,6.333333333,cosmetic_fx_rain_batch,,,0,5,0,,10,,,,14,0,,,,,,,,
60,381,381,6.35,6.35,cosmetic_fx_rain_batch,,,0,5,0,,10,,,,14,0,,,,,,,,
60,381,381,6.35,6.35,candidate_ray_emission,141,true,-2.558372577,4.2,1.952554731,12,,,,,,,,,,,,,,
60,381,381,6.35,6.35,ray_ground_hit,141,,-2.558372577,0,1.952554731,,,,,,,,,,,,,,,
60,381,381,6.35,6.35,paint_splat_write,141,,-2.558372577,0.1,1.952554731,,0.768191354,1.853910238,1.875,30,,,,,,,,,,
60,382,382,6.366666667,6.366666667,cosmetic_fx_rain_batch,,,0,5,0,,10,,,,14,0,,,,,,,,
60,383,383,6.383333333,6.383333333,cosmetic_fx_rain_batch,,,0,5,0,,10,,,,14,0,,,,,,,,
60,384,384,6.4,6.4,cosmetic_fx_rain_batch,,,0,5,0,,10,,,,15,0,,,,,,,,
60,384,384,6.4,6.4,candidate_ray_emission,142,true,1.906283614,4.2,-0.000731444,12,,,,,,,,,,,,,,
60,384,384,6.4,6.4,ray_ground_hit,142,,1.906283614,0,-0.000731444,,,,,,,,,,,,,,,
60,384,384,6.4,6.4,paint_splat_write,142,,1.906283614,0.1,-0.000731444,,0.603187779,1.143022924,0.875,14,,,,,,,,,,
60,385,385,6.416666667,6.416666667,cosmetic_fx_rain_batch,,,0,5,0,,10,,,,15,0,,,,,,,,
60,386,386,6.433333333,6.433333333,cosmetic_fx_rain_batch,,,0,5,0,,10,,,,14,0,,,,,,,,
60,387,387,6.45,6.45,cosmetic_fx_rain_batch,,,0,5,0,,10,,,,15,0,,,,,,,,
60,387,387,6.45,6.45,candidate_ray_emission,143,true,9.141976342,4.2,2.62329386,12,,,,,,,,,,,,,,
60,387,387,6.45,6.45,ray_ground_hit,143,,9.141976342,0,2.62329386,,,,,,,,,,,,,,,
60,387,387,6.45,6.45,paint_splat_write,143,,9.141976342,0.1,2.62329386,,0.633060355,1.259041677,0.3125,5,,,,,,,,,,
60,388,388,6.466666667,6.466666667,cosmetic_fx_rain_batch,,,0,5,0,,10,,,,14,0,,,,,,,,
60,389,389,6.483333333,6.483333333,cosmetic_fx_rain_batch,,,0,5,0,,10,,,,14,0,,,,,,,,
60,389,389,6.483333333,6.483333333,candidate_ray_emission,144,true,-3.488667271,4.2,-0.862707107,12,,,,,,,,,,,,,,
60,389,389,6.483333333,6.483333333,ray_ground_hit,144,,-3.488667271,0,-0.862707107,,,,,,,,,,,,,,,
60,389,389,6.483333333,6.483333333,paint_splat_write,144,,-3.488667271,0.1,-0.862707107,,0.512570264,0.82538522,0.3125,5,,,,,,,,,,
60,390,390,6.5,6.5,cosmetic_fx_rain_batch,,,0,5,0,,10,,,,14,0,,,,,,,,
60,391,391,6.516666667,6.516666667,cosmetic_fx_rain_batch,,,0,5,0,,10,,,,14,0,,,,,,,,
60,392,392,6.533333333,6.533333333,cosmetic_fx_rain_batch,,,0,5,0,,10,,,,14,0,,,,,,,,
60,392,392,6.533333333,6.533333333,candidate_ray_emission,145,true,0.127107632,4.2,5.143917037,12,,,,,,,,,,,,,,
60,392,392,6.533333333,6.533333333,ray_ground_hit,145,,0.127107632,0,5.143917037,,,,,,,,,,,,,,,
60,392,392,6.533333333,6.533333333,paint_splat_write,145,,0.127107632,0.1,5.143917037,,0.642654683,1.297493605,1.1875,19,,,,,,,,,,
60,393,393,6.55,6.55,cosmetic_fx_rain_batch,,,0,5,0,,10,,,,14,0,,,,,,,,
60,394,394,6.566666667,6.566666667,cosmetic_fx_rain_batch,,,0,5,0,,10,,,,14,0,,,,,,,,
60,395,395,6.583333333,6.583333333,cosmetic_fx_rain_batch,,,0,5,0,,10,,,,14,0,,,,,,,,
60,395,395,6.583333333,6.583333333,candidate_ray_emission,146,true,7.513875726,4.2,4.239433444,12,,,,,,,,,,,,,,
60,395,395,6.583333333,6.583333333,ray_ground_hit,146,,7.513875726,0,4.239433444,,,,,,,,,,,,,,,
60,395,395,6.583333333,6.583333333,paint_splat_write,146,,7.513875726,0.1,4.239433444,,0.739059398,1.715965532,1.1875,19,,,,,,,,,,
60,396,396,6.6,6.6,cosmetic_fx_rain_batch,,,0,5,0,,10,,,,14,0,,,,,,,,
60,397,397,6.616666667,6.616666667,cosmetic_fx_rain_batch,,,0,5,0,,10,,,,14,0,,,,,,,,
60,397,397,6.616666667,6.616666667,candidate_ray_emission,147,true,-2.211213473,4.2,5.481268433,12,,,,,,,,,,,,,,
60,397,397,6.616666667,6.616666667,ray_ground_hit,147,,-2.211213473,0,5.481268433,,,,,,,,,,,,,,,
60,397,397,6.616666667,6.616666667,paint_splat_write,147,,-2.211213473,0.1,5.481268433,,0.544492685,0.931395148,0,0,,,,,,,,,,
60,398,398,6.633333333,6.633333333,cosmetic_fx_rain_batch,,,0,5,0,,10,,,,15,0,,,,,,,,
60,399,399,6.65,6.65,cosmetic_fx_rain_batch,,,0,5,0,,10,,,,14,0,,,,,,,,
60,400,400,6.666666667,6.666666667,cosmetic_fx_rain_batch,,,0,5,0,,10,,,,14,0,,,,,,,,
60,400,400,6.666666667,6.666666667,candidate_ray_emission,148,true,8.340979209,4.2,-3.289927401,12,,,,,,,,,,,,,,
60,400,400,6.666666667,6.666666667,ray_ground_hit,148,,8.340979209,0,-3.289927401,,,,,,,,,,,,,,,
60,400,400,6.666666667,6.666666667,paint_splat_write,148,,8.340979209,0.1,-3.289927401,,0.566762434,1.009141313,0.125,2,,,,,,,,,,
60,401,401,6.683333333,6.683333333,cosmetic_fx_rain_batch,,,0,5,0,,10,,,,14,0,,,,,,,,
60,402,402,6.7,6.7,cosmetic_fx_rain_batch,,,0,5,0,,10,,,,14,0,,,,,,,,
60,403,403,6.716666667,6.716666667,cosmetic_fx_rain_batch,,,0,5,0,,10,,,,14,0,,,,,,,,
60,403,403,6.716666667,6.716666667,candidate_ray_emission,149,true,9.606635114,4.2,1.117925019,12,,,,,,,,,,,,,,
60,403,403,6.716666667,6.716666667,ray_ground_hit,149,,9.606635114,0,1.117925019,,,,,,,,,,,,,,,
60,403,403,6.716666667,6.716666667,paint_splat_write,149,,9.606635114,0.1,1.117925019,,0.612732379,1.179482586,1.1875,19,,,,,,,,,,
60,404,404,6.733333333,6.733333333,cosmetic_fx_rain_batch,,,0,5,0,,10,,,,14,0,,,,,,,,
60,405,405,6.75,6.75,cosmetic_fx_rain_batch,,,0,5,0,,10,,,,14,0,,,,,,,,
60,405,405,6.75,6.75,candidate_ray_emission,150,true,-0.904142473,4.2,7.267669262,12,,,,,,,,,,,,,,
60,405,405,6.75,6.75,ray_ground_hit,150,,-0.904142473,0,7.267669262,,,,,,,,,,,,,,,
60,405,405,6.75,6.75,paint_splat_write,150,,-0.904142473,0.1,7.267669262,,0.629084874,1.243278316,0.5625,9,,,,,,,,,,
60,406,406,6.766666667,6.766666667,cosmetic_fx_rain_batch,,,0,5,0,,10,,,,15,0,,,,,,,,
60,407,407,6.783333333,6.783333333,cosmetic_fx_rain_batch,,,0,5,0,,10,,,,14,0,,,,,,,,
60,408,408,6.8,6.8,cosmetic_fx_rain_batch,,,0,5,0,,10,,,,14,0,,,,,,,,
60,408,408,6.8,6.8,candidate_ray_emission,151,true,-6.965748139,4.2,-0.248177391,12,,,,,,,,,,,,,,
60,408,408,6.8,6.8,ray_ground_hit,151,,-6.965748139,0,-0.248177391,,,,,,,,,,,,,,,
60,408,408,6.8,6.8,paint_splat_write,151,,-6.965748139,0.1,-0.248177391,,0.466326092,0.683170813,0,0,,,,,,,,,,
60,409,409,6.816666667,6.816666667,cosmetic_fx_rain_batch,,,0,5,0,,10,,,,14,0,,,,,,,,
60,410,410,6.833333333,6.833333333,cosmetic_fx_rain_batch,,,0,5,0,,10,,,,14,0,,,,,,,,
60,411,411,6.85,6.85,cosmetic_fx_rain_batch,,,0,5,0,,10,,,,15,0,,,,,,,,
60,411,411,6.85,6.85,candidate_ray_emission,152,true,-0.206613726,4.2,6.117864351,12,,,,,,,,,,,,,,
60,411,411,6.85,6.85,ray_ground_hit,152,,-0.206613726,0,6.117864351,,,,,,,,,,,,,,,
60,411,411,6.85,6.85,paint_splat_write,152,,-0.206613726,0.1,6.117864351,,0.699773316,1.538383552,0.25,4,,,,,,,,,,
60,412,412,6.866666667,6.866666667,cosmetic_fx_rain_batch,,,0,5,0,,10,,,,14,0,,,,,,,,
60,413,413,6.883333333,6.883333333,cosmetic_fx_rain_batch,,,0,5,0,,10,,,,14,0,,,,,,,,
60,414,414,6.9,6.9,cosmetic_fx_rain_batch,,,0,5,0,,10,,,,15,0,,,,,,,,
60,414,414,6.9,6.9,candidate_ray_emission,153,true,7.433194218,4.2,3.947504864,12,,,,,,,,,,,,,,
60,414,414,6.9,6.9,ray_ground_hit,153,,7.433194218,0,3.947504864,,,,,,,,,,,,,,,
60,414,414,6.9,6.9,paint_splat_write,153,,7.433194218,0.1,3.947504864,,0.749423001,1.764427872,0.3125,5,,,,,,,,,,
60,415,415,6.916666667,6.916666667,cosmetic_fx_rain_batch,,,0,5,0,,10,,,,15,0,,,,,,,,
60,416,416,6.933333333,6.933333333,cosmetic_fx_rain_batch,,,0,5,0,,10,,,,15,0,,,,,,,,
60,416,416,6.933333333,6.933333333,candidate_ray_emission,154,true,-2.52195603,4.2,8.392432135,12,,,,,,,,,,,,,,
60,416,416,6.933333333,6.933333333,ray_ground_hit,154,,-2.52195603,0,8.392432135,,,,,,,,,,,,,,,
60,416,416,6.933333333,6.933333333,paint_splat_write,154,,-2.52195603,0.1,8.392432135,,0.613359256,1.181897243,1.0625,17,,,,,,,,,,
60,417,417,6.95,6.95,cosmetic_fx_rain_batch,,,0,5,0,,10,,,,14,0,,,,,,,,
60,418,418,6.966666667,6.966666667,cosmetic_fx_rain_batch,,,0,5,0,,10,,,,14,0,,,,,,,,
60,419,419,6.983333333,6.983333333,cosmetic_fx_rain_batch,,,0,5,0,,10,,,,14,0,,,,,,,,
60,419,419,6.983333333,6.983333333,candidate_ray_emission,155,true,3.668457445,4.2,-2.105679691,12,,,,,,,,,,,,,,
60,419,419,6.983333333,6.983333333,ray_ground_hit,155,,3.668457445,0,-2.105679691,,,,,,,,,,,,,,,
60,419,419,6.983333333,6.983333333,paint_splat_write,155,,3.668457445,0.1,-2.105679691,,0.706514247,1.568164868,1.25,20,,,,,,,,,,
60,420,420,7,7,cosmetic_fx_rain_batch,,,0,5,0,,10,,,,14,0,,,,,,,,
60,421,421,7.016666667,7.016666667,cosmetic_fx_rain_batch,,,0,5,0,,10,,,,14,0,,,,,,,,
60,422,422,7.033333333,7.033333333,cosmetic_fx_rain_batch,,,0,5,0,,10,,,,14,0,,,,,,,,
60,422,422,7.033333333,7.033333333,candidate_ray_emission,156,true,-8.217730429,4.2,3.809594952,12,,,,,,,,,,,,,,
60,422,422,7.033333333,7.033333333,ray_ground_hit,156,,-8.217730429,0,3.809594952,,,,,,,,,,,,,,,
60,422,422,7.033333333,7.033333333,paint_splat_write,156,,-8.217730429,0.1,3.809594952,,0.688679541,1.489993026,0.5,8,,,,,,,,,,
60,423,423,7.05,7.05,cosmetic_fx_rain_batch,,,0,5,0,,10,,,,14,0,,,,,,,,
60,424,424,7.066666667,7.066666667,cosmetic_fx_rain_batch,,,0,5,0,,10,,,,14,0,,,,,,,,
60,424,424,7.066666667,7.066666667,candidate_ray_emission,157,true,-7.192395896,4.2,-0.471588809,12,,,,,,,,,,,,,,
60,424,424,7.066666667,7.066666667,ray_ground_hit,157,,-7.192395896,0,-0.471588809,,,,,,,,,,,,,,,
60,424,424,7.066666667,7.066666667,paint_splat_write,157,,-7.192395896,0.1,-0.471588809,,0.655751203,1.350915129,0.3125,5,,,,,,,,,,
60,425,425,7.083333333,7.083333333,cosmetic_fx_rain_batch,,,0,5,0,,10,,,,14,0,,,,,,,,
60,426,426,7.1,7.1,cosmetic_fx_rain_batch,,,0,5,0,,10,,,,14,0,,,,,,,,
60,427,427,7.116666667,7.116666667,cosmetic_fx_rain_batch,,,0,5,0,,10,,,,15,0,,,,,,,,
60,427,427,7.116666667,7.116666667,candidate_ray_emission,158,true,-0.128304279,4.2,-6.103085007,12,,,,,,,,,,,,,,
60,427,427,7.116666667,7.116666667,ray_ground_hit,158,,-0.128304279,0,-6.103085007,,,,,,,,,,,,,,,
60,427,427,7.116666667,7.116666667,paint_splat_write,158,,-0.128304279,0.1,-6.103085007,,0.789567945,1.958523964,0.75,12,,,,,,,,,,
60,428,428,7.133333333,7.133333333,cosmetic_fx_rain_batch,,,0,5,0,,10,,,,14,0,,,,,,,,
60,429,429,7.15,7.15,cosmetic_fx_rain_batch,,,0,5,0,,10,,,,14,0,,,,,,,,
60,430,430,7.166666667,7.166666667,cosmetic_fx_rain_batch,,,0,5,0,,10,,,,14,0,,,,,,,,
60,430,430,7.166666667,7.166666667,candidate_ray_emission,159,true,-3.275395607,4.2,5.172132366,12,,,,,,,,,,,,,,
60,430,430,7.166666667,7.166666667,ray_ground_hit,159,,-3.275395607,0,5.172132366,,,,,,,,,,,,,,,
60,430,430,7.166666667,7.166666667,paint_splat_write,159,,-3.275395607,0.1,5.172132366,,0.662583812,1.379213551,0.4375,7,,,,,,,,,,
60,431,431,7.183333333,7.183333333,cosmetic_fx_rain_batch,,,0,5,0,,10,,,,14,0,,,,,,,,
60,432,432,7.2,7.2,cosmetic_fx_rain_batch,,,0,5,0,,10,,,,15,0,,,,,,,,
60,432,432,7.2,7.2,candidate_ray_emission,160,true,3.509533292,4.2,-2.479664687,12,,,,,,,,,,,,,,
60,432,432,7.2,7.2,ray_ground_hit,160,,3.509533292,0,-2.479664687,,,,,,,,,,,,,,,
60,432,432,7.2,7.2,paint_splat_write,160,,3.509533292,0.1,-2.479664687,,0.50974698,0.816317666,0.125,2,,,,,,,,,,
60,433,433,7.216666667,7.216666667,cosmetic_fx_rain_batch,,,0,5,0,,10,,,,14,0,,,,,,,,
60,434,434,7.233333333,7.233333333,cosmetic_fx_rain_batch,,,0,5,0,,10,,,,14,0,,,,,,,,
60,435,435,7.25,7.25,cosmetic_fx_rain_batch,,,0,5,0,,10,,,,15,0,,,,,,,,
60,435,435,7.25,7.25,candidate_ray_emission,161,true,-2.01629502,4.2,6.984413554,12,,,,,,,,,,,,,,
60,435,435,7.25,7.25,ray_ground_hit,161,,-2.01629502,0,6.984413554,,,,,,,,,,,,,,,
60,435,435,7.25,7.25,paint_splat_write,161,,-2.01629502,0.1,6.984413554,,0.692032606,1.504537398,1.1875,19,,,,,,,,,,
60,436,436,7.266666667,7.266666667,cosmetic_fx_rain_batch,,,0,5,0,,10,,,,14,0,,,,,,,,
60,437,437,7.283333333,7.283333333,cosmetic_fx_rain_batch,,,0,5,0,,10,,,,14,0,,,,,,,,
60,438,438,7.3,7.3,cosmetic_fx_rain_batch,,,0,5,0,,10,,,,14,0,,,,,,,,
60,438,438,7.3,7.3,candidate_ray_emission,162,true,-2.558902103,4.2,0.268099946,12,,,,,,,,,,,,,,
60,438,438,7.3,7.3,ray_ground_hit,162,,-2.558902103,0,0.268099946,,,,,,,,,,,,,,,
60,438,438,7.3,7.3,paint_splat_write,162,,-2.558902103,0.1,0.268099946,,0.701226872,1.544781193,1.125,18,,,,,,,,,,
60,439,439,7.316666667,7.316666667,cosmetic_fx_rain_batch,,,0,5,0,,10,,,,14,0,,,,,,,,
60,440,440,7.333333333,7.333333333,cosmetic_fx_rain_batch,,,0,5,0,,10,,,,15,0,,,,,,,,
60,441,441,7.35,7.35,cosmetic_fx_rain_batch,,,0,5,0,,10,,,,14,0,,,,,,,,
60,441,441,7.35,7.35,candidate_ray_emission,163,true,8.04974658,4.2,-3.962502227,12,,,,,,,,,,,,,,
60,441,441,7.35,7.35,ray_ground_hit,163,,8.04974658,0,-3.962502227,,,,,,,,,,,,,,,
60,441,441,7.35,7.35,paint_splat_write,163,,8.04974658,0.1,-3.962502227,,0.465948554,0.682065071,0.4375,7,,,,,,,,,,
60,442,442,7.366666667,7.366666667,cosmetic_fx_rain_batch,,,0,5,0,,10,,,,14,0,,,,,,,,
60,443,443,7.383333333,7.383333333,cosmetic_fx_rain_batch,,,0,5,0,,10,,,,14,0,,,,,,,,
60,443,443,7.383333333,7.383333333,candidate_ray_emission,164,true,6.677472531,4.2,-6.438794225,12,,,,,,,,,,,,,,
60,443,443,7.383333333,7.383333333,ray_ground_hit,164,,6.677472531,0,-6.438794225,,,,,,,,,,,,,,,
60,443,443,7.383333333,7.383333333,paint_splat_write,164,,6.677472531,0.1,-6.438794225,,0.687898365,1.486614715,0.75,12,,,,,,,,,,
60,444,444,7.4,7.4,cosmetic_fx_rain_batch,,,0,5,0,,10,,,,14,0,,,,,,,,
60,445,445,7.416666667,7.416666667,cosmetic_fx_rain_batch,,,0,5,0,,9.777777778,,,,14,0,,,,,,,,
60,446,446,7.433333333,7.433333333,cosmetic_fx_rain_batch,,,0,5,0,,9.555555556,,,,13,0,,,,,,,,
60,446,446,7.433333333,7.433333333,candidate_ray_emission,165,true,6.021011591,4.2,-6.213785027,12,,,,,,,,,,,,,,
60,446,446,7.433333333,7.433333333,ray_ground_hit,165,,6.021011591,0,-6.213785027,,,,,,,,,,,,,,,
60,446,446,7.433333333,7.433333333,paint_splat_write,165,,6.021011591,0.1,-6.213785027,,0.757475397,1.802548405,0.5,8,,,,,,,,,,
60,447,447,7.45,7.45,cosmetic_fx_rain_batch,,,0,5,0,,9.333333333,,,,12,0,,,,,,,,
60,448,448,7.466666667,7.466666667,cosmetic_fx_rain_batch,,,0,5,0,,9.111111111,,,,12,0,,,,,,,,
60,449,449,7.483333333,7.483333333,cosmetic_fx_rain_batch,,,0,5,0,,8.888888889,,,,11,0,,,,,,,,
60,449,449,7.483333333,7.483333333,candidate_ray_emission,166,true,0.697271891,4.2,-4.117230603,12,,,,,,,,,,,,,,
60,449,449,7.483333333,7.483333333,ray_ground_hit,166,,0.697271891,0,-4.117230603,,,,,,,,,,,,,,,
60,449,449,7.483333333,7.483333333,paint_splat_write,166,,0.697271891,0.1,-4.117230603,,0.517562902,0.841542688,0,0,,,,,,,,,,
60,450,450,7.5,7.5,cosmetic_fx_rain_batch,,,0,5,0,,8.666666667,,,,10,0,,,,,,,,
60,451,451,7.516666667,7.516666667,cosmetic_fx_rain_batch,,,0,5,0,,8.444444444,,,,10,0,,,,,,,,
60,451,451,7.516666667,7.516666667,candidate_ray_emission,167,true,-4.619914711,4.2,6.796459378,12,,,,,,,,,,,,,,
60,451,451,7.516666667,7.516666667,ray_ground_hit,167,,-4.619914711,0,6.796459378,,,,,,,,,,,,,,,
60,451,451,7.516666667,7.516666667,paint_splat_write,167,,-4.619914711,0.1,6.796459378,,0.705433595,1.563371353,1.0625,17,,,,,,,,,,
60,452,452,7.533333333,7.533333333,cosmetic_fx_rain_batch,,,0,5,0,,8.222222222,,,,9,0,,,,,,,,
60,453,453,7.55,7.55,cosmetic_fx_rain_batch,,,0,5,0,,8,,,,9,0,,,,,,,,
60,454,454,7.566666667,7.566666667,cosmetic_fx_rain_batch,,,0,5,0,,7.777777778,,,,9,0,,,,,,,,
60,454,454,7.566666667,7.566666667,candidate_ray_emission,168,true,-4.365349934,4.2,2.051507459,12,,,,,,,,,,,,,,
60,454,454,7.566666667,7.566666667,ray_ground_hit,168,,-4.365349934,0,2.051507459,,,,,,,,,,,,,,,
60,454,454,7.566666667,7.566666667,paint_splat_write,168,,-4.365349934,0.1,2.051507459,,0.573430341,1.033025899,0.875,14,,,,,,,,,,
60,455,455,7.583333333,7.583333333,cosmetic_fx_rain_batch,,,0,5,0,,7.555555556,,,,8,0,,,,,,,,
60,456,456,7.6,7.6,cosmetic_fx_rain_batch,,,0,5,0,,7.333333333,,,,8,0,,,,,,,,
60,457,457,7.616666667,7.616666667,cosmetic_fx_rain_batch,,,0,5,0,,7.111111111,,,,8,0,,,,,,,,
60,457,457,7.616666667,7.616666667,candidate_ray_emission,169,true,3.72095296,4.2,-5.124832795,12,,,,,,,,,,,,,,
60,457,457,7.616666667,7.616666667,ray_ground_hit,169,,3.72095296,0,-5.124832795,,,,,,,,,,,,,,,
60,457,457,7.616666667,7.616666667,paint_splat_write,169,,3.72095296,0.1,-5.124832795,,0.710696626,1.586786071,1.25,20,,,,,,,,,,
60,458,458,7.633333333,7.633333333,cosmetic_fx_rain_batch,,,0,5,0,,6.888888889,,,,7,0,,,,,,,,
60,459,459,7.65,7.65,cosmetic_fx_rain_batch,,,0,5,0,,6.666666667,,,,7,0,,,,,,,,
60,459,459,7.65,7.65,candidate_ray_emission,170,true,4.912990499,4.2,-0.361021777,12,,,,,,,,,,,,,,
60,459,459,7.65,7.65,ray_ground_hit,170,,4.912990499,0,-0.361021777,,,,,,,,,,,,,,,
60,459,459,7.65,7.65,paint_splat_write,170,,4.912990499,0.1,-0.361021777,,0.588250237,1.087111512,0.5,8,,,,,,,,,,
60,460,460,7.666666667,7.666666667,cosmetic_fx_rain_batch,,,0,5,0,,6.444444444,,,,6,0,,,,,,,,
60,461,461,7.683333333,7.683333333,cosmetic_fx_rain_batch,,,0,5,0,,6.222222222,,,,6,0,,,,,,,,
60,462,462,7.7,7.7,cosmetic_fx_rain_batch,,,0,5,0,,6,,,,5,0,,,,,,,,
60,462,462,7.7,7.7,candidate_ray_emission,171,true,-2.00684163,4.2,4.942077351,12,,,,,,,,,,,,,,
60,462,462,7.7,7.7,ray_ground_hit,171,,-2.00684163,0,4.942077351,,,,,,,,,,,,,,,
60,462,462,7.7,7.7,paint_splat_write,171,,-2.00684163,0.1,4.942077351,,0.755502743,1.793172063,0.4375,7,,,,,,,,,,
60,463,463,7.716666667,7.716666667,cosmetic_fx_rain_batch,,,0,5,0,,5.777777778,,,,5,0,,,,,,,,
60,464,464,7.733333333,7.733333333,cosmetic_fx_rain_batch,,,0,5,0,,5.555555556,,,,4,0,,,,,,,,
60,465,465,7.75,7.75,cosmetic_fx_rain_batch,,,0,5,0,,5.333333333,,,,4,0,,,,,,,,
60,465,465,7.75,7.75,candidate_ray_emission,172,true,-4.67384089,4.2,-1.607344014,12,,,,,,,,,,,,,,
60,465,465,7.75,7.75,ray_ground_hit,172,,-4.67384089,0,-1.607344014,,,,,,,,,,,,,,,
60,465,465,7.75,7.75,paint_splat_write,172,,-4.67384089,0.1,-1.607344014,,0.690282298,1.496936385,1.375,22,,,,,,,,,,
60,466,466,7.766666667,7.766666667,cosmetic_fx_rain_batch,,,0,5,0,,5.111111111,,,,4,0,,,,,,,,
60,467,467,7.783333333,7.783333333,cosmetic_fx_rain_batch,,,0,5,0,,4.888888889,,,,3,0,,,,,,,,
60,468,468,7.8,7.8,cosmetic_fx_rain_batch,,,0,5,0,,4.666666667,,,,3,0,,,,,,,,
60,468,468,7.8,7.8,candidate_ray_emission,173,true,-2.267247031,4.2,3.266088575,12,,,,,,,,,,,,,,
60,468,468,7.8,7.8,ray_ground_hit,173,,-2.267247031,0,3.266088575,,,,,,,,,,,,,,,
60,468,468,7.8,7.8,paint_splat_write,173,,-2.267247031,0.1,3.266088575,,0.677535951,1.442163704,1.4375,23,,,,,,,,,,
60,469,469,7.816666667,7.816666667,cosmetic_fx_rain_batch,,,0,5,0,,4.444444444,,,,3,0,,,,,,,,
60,470,470,7.833333333,7.833333333,cosmetic_fx_rain_batch,,,0,5,0,,4.222222222,,,,2,0,,,,,,,,
60,470,470,7.833333333,7.833333333,candidate_ray_emission,174,true,0.447812407,4.2,-0.115727439,12,,,,,,,,,,,,,,
60,470,470,7.833333333,7.833333333,ray_ground_hit,174,,0.447812407,0,-0.115727439,,,,,,,,,,,,,,,
60,470,470,7.833333333,7.833333333,paint_splat_write,174,,0.447812407,0.1,-0.115727439,,0.764359438,1.8354609,1.3125,21,,,,,,,,,,
60,471,471,7.85,7.85,cosmetic_fx_rain_batch,,,0,5,0,,4,,,,2,0,,,,,,,,
60,472,472,7.866666667,7.866666667,cosmetic_fx_rain_batch,,,0,5,0,,3.777777778,,,,2,0,,,,,,,,
60,473,473,7.883333333,7.883333333,cosmetic_fx_rain_batch,,,0,5,0,,3.555555556,,,,2,0,,,,,,,,
60,473,473,7.883333333,7.883333333,candidate_ray_emission,175,true,-1.870180814,4.2,-1.622513649,12,,,,,,,,,,,,,,
60,473,473,7.883333333,7.883333333,ray_ground_hit,175,,-1.870180814,0,-1.622513649,,,,,,,,,,,,,,,
60,473,473,7.883333333,7.883333333,paint_splat_write,175,,-1.870180814,0.1,-1.622513649,,0.508877451,0.813535084,0.25,4,,,,,,,,,,
60,474,474,7.9,7.9,cosmetic_fx_rain_batch,,,0,5,0,,3.333333333,,,,2,0,,,,,,,,
60,475,475,7.916666667,7.916666667,cosmetic_fx_rain_batch,,,0,5,0,,3.111111111,,,,1,0,,,,,,,,
60,476,476,7.933333333,7.933333333,cosmetic_fx_rain_batch,,,0,5,0,,2.888888889,,,,1,0,,,,,,,,
60,476,476,7.933333333,7.933333333,candidate_ray_emission,176,true,-0.628117982,4.2,-1.565757697,12,,,,,,,,,,,,,,
60,476,476,7.933333333,7.933333333,ray_ground_hit,176,,-0.628117982,0,-1.565757697,,,,,,,,,,,,,,,
60,476,476,7.933333333,7.933333333,paint_splat_write,176,,-0.628117982,0.1,-1.565757697,,0.593224538,1.105574685,0.875,14,,,,,,,,,,
60,477,477,7.95,7.95,cosmetic_fx_rain_batch,,,0,5,0,,2.666666667,,,,1,0,,,,,,,,
60,478,478,7.966666667,7.966666667,cosmetic_fx_rain_batch,,,0,5,0,,2.444444444,,,,1,0,,,,,,,,
60,478,478,7.966666667,7.966666667,candidate_ray_emission,177,true,0.119506709,4.2,-0.604359501,12,,,,,,,,,,,,,,
60,478,478,7.966666667,7.966666667,ray_ground_hit,177,,0.119506709,0,-0.604359501,,,,,,,,,,,,,,,
60,478,478,7.966666667,7.966666667,paint_splat_write,177,,0.119506709,0.1,-0.604359501,,0.738996038,1.715671324,0.75,12,,,,,,,,,,
60,479,479,7.983333333,7.983333333,cosmetic_fx_rain_batch,,,0,5,0,,2.222222222,,,,1,0,,,,,,,,
60,480,480,8,8,cosmetic_fx_rain_batch,,,0,5,0,,2,,,,1,0,,,,,,,,
60,,480,8,8,cpu_turf_distribution,,,,,,,,,,,,,0,0.5,0,30,1,0.0625,,
60,,480,8,8,cpu_turf_distribution,,,,,,,,,,,,,0,0.5,30,60,1,0.0625,,
60,,480,8,8,cpu_turf_distribution,,,,,,,,,,,,,0,0.5,60,90,1,0.0625,,
60,,480,8,8,cpu_turf_distribution,,,,,,,,,,,,,0,0.5,90,120,1,0.0625,,
60,,480,8,8,cpu_turf_distribution,,,,,,,,,,,,,0,0.5,120,150,1,0.0625,,
60,,480,8,8,cpu_turf_distribution,,,,,,,,,,,,,0,0.5,150,180,1,0.0625,,
60,,480,8,8,cpu_turf_distribution,,,,,,,,,,,,,0,0.5,180,210,1,0.0625,,
60,,480,8,8,cpu_turf_distribution,,,,,,,,,,,,,0,0.5,210,240,1,0.0625,,
60,,480,8,8,cpu_turf_distribution,,,,,,,,,,,,,0,0.5,240,270,1,0.0625,,
60,,480,8,8,cpu_turf_distribution,,,,,,,,,,,,,0,0.5,270,300,1,0.0625,,
60,,480,8,8,cpu_turf_distribution,,,,,,,,,,,,,0,0.5,300,330,1,0.0625,,
60,,480,8,8,cpu_turf_distribution,,,,,,,,,,,,,0,0.5,330,360,1,0.0625,,
60,,480,8,8,cpu_turf_distribution,,,,,,,,,,,,,0.5,1,0,30,3,0.1875,,
60,,480,8,8,cpu_turf_distribution,,,,,,,,,,,,,0.5,1,30,60,4,0.25,,
60,,480,8,8,cpu_turf_distribution,,,,,,,,,,,,,0.5,1,60,90,3,0.1875,,
60,,480,8,8,cpu_turf_distribution,,,,,,,,,,,,,0.5,1,90,120,2,0.125,,
60,,480,8,8,cpu_turf_distribution,,,,,,,,,,,,,0.5,1,120,150,2,0.125,,
60,,480,8,8,cpu_turf_distribution,,,,,,,,,,,,,0.5,1,150,180,2,0.125,,
60,,480,8,8,cpu_turf_distribution,,,,,,,,,,,,,0.5,1,210,240,3,0.1875,,
60,,480,8,8,cpu_turf_distribution,,,,,,,,,,,,,0.5,1,240,270,3,0.1875,,
60,,480,8,8,cpu_turf_distribution,,,,,,,,,,,,,0.5,1,270,300,3,0.1875,,
60,,480,8,8,cpu_turf_distribution,,,,,,,,,,,,,0.5,1,300,330,4,0.25,,
60,,480,8,8,cpu_turf_distribution,,,,,,,,,,,,,0.5,1,330,360,3,0.1875,,
60,,480,8,8,cpu_turf_distribution,,,,,,,,,,,,,1,1.5,0,30,3,0.1875,,
60,,480,8,8,cpu_turf_distribution,,,,,,,,,,,,,1,1.5,30,60,4,0.25,,
60,,480,8,8,cpu_turf_distribution,,,,,,,,,,,,,1,1.5,60,90,5,0.3125,,
60,,480,8,8,cpu_turf_distribution,,,,,,,,,,,,,1,1.5,90,120,5,0.3125,,
60,,480,8,8,cpu_turf_distribution,,,,,,,,,,,,,1,1.5,120,150,3,0.1875,,
60,,480,8,8,cpu_turf_distribution,,,,,,,,,,,,,1,1.5,150,180,5,0.3125,,
60,,480,8,8,cpu_turf_distribution,,,,,,,,,,,,,1,1.5,210,240,2,0.125,,
60,,480,8,8,cpu_turf_distribution,,,,,,,,,,,,,1,1.5,240,270,5,0.3125,,
60,,480,8,8,cpu_turf_distribution,,,,,,,,,,,,,1,1.5,270,300,3,0.1875,,
60,,480,8,8,cpu_turf_distribution,,,,,,,,,,,,,1,1.5,300,330,3,0.1875,,
60,,480,8,8,cpu_turf_distribution,,,,,,,,,,,,,1,1.5,330,360,1,0.0625,,
60,,480,8,8,cpu_turf_distribution,,,,,,,,,,,,,1.5,2,0,30,5,0.3125,,
60,,480,8,8,cpu_turf_distribution,,,,,,,,,,,,,1.5,2,30,60,6,0.375,,
60,,480,8,8,cpu_turf_distribution,,,,,,,,,,,,,1.5,2,60,90,6,0.375,,
60,,480,8,8,cpu_turf_distribution,,,,,,,,,,,,,1.5,2,90,120,6,0.375,,
60,,480,8,8,cpu_turf_distribution,,,,,,,,,,,,,1.5,2,120,150,8,0.5,,
60,,480,8,8,cpu_turf_distribution,,,,,,,,,,,,,1.5,2,150,180,7,0.4375,,
60,,480,8,8,cpu_turf_distribution,,,,,,,,,,,,,1.5,2,180,210,1,0.0625,,
60,,480,8,8,cpu_turf_distribution,,,,,,,,,,,,,1.5,2,210,240,8,0.5,,
60,,480,8,8,cpu_turf_distribution,,,,,,,,,,,,,1.5,2,240,270,7,0.4375,,
60,,480,8,8,cpu_turf_distribution,,,,,,,,,,,,,1.5,2,270,300,1,0.0625,,
60,,480,8,8,cpu_turf_distribution,,,,,,,,,,,,,1.5,2,300,330,8,0.5,,
60,,480,8,8,cpu_turf_distribution,,,,,,,,,,,,,1.5,2,330,360,7,0.4375,,
60,,480,8,8,cpu_turf_distribution,,,,,,,,,,,,,2,2.5,0,30,4,0.25,,
60,,480,8,8,cpu_turf_distribution,,,,,,,,,,,,,2,2.5,30,60,5,0.3125,,
60,,480,8,8,cpu_turf_distribution,,,,,,,,,,,,,2,2.5,60,90,4,0.25,,
60,,480,8,8,cpu_turf_distribution,,,,,,,,,,,,,2,2.5,90,120,4,0.25,,
60,,480,8,8,cpu_turf_distribution,,,,,,,,,,,,,2,2.5,120,150,3,0.1875,,
60,,480,8,8,cpu_turf_distribution,,,,,,,,,,,,,2,2.5,150,180,8,0.5,,
60,,480,8,8,cpu_turf_distribution,,,,,,,,,,,,,2,2.5,180,210,4,0.25,,
60,,480,8,8,cpu_turf_distribution,,,,,,,,,,,,,2,2.5,210,240,8,0.5,,
60,,480,8,8,cpu_turf_distribution,,,,,,,,,,,,,2,2.5,240,270,8,0.5,,
60,,480,8,8,cpu_turf_distribution,,,,,,,,,,,,,2,2.5,270,300,4,0.25,,
60,,480,8,8,cpu_turf_distribution,,,,,,,,,,,,,2,2.5,300,330,5,0.3125,,
60,,480,8,8,cpu_turf_distribution,,,,,,,,,,,,,2,2.5,330,360,7,0.4375,,
60,,480,8,8,cpu_turf_distribution,,,,,,,,,,,,,2.5,3,0,30,7,0.4375,,
60,,480,8,8,cpu_turf_distribution,,,,,,,,,,,,,2.5,3,30,60,2,0.125,,
60,,480,8,8,cpu_turf_distribution,,,,,,,,,,,,,2.5,3,120,150,7,0.4375,,
60,,480,8,8,cpu_turf_distribution,,,,,,,,,,,,,2.5,3,150,180,8,0.5,,
60,,480,8,8,cpu_turf_distribution,,,,,,,,,,,,,2.5,3,180,210,9,0.5625,,
60,,480,8,8,cpu_turf_distribution,,,,,,,,,,,,,2.5,3,210,240,8,0.5,,
60,,480,8,8,cpu_turf_distribution,,,,,,,,,,,,,2.5,3,240,270,10,0.625,,
60,,480,8,8,cpu_turf_distribution,,,,,,,,,,,,,2.5,3,270,300,7,0.4375,,
60,,480,8,8,cpu_turf_distribution,,,,,,,,,,,,,2.5,3,300,330,1,0.0625,,
60,,480,8,8,cpu_turf_distribution,,,,,,,,,,,,,2.5,3,330,360,6,0.375,,
60,,480,8,8,cpu_turf_distribution,,,,,,,,,,,,,3,3.5,0,30,8,0.5,,
60,,480,8,8,cpu_turf_distribution,,,,,,,,,,,,,3,3.5,30,60,8,0.5,,
60,,480,8,8,cpu_turf_distribution,,,,,,,,,,,,,3,3.5,90,120,1,0.0625,,
60,,480,8,8,cpu_turf_distribution,,,,,,,,,,,,,3,3.5,120,150,10,0.625,,
60,,480,8,8,cpu_turf_distribution,,,,,,,,,,,,,3,3.5,150,180,7,0.4375,,
60,,480,8,8,cpu_turf_distribution,,,,,,,,,,,,,3,3.5,180,210,10,0.625,,
60,,480,8,8,cpu_turf_distribution,,,,,,,,,,,,,3,3.5,210,240,13,0.8125,,
60,,480,8,8,cpu_turf_distribution,,,,,,,,,,,,,3,3.5,240,270,13,0.8125,,
60,,480,8,8,cpu_turf_distribution,,,,,,,,,,,,,3,3.5,270,300,13,0.8125,,
60,,480,8,8,cpu_turf_distribution,,,,,,,,,,,,,3,3.5,300,330,3,0.1875,,
60,,480,8,8,cpu_turf_distribution,,,,,,,,,,,,,3,3.5,330,360,3,0.1875,,
60,,480,8,8,cpu_turf_distribution,,,,,,,,,,,,,3.5,4,0,30,2,0.125,,
60,,480,8,8,cpu_turf_distribution,,,,,,,,,,,,,3.5,4,30,60,16,1,,
60,,480,8,8,cpu_turf_distribution,,,,,,,,,,,,,3.5,4,60,90,6,0.375,,
60,,480,8,8,cpu_turf_distribution,,,,,,,,,,,,,3.5,4,90,120,12,0.75,,
60,,480,8,8,cpu_turf_distribution,,,,,,,,,,,,,3.5,4,120,150,16,1,,
60,,480,8,8,cpu_turf_distribution,,,,,,,,,,,,,3.5,4,150,180,1,0.0625,,
60,,480,8,8,cpu_turf_distribution,,,,,,,,,,,,,3.5,4,180,210,8,0.5,,
60,,480,8,8,cpu_turf_distribution,,,,,,,,,,,,,3.5,4,210,240,14,0.875,,
60,,480,8,8,cpu_turf_distribution,,,,,,,,,,,,,3.5,4,240,270,6,0.375,,
60,,480,8,8,cpu_turf_distribution,,,,,,,,,,,,,3.5,4,270,300,14,0.875,,
60,,480,8,8,cpu_turf_distribution,,,,,,,,,,,,,3.5,4,300,330,8,0.5,,
60,,480,8,8,cpu_turf_distribution,,,,,,,,,,,,,3.5,4,330,360,11,0.6875,,
60,,480,8,8,cpu_turf_distribution,,,,,,,,,,,,,4,4.5,0,30,4,0.25,,
60,,480,8,8,cpu_turf_distribution,,,,,,,,,,,,,4,4.5,30,60,13,0.8125,,
60,,480,8,8,cpu_turf_distribution,,,,,,,,,,,,,4,4.5,60,90,8,0.5,,
60,,480,8,8,cpu_turf_distribution,,,,,,,,,,,,,4,4.5,90,120,6,0.375,,
60,,480,8,8,cpu_turf_distribution,,,,,,,,,,,,,4,4.5,120,150,10,0.625,,
60,,480,8,8,cpu_turf_distribution,,,,,,,,,,,,,4,4.5,150,180,8,0.5,,
60,,480,8,8,cpu_turf_distribution,,,,,,,,,,,,,4,4.5,180,210,5,0.3125,,
60,,480,8,8,cpu_turf_distribution,,,,,,,,,,,,,4,4.5,210,240,9,0.5625,,
60,,480,8,8,cpu_turf_distribution,,,,,,,,,,,,,4,4.5,240,270,6,0.375,,
60,,480,8,8,cpu_turf_distribution,,,,,,,,,,,,,4,4.5,270,300,12,0.75,,
60,,480,8,8,cpu_turf_distribution,,,,,,,,,,,,,4,4.5,300,330,13,0.8125,,
60,,480,8,8,cpu_turf_distribution,,,,,,,,,,,,,4,4.5,330,360,17,1.0625,,
60,,480,8,8,cpu_turf_distribution,,,,,,,,,,,,,4.5,5,0,30,7,0.4375,,
60,,480,8,8,cpu_turf_distribution,,,,,,,,,,,,,4.5,5,30,60,11,0.6875,,
60,,480,8,8,cpu_turf_distribution,,,,,,,,,,,,,4.5,5,60,90,15,0.9375,,
60,,480,8,8,cpu_turf_distribution,,,,,,,,,,,,,4.5,5,90,120,8,0.5,,
60,,480,8,8,cpu_turf_distribution,,,,,,,,,,,,,4.5,5,120,150,11,0.6875,,
60,,480,8,8,cpu_turf_distribution,,,,,,,,,,,,,4.5,5,150,180,19,1.1875,,
60,,480,8,8,cpu_turf_distribution,,,,,,,,,,,,,4.5,5,180,210,16,1,,
60,,480,8,8,cpu_turf_distribution,,,,,,,,,,,,,4.5,5,210,240,15,0.9375,,
60,,480,8,8,cpu_turf_distribution,,,,,,,,,,,,,4.5,5,240,270,18,1.125,,
60,,480,8,8,cpu_turf_distribution,,,,,,,,,,,,,4.5,5,270,300,16,1,,
60,,480,8,8,cpu_turf_distribution,,,,,,,,,,,,,4.5,5,300,330,11,0.6875,,
60,,480,8,8,cpu_turf_distribution,,,,,,,,,,,,,4.5,5,330,360,13,0.8125,,
60,,480,8,8,cpu_turf_distribution,,,,,,,,,,,,,5,5.5,0,30,2,0.125,,
60,,480,8,8,cpu_turf_distribution,,,,,,,,,,,,,5,5.5,30,60,9,0.5625,,
60,,480,8,8,cpu_turf_distribution,,,,,,,,,,,,,5,5.5,60,90,15,0.9375,,
60,,480,8,8,cpu_turf_distribution,,,,,,,,,,,,,5,5.5,90,120,14,0.875,,
60,,480,8,8,cpu_turf_distribution,,,,,,,,,,,,,5,5.5,120,150,9,0.5625,,
60,,480,8,8,cpu_turf_distribution,,,,,,,,,,,,,5,5.5,150,180,16,1,,
60,,480,8,8,cpu_turf_distribution,,,,,,,,,,,,,5,5.5,180,210,22,1.375,,
60,,480,8,8,cpu_turf_distribution,,,,,,,,,,,,,5,5.5,210,240,10,0.625,,
60,,480,8,8,cpu_turf_distribution,,,,,,,,,,,,,5,5.5,240,270,19,1.1875,,
60,,480,8,8,cpu_turf_distribution,,,,,,,,,,,,,5,5.5,270,300,20,1.25,,
60,,480,8,8,cpu_turf_distribution,,,,,,,,,,,,,5,5.5,300,330,9,0.5625,,
60,,480,8,8,cpu_turf_distribution,,,,,,,,,,,,,5,5.5,330,360,6,0.375,,
60,,480,8,8,cpu_turf_distribution,,,,,,,,,,,,,5.5,6,0,30,5,0.3125,,
60,,480,8,8,cpu_turf_distribution,,,,,,,,,,,,,5.5,6,30,60,2,0.125,,
60,,480,8,8,cpu_turf_distribution,,,,,,,,,,,,,5.5,6,60,90,6,0.375,,
60,,480,8,8,cpu_turf_distribution,,,,,,,,,,,,,5.5,6,90,120,23,1.4375,,
60,,480,8,8,cpu_turf_distribution,,,,,,,,,,,,,5.5,6,120,150,5,0.3125,,
60,,480,8,8,cpu_turf_distribution,,,,,,,,,,,,,5.5,6,150,180,4,0.25,,
60,,480,8,8,cpu_turf_distribution,,,,,,,,,,,,,5.5,6,180,210,8,0.5,,
60,,480,8,8,cpu_turf_distribution,,,,,,,,,,,,,5.5,6,210,240,3,0.1875,,
60,,480,8,8,cpu_turf_distribution,,,,,,,,,,,,,5.5,6,240,270,19,1.1875,,
60,,480,8,8,cpu_turf_distribution,,,,,,,,,,,,,5.5,6,270,300,18,1.125,,
60,,480,8,8,cpu_turf_distribution,,,,,,,,,,,,,5.5,6,300,330,12,0.75,,
60,,480,8,8,cpu_turf_distribution,,,,,,,,,,,,,5.5,6,330,360,5,0.3125,,
60,,480,8,8,cpu_turf_distribution,,,,,,,,,,,,,6,6.5,0,30,12,0.75,,
60,,480,8,8,cpu_turf_distribution,,,,,,,,,,,,,6,6.5,30,60,4,0.25,,
60,,480,8,8,cpu_turf_distribution,,,,,,,,,,,,,6,6.5,60,90,9,0.5625,,
60,,480,8,8,cpu_turf_distribution,,,,,,,,,,,,,6,6.5,90,120,25,1.5625,,
60,,480,8,8,cpu_turf_distribution,,,,,,,,,,,,,6,6.5,120,150,10,0.625,,
60,,480,8,8,cpu_turf_distribution,,,,,,,,,,,,,6,6.5,150,180,17,1.0625,,
60,,480,8,8,cpu_turf_distribution,,,,,,,,,,,,,6,6.5,180,210,16,1,,
60,,480,8,8,cpu_turf_distribution,,,,,,,,,,,,,6,6.5,210,240,14,0.875,,
60,,480,8,8,cpu_turf_distribution,,,,,,,,,,,,,6,6.5,240,270,25,1.5625,,
60,,480,8,8,cpu_turf_distribution,,,,,,,,,,,,,6,6.5,270,300,12,0.75,,
60,,480,8,8,cpu_turf_distribution,,,,,,,,,,,,,6,6.5,300,330,20,1.25,,
60,,480,8,8,cpu_turf_distribution,,,,,,,,,,,,,6,6.5,330,360,2,0.125,,
60,,480,8,8,cpu_turf_distribution,,,,,,,,,,,,,6.5,7,0,30,10,0.625,,
60,,480,8,8,cpu_turf_distribution,,,,,,,,,,,,,6.5,7,30,60,12,0.75,,
60,,480,8,8,cpu_turf_distribution,,,,,,,,,,,,,6.5,7,60,90,19,1.1875,,
60,,480,8,8,cpu_turf_distribution,,,,,,,,,,,,,6.5,7,90,120,26,1.625,,
60,,480,8,8,cpu_turf_distribution,,,,,,,,,,,,,6.5,7,120,150,10,0.625,,
60,,480,8,8,cpu_turf_distribution,,,,,,,,,,,,,6.5,7,150,180,22,1.375,,
60,,480,8,8,cpu_turf_distribution,,,,,,,,,,,,,6.5,7,180,210,23,1.4375,,
60,,480,8,8,cpu_turf_distribution,,,,,,,,,,,,,6.5,7,210,240,19,1.1875,,
60,,480,8,8,cpu_turf_distribution,,,,,,,,,,,,,6.5,7,240,270,20,1.25,,
60,,480,8,8,cpu_turf_distribution,,,,,,,,,,,,,6.5,7,270,300,15,0.9375,,
60,,480,8,8,cpu_turf_distribution,,,,,,,,,,,,,6.5,7,300,330,15,0.9375,,
60,,480,8,8,cpu_turf_distribution,,,,,,,,,,,,,6.5,7,330,360,7,0.4375,,
60,,480,8,8,cpu_turf_distribution,,,,,,,,,,,,,7,7.5,0,30,5,0.3125,,
60,,480,8,8,cpu_turf_distribution,,,,,,,,,,,,,7,7.5,30,60,13,0.8125,,
60,,480,8,8,cpu_turf_distribution,,,,,,,,,,,,,7,7.5,60,90,23,1.4375,,
60,,480,8,8,cpu_turf_distribution,,,,,,,,,,,,,7,7.5,90,120,20,1.25,,
60,,480,8,8,cpu_turf_distribution,,,,,,,,,,,,,7,7.5,120,150,11,0.6875,,
60,,480,8,8,cpu_turf_distribution,,,,,,,,,,,,,7,7.5,150,180,14,0.875,,
60,,480,8,8,cpu_turf_distribution,,,,,,,,,,,,,7,7.5,180,210,20,1.25,,
60,,480,8,8,cpu_turf_distribution,,,,,,,,,,,,,7,7.5,210,240,18,1.125,,
60,,480,8,8,cpu_turf_distribution,,,,,,,,,,,,,7,7.5,240,270,2,0.125,,
60,,480,8,8,cpu_turf_distribution,,,,,,,,,,,,,7,7.5,270,300,20,1.25,,
60,,480,8,8,cpu_turf_distribution,,,,,,,,,,,,,7,7.5,300,330,3,0.1875,,
60,,480,8,8,cpu_turf_distribution,,,,,,,,,,,,,7,7.5,330,360,11,0.6875,,
60,,480,8,8,cpu_turf_distribution,,,,,,,,,,,,,7.5,8,0,30,19,1.1875,,
60,,480,8,8,cpu_turf_distribution,,,,,,,,,,,,,7.5,8,30,60,13,0.8125,,
60,,480,8,8,cpu_turf_distribution,,,,,,,,,,,,,7.5,8,60,90,20,1.25,,
60,,480,8,8,cpu_turf_distribution,,,,,,,,,,,,,7.5,8,90,120,17,1.0625,,
60,,480,8,8,cpu_turf_distribution,,,,,,,,,,,,,7.5,8,120,150,19,1.1875,,
60,,480,8,8,cpu_turf_distribution,,,,,,,,,,,,,7.5,8,150,180,10,0.625,,
60,,480,8,8,cpu_turf_distribution,,,,,,,,,,,,,7.5,8,180,210,8,0.5,,
60,,480,8,8,cpu_turf_distribution,,,,,,,,,,,,,7.5,8,210,240,15,0.9375,,
60,,480,8,8,cpu_turf_distribution,,,,,,,,,,,,,7.5,8,270,300,26,1.625,,
60,,480,8,8,cpu_turf_distribution,,,,,,,,,,,,,7.5,8,300,330,15,0.9375,,
60,,480,8,8,cpu_turf_distribution,,,,,,,,,,,,,7.5,8,330,360,25,1.5625,,
60,,480,8,8,cpu_turf_distribution,,,,,,,,,,,,,8,8.5,0,30,16,1,,
60,,480,8,8,cpu_turf_distribution,,,,,,,,,,,,,8,8.5,30,60,26,1.625,,
60,,480,8,8,cpu_turf_distribution,,,,,,,,,,,,,8,8.5,60,90,20,1.25,,
60,,480,8,8,cpu_turf_distribution,,,,,,,,,,,,,8,8.5,90,120,7,0.4375,,
60,,480,8,8,cpu_turf_distribution,,,,,,,,,,,,,8,8.5,120,150,24,1.5,,
60,,480,8,8,cpu_turf_distribution,,,,,,,,,,,,,8,8.5,150,180,11,0.6875,,
60,,480,8,8,cpu_turf_distribution,,,,,,,,,,,,,8,8.5,180,210,7,0.4375,,
60,,480,8,8,cpu_turf_distribution,,,,,,,,,,,,,8,8.5,210,240,17,1.0625,,
60,,480,8,8,cpu_turf_distribution,,,,,,,,,,,,,8,8.5,270,300,17,1.0625,,
60,,480,8,8,cpu_turf_distribution,,,,,,,,,,,,,8,8.5,300,330,25,1.5625,,
60,,480,8,8,cpu_turf_distribution,,,,,,,,,,,,,8,8.5,330,360,27,1.6875,,
60,,480,8,8,cpu_turf_distribution,,,,,,,,,,,,,8.5,9,0,30,18,1.125,,
60,,480,8,8,cpu_turf_distribution,,,,,,,,,,,,,8.5,9,30,60,28,1.75,,
60,,480,8,8,cpu_turf_distribution,,,,,,,,,,,,,8.5,9,60,90,15,0.9375,,
60,,480,8,8,cpu_turf_distribution,,,,,,,,,,,,,8.5,9,90,120,9,0.5625,,
60,,480,8,8,cpu_turf_distribution,,,,,,,,,,,,,8.5,9,120,150,23,1.4375,,
60,,480,8,8,cpu_turf_distribution,,,,,,,,,,,,,8.5,9,150,180,20,1.25,,
60,,480,8,8,cpu_turf_distribution,,,,,,,,,,,,,8.5,9,180,210,24,1.5,,
60,,480,8,8,cpu_turf_distribution,,,,,,,,,,,,,8.5,9,210,240,16,1,,
60,,480,8,8,cpu_turf_distribution,,,,,,,,,,,,,8.5,9,240,270,4,0.25,,
60,,480,8,8,cpu_turf_distribution,,,,,,,,,,,,,8.5,9,270,300,12,0.75,,
60,,480,8,8,cpu_turf_distribution,,,,,,,,,,,,,8.5,9,300,330,26,1.625,,
60,,480,8,8,cpu_turf_distribution,,,,,,,,,,,,,8.5,9,330,360,25,1.5625,,
60,,480,8,8,cpu_turf_distribution,,,,,,,,,,,,,9,9.5,0,30,23,1.4375,,
60,,480,8,8,cpu_turf_distribution,,,,,,,,,,,,,9,9.5,30,60,24,1.5,,
60,,480,8,8,cpu_turf_distribution,,,,,,,,,,,,,9,9.5,60,90,20,1.25,,
60,,480,8,8,cpu_turf_distribution,,,,,,,,,,,,,9,9.5,90,120,7,0.4375,,
60,,480,8,8,cpu_turf_distribution,,,,,,,,,,,,,9,9.5,120,150,21,1.3125,,
60,,480,8,8,cpu_turf_distribution,,,,,,,,,,,,,9,9.5,150,180,31,1.9375,,
60,,480,8,8,cpu_turf_distribution,,,,,,,,,,,,,9,9.5,180,210,37,2.3125,,
60,,480,8,8,cpu_turf_distribution,,,,,,,,,,,,,9,9.5,210,240,26,1.625,,
60,,480,8,8,cpu_turf_distribution,,,,,,,,,,,,,9,9.5,240,270,23,1.4375,,
60,,480,8,8,cpu_turf_distribution,,,,,,,,,,,,,9,9.5,270,300,27,1.6875,,
60,,480,8,8,cpu_turf_distribution,,,,,,,,,,,,,9,9.5,300,330,21,1.3125,,
60,,480,8,8,cpu_turf_distribution,,,,,,,,,,,,,9,9.5,330,360,25,1.5625,,
60,,480,8,8,cpu_turf_distribution,,,,,,,,,,,,,9.5,10,0,30,23,1.4375,,
60,,480,8,8,cpu_turf_distribution,,,,,,,,,,,,,9.5,10,30,60,18,1.125,,
60,,480,8,8,cpu_turf_distribution,,,,,,,,,,,,,9.5,10,60,90,19,1.1875,,
60,,480,8,8,cpu_turf_distribution,,,,,,,,,,,,,9.5,10,90,120,6,0.375,,
60,,480,8,8,cpu_turf_distribution,,,,,,,,,,,,,9.5,10,120,150,14,0.875,,
60,,480,8,8,cpu_turf_distribution,,,,,,,,,,,,,9.5,10,150,180,12,0.75,,
60,,480,8,8,cpu_turf_distribution,,,,,,,,,,,,,9.5,10,180,210,21,1.3125,,
60,,480,8,8,cpu_turf_distribution,,,,,,,,,,,,,9.5,10,210,240,20,1.25,,
60,,480,8,8,cpu_turf_distribution,,,,,,,,,,,,,9.5,10,240,270,19,1.1875,,
60,,480,8,8,cpu_turf_distribution,,,,,,,,,,,,,9.5,10,270,300,24,1.5,,
60,,480,8,8,cpu_turf_distribution,,,,,,,,,,,,,9.5,10,300,330,15,0.9375,,
60,,480,8,8,cpu_turf_distribution,,,,,,,,,,,,,9.5,10,330,360,13,0.8125,,
60,,480,8,8,cpu_turf_distribution,,,,,,,,,,,,,10,10.5,0,30,14,0.875,,
60,,480,8,8,cpu_turf_distribution,,,,,,,,,,,,,10,10.5,30,60,12,0.75,,
60,,480,8,8,cpu_turf_distribution,,,,,,,,,,,,,10,10.5,60,90,17,1.0625,,
60,,480,8,8,cpu_turf_distribution,,,,,,,,,,,,,10,10.5,120,150,6,0.375,,
60,,480,8,8,cpu_turf_distribution,,,,,,,,,,,,,10,10.5,150,180,3,0.1875,,
60,,480,8,8,cpu_turf_distribution,,,,,,,,,,,,,10,10.5,180,210,9,0.5625,,
60,,480,8,8,cpu_turf_distribution,,,,,,,,,,,,,10,10.5,210,240,8,0.5,,
60,,480,8,8,cpu_turf_distribution,,,,,,,,,,,,,10,10.5,240,270,9,0.5625,,
60,,480,8,8,cpu_turf_distribution,,,,,,,,,,,,,10,10.5,270,300,8,0.5,,
60,,480,8,8,cpu_turf_distribution,,,,,,,,,,,,,10,10.5,300,330,2,0.125,,
60,,480,8,8,cpu_turf_distribution,,,,,,,,,,,,,10,10.5,330,360,3,0.1875,,
60,,480,8,8,cpu_turf_distribution,,,,,,,,,,,,,10.5,11,0,30,2,0.125,,
60,,480,8,8,cpu_turf_distribution,,,,,,,,,,,,,10.5,11,60,90,2,0.125,,
60,,480,8,8,cpu_turf_distribution,,,,,,,,,,,,,10.5,11,210,240,1,0.0625,,
60,,480,8,8,cpu_turf_distribution,,,,,,,,,,,,,10.5,11,270,300,1,0.0625,,
60,,,,,summary,,,,,,,,,,,,,,,,,,,renderHz,60
60,,,,,summary,,,,,,,,,,,,,,,,,,,renderFrames,480
60,,,,,summary,,,,,,,,,,,,,,,,,,,fixedSimulationHz,60
60,,,,,summary,,,,,,,,,,,,,,,,,,,fixedSimulationTicks,480
60,,,,,summary,,,,,,,,,,,,,,,,,,,fixedSimulationSeconds,8
60,,,,,summary,,,,,,,,,,,,,,,,,,,cloudCount,1
60,,,,,summary,,,,,,,,,,,,,,,,,,,cloudRemovedAtEnd,true
60,,,,,summary,,,,,,,,,,,,,,,,,,,candidateRayEmissions,178
60,,,,,summary,,,,,,,,,,,,,,,,,,,rayGroundHits,178
60,,,,,summary,,,,,,,,,,,,,,,,,,,paintWriteEvents,178
60,,,,,summary,,,,,,,,,,,,,,,,,,,auditCandidateRayEmissions,178
60,,,,,summary,,,,,,,,,,,,,,,,,,,auditRayGroundHits,178
60,,,,,summary,,,,,,,,,,,,,,,,,,,auditPaintEvents,178
60,,,,,summary,,,,,,,,,,,,,,,,,,,cosmeticRainCalls,480
60,,,,,summary,,,,,,,,,,,,,,,,,,,cosmeticParticleEmissions,6384
60,,,,,summary,,,,,,,,,,,,,,,,,,,cosmeticParticleBatchEvents,480
60,,,,,summary,,,,,,,,,,,,,,,,,,,paintFlaggedCosmeticEmissions,0
60,,,,,summary,,,,,,,,,,,,,,,,,,,summedCircularBrushFootprintWorldUnitsSquared,233.134166494
60,,,,,summary,,,,,,,,,,,,,,,,,,,summedClaimedWorldUnitsSquared,170.6875
60,,,,,summary,,,,,,,,,,,,,,,,,,,finalCpuTurfCellsFromGrid,2731
60,,,,,summary,,,,,,,,,,,,,,,,,,,finalCpuTurfUnionWorldUnitsSquared,170.6875
60,,,,,summary,,,,,,,,,,,,,,,,,,,finalCpuTurfCellsFromPaintCounts,2731
60,,,,,summary,,,,,,,,,,,,,,,,,,,finalCpuTurfGridVersion,174
60,,,,,summary,,,,,,,,,,,,,,,,,,,renderCadenceSimulationTimeSeconds,8
120,2,1,0.016666667,0.016666667,cosmetic_fx_rain_batch,,,0,5,0,,3.676925926,,,,2,0,,,,,,,,
120,2,1,0.016666667,0.016666667,candidate_ray_emission,0,true,0.196859085,4.2,0.468555467,12,,,,,,,,,,,,,,
120,2,1,0.016666667,0.016666667,ray_ground_hit,0,,0.196859085,0,0.468555467,,,,,,,,,,,,,,,
120,2,1,0.016666667,0.016666667,paint_splat_write,0,,0.196859085,0.1,0.468555467,,0.52763879,0.874627856,0.875,14,,,,,,,,,,
120,4,2,0.033333333,0.033333333,cosmetic_fx_rain_batch,,,0,5,0,,4.308740741,,,,3,0,,,,,,,,
120,6,3,0.05,0.05,cosmetic_fx_rain_batch,,,0,5,0,,4.897,,,,3,0,,,,,,,,
120,6,3,0.05,0.05,candidate_ray_emission,1,true,2.399743553,4.2,-0.4423603,12,,,,,,,,,,,,,,
120,6,3,0.05,0.05,ray_ground_hit,1,,2.399743553,0,-0.4423603,,,,,,,,,,,,,,,
120,6,3,0.05,0.05,paint_splat_write,1,,2.399743553,0.1,-0.4423603,,0.51453686,0.831730939,0.6875,11,,,,,,,,,,
120,8,4,0.066666667,0.066666667,cosmetic_fx_rain_batch,,,0,5,0,,5.443259259,,,,4,0,,,,,,,,
120,10,5,0.083333333,0.083333333,cosmetic_fx_rain_batch,,,0,5,0,,5.949074074,,,,5,0,,,,,,,,
120,12,6,0.1,0.1,cosmetic_fx_rain_batch,,,0,5,0,,6.416,,,,6,0,,,,,,,,
120,12,6,0.1,0.1,candidate_ray_emission,2,true,1.933938933,4.2,4.288816776,12,,,,,,,,,,,,,,
120,12,6,0.1,0.1,ray_ground_hit,2,,1.933938933,0,4.288816776,,,,,,,,,,,,,,,
120,12,6,0.1,0.1,paint_splat_write,2,,1.933938933,0.1,4.288816776,,0.747809104,1.756836593,1.875,30,,,,,,,,,,
120,14,7,0.116666667,0.116666667,cosmetic_fx_rain_batch,,,0,5,0,,6.845592593,,,,6,0,,,,,,,,
120,16,8,0.133333333,0.133333333,cosmetic_fx_rain_batch,,,0,5,0,,7.239407407,,,,8,0,,,,,,,,
120,18,9,0.15,0.15,cosmetic_fx_rain_batch,,,0,5,0,,7.599,,,,8,0,,,,,,,,
120,18,9,0.15,0.15,candidate_ray_emission,3,true,-1.708082484,4.2,5.523819803,12,,,,,,,,,,,,,,
120,18,9,0.15,0.15,ray_ground_hit,3,,-1.708082484,0,5.523819803,,,,,,,,,,,,,,,
120,18,9,0.15,0.15,paint_splat_write,3,,-1.708082484,0.1,5.523819803,,0.477351998,0.715858791,0.875,14,,,,,,,,,,
120,20,10,0.166666667,0.166666667,cosmetic_fx_rain_batch,,,0,5,0,,7.925925926,,,,9,0,,,,,,,,
120,22,11,0.183333333,0.183333333,cosmetic_fx_rain_batch,,,0,5,0,,8.221740741,,,,10,0,,,,,,,,
120,22,11,0.183333333,0.183333333,candidate_ray_emission,4,true,0.933568203,4.2,-6.099013304,12,,,,,,,,,,,,,,
120,22,11,0.183333333,0.183333333,ray_ground_hit,4,,0.933568203,0,-6.099013304,,,,,,,,,,,,,,,
120,22,11,0.183333333,0.183333333,paint_splat_write,4,,0.933568203,0.1,-6.099013304,,0.660423642,1.370235124,1.3125,21,,,,,,,,,,
120,24,12,0.2,0.2,cosmetic_fx_rain_batch,,,0,5,0,,8.488,,,,10,0,,,,,,,,
120,26,13,0.216666667,0.216666667,cosmetic_fx_rain_batch,,,0,5,0,,8.726259259,,,,11,0,,,,,,,,
120,28,14,0.233333333,0.233333333,cosmetic_fx_rain_batch,,,0,5,0,,8.938074074,,,,11,0,,,,,,,,
120,28,14,0.233333333,0.233333333,candidate_ray_emission,5,true,4.329120916,4.2,-0.44575322,12,,,,,,,,,,,,,,
120,28,14,0.233333333,0.233333333,ray_ground_hit,5,,4.329120916,0,-0.44575322,,,,,,,,,,,,,,,
120,28,14,0.233333333,0.233333333,paint_splat_write,5,,4.329120916,0.1,-0.44575322,,0.566341446,1.007642701,1.0625,17,,,,,,,,,,
120,30,15,0.25,0.25,cosmetic_fx_rain_batch,,,0,5,0,,9.125,,,,12,0,,,,,,,,
120,32,16,0.266666667,0.266666667,cosmetic_fx_rain_batch,,,0,5,0,,9.288592593,,,,12,0,,,,,,,,
120,34,17,0.283333333,0.283333333,cosmetic_fx_rain_batch,,,0,5,0,,9.430407407,,,,12,0,,,,,,,,
120,34,17,0.283333333,0.283333333,candidate_ray_emission,6,true,-4.606300515,4.2,-5.557816832,12,,,,,,,,,,,,,,
120,34,17,0.283333333,0.283333333,ray_ground_hit,6,,-4.606300515,0,-5.557816832,,,,,,,,,,,,,,,
120,34,17,0.283333333,0.283333333,paint_splat_write,6,,-4.606300515,0.1,-5.557816832,,0.629093964,1.243314243,1.25,20,,,,,,,,,,
120,36,18,0.3,0.3,cosmetic_fx_rain_batch,,,0,5,0,,9.552,,,,13,0,,,,,,,,
120,38,19,0.316666667,0.316666667,cosmetic_fx_rain_batch,,,0,5,0,,9.654925926,,,,13,0,,,,,,,,
120,38,19,0.316666667,0.316666667,candidate_ray_emission,7,true,1.435365035,4.2,-3.158291658,12,,,,,,,,,,,,,,
120,38,19,0.316666667,0.316666667,ray_ground_hit,7,,1.435365035,0,-3.158291658,,,,,,,,,,,,,,,
120,38,19,0.316666667,0.316666667,paint_splat_write,7,,1.435365035,0.1,-3.158291658,,0.791667594,1.968954174,1.8125,29,,,,,,,,,,
120,40,20,0.333333333,0.333333333,cosmetic_fx_rain_batch,,,0,5,0,,9.740740741,,,,14,0,,,,,,,,
120,42,21,0.35,0.35,cosmetic_fx_rain_batch,,,0,5,0,,9.811,,,,13,0,,,,,,,,
120,44,22,0.366666667,0.366666667,cosmetic_fx_rain_batch,,,0,5,0,,9.867259259,,,,13,0,,,,,,,,
120,44,22,0.366666667,0.366666667,candidate_ray_emission,8,true,5.447445022,4.2,-3.660181721,12,,,,,,,,,,,,,,
120,44,22,0.366666667,0.366666667,ray_ground_hit,8,,5.447445022,0,-3.660181721,,,,,,,,,,,,,,,
120,44,22,0.366666667,0.366666667,paint_splat_write,8,,5.447445022,0.1,-3.660181721,,0.567874698,1.013106053,1.0625,17,,,,,,,,,,
120,46,23,0.383333333,0.383333333,cosmetic_fx_rain_batch,,,0,5,0,,9.911074074,,,,14,0,,,,,,,,
120,48,24,0.4,0.4,cosmetic_fx_rain_batch,,,0,5,0,,9.944,,,,14,0,,,,,,,,
120,50,25,0.416666667,0.416666667,cosmetic_fx_rain_batch,,,0,5,0,,9.967592593,,,,14,0,,,,,,,,
120,50,25,0.416666667,0.416666667,candidate_ray_emission,9,true,-2.969909519,4.2,-0.664211261,12,,,,,,,,,,,,,,
120,50,25,0.416666667,0.416666667,ray_ground_hit,9,,-2.969909519,0,-0.664211261,,,,,,,,,,,,,,,
120,50,25,0.416666667,0.416666667,paint_splat_write,9,,-2.969909519,0.1,-0.664211261,,0.735115619,1.69770088,1.5625,25,,,,,,,,,,
120,52,26,0.433333333,0.433333333,cosmetic_fx_rain_batch,,,0,5,0,,9.983407407,,,,15,0,,,,,,,,
120,54,27,0.45,0.45,cosmetic_fx_rain_batch,,,0,5,0,,9.993,,,,14,0,,,,,,,,
120,54,27,0.45,0.45,candidate_ray_emission,10,true,-6.39704425,4.2,-3.824069661,12,,,,,,,,,,,,,,
120,54,27,0.45,0.45,ray_ground_hit,10,,-6.39704425,0,-3.824069661,,,,,,,,,,,,,,,
120,54,27,0.45,0.45,paint_splat_write,10,,-6.39704425,0.1,-3.824069661,,0.641460821,1.292677366,1.1875,19,,,,,,,,,,
120,56,28,0.466666667,0.466666667,cosmetic_fx_rain_batch,,,0,5,0,,9.997925926,,,,14,0,,,,,,,,
120,58,29,0.483333333,0.483333333,cosmetic_fx_rain_batch,,,0,5,0,,9.999740741,,,,14,0,,,,,,,,
120,60,30,0.5,0.5,cosmetic_fx_rain_batch,,,0,5,0,,10,,,,15,0,,,,,,,,
120,60,30,0.5,0.5,candidate_ray_emission,11,true,-5.54183311,4.2,4.103392302,12,,,,,,,,,,,,,,
120,60,30,0.5,0.5,ray_ground_hit,11,,-5.54183311,0,4.103392302,,,,,,,,,,,,,,,
120,60,30,0.5,0.5,paint_splat_write,11,,-5.54183311,0.1,4.103392302,,0.488826273,0.750687099,0.625,10,,,,,,,,,,
120,62,31,0.516666667,0.516666667,cosmetic_fx_rain_batch,,,0,5,0,,10,,,,14,0,,,,,,,,
120,64,32,0.533333333,0.533333333,cosmetic_fx_rain_batch,,,0,5,0,,10,,,,14,0,,,,,,,,
120,66,33,0.55,0.55,cosmetic_fx_rain_batch,,,0,5,0,,10,,,,14,0,,,,,,,,
120,66,33,0.55,0.55,candidate_ray_emission,12,true,3.023477544,4.2,-6.808849255,12,,,,,,,,,,,,,,
120,66,33,0.55,0.55,ray_ground_hit,12,,3.023477544,0,-6.808849255,,,,,,,,,,,,,,,
120,66,33,0.55,0.55,paint_splat_write,12,,3.023477544,0.1,-6.808849255,,0.580995252,1.060461824,1,16,,,,,,,,,,
120,68,34,0.566666667,0.566666667,cosmetic_fx_rain_batch,,,0,5,0,,10,,,,14,0,,,,,,,,
120,70,35,0.583333333,0.583333333,cosmetic_fx_rain_batch,,,0,5,0,,10,,,,14,0,,,,,,,,
120,72,36,0.6,0.6,cosmetic_fx_rain_batch,,,0,5,0,,10,,,,14,0,,,,,,,,
120,72,36,0.6,0.6,candidate_ray_emission,13,true,8.653366153,4.2,2.253592179,12,,,,,,,,,,,,,,
120,72,36,0.6,0.6,ray_ground_hit,13,,8.653366153,0,2.253592179,,,,,,,,,,,,,,,
120,72,36,0.6,0.6,paint_splat_write,13,,8.653366153,0.1,2.253592179,,0.518051305,0.843131697,0.8125,13,,,,,,,,,,
120,74,37,0.616666667,0.616666667,cosmetic_fx_rain_batch,,,0,5,0,,10,,,,14,0,,,,,,,,
120,76,38,0.633333333,0.633333333,cosmetic_fx_rain_batch,,,0,5,0,,10,,,,14,0,,,,,,,,
120,76,38,0.633333333,0.633333333,candidate_ray_emission,14,true,-7.350102827,4.2,2.727954271,12,,,,,,,,,,,,,,
120,76,38,0.633333333,0.633333333,ray_ground_hit,14,,-7.350102827,0,2.727954271,,,,,,,,,,,,,,,
120,76,38,0.633333333,0.633333333,paint_splat_write,14,,-7.350102827,0.1,2.727954271,,0.607396466,1.159029245,1.125,18,,,,,,,,,,
120,78,39,0.65,0.65,cosmetic_fx_rain_batch,,,0,5,0,,10,,,,14,0,,,,,,,,
120,80,40,0.666666667,0.666666667,cosmetic_fx_rain_batch,,,0,5,0,,10,,,,14,0,,,,,,,,
120,82,41,0.683333333,0.683333333,cosmetic_fx_rain_batch,,,0,5,0,,10,,,,14,0,,,,,,,,
120,82,41,0.683333333,0.683333333,candidate_ray_emission,15,true,3.723665087,4.2,7.418525628,12,,,,,,,,,,,,,,
120,82,41,0.683333333,0.683333333,ray_ground_hit,15,,3.723665087,0,7.418525628,,,,,,,,,,,,,,,
120,82,41,0.683333333,0.683333333,paint_splat_write,15,,3.723665087,0.1,7.418525628,,0.746695489,1.751608033,1.625,26,,,,,,,,,,
120,84,42,0.7,0.7,cosmetic_fx_rain_batch,,,0,5,0,,10,,,,14,0,,,,,,,,
120,86,43,0.716666667,0.716666667,cosmetic_fx_rain_batch,,,0,5,0,,10,,,,14,0,,,,,,,,
120,88,44,0.733333333,0.733333333,cosmetic_fx_rain_batch,,,0,5,0,,10,,,,14,0,,,,,,,,
120,88,44,0.733333333,0.733333333,candidate_ray_emission,16,true,-2.39190079,4.2,-3.781634357,12,,,,,,,,,,,,,,
120,88,44,0.733333333,0.733333333,ray_ground_hit,16,,-2.39190079,0,-3.781634357,,,,,,,,,,,,,,,
120,88,44,0.733333333,0.733333333,paint_splat_write,16,,-2.39190079,0.1,-3.781634357,,0.751374509,1.773629022,1.75,28,,,,,,,,,,
120,90,45,0.75,0.75,cosmetic_fx_rain_batch,,,0,5,0,,10,,,,14,0,,,,,,,,
120,92,46,0.766666667,0.766666667,cosmetic_fx_rain_batch,,,0,5,0,,10,,,,15,0,,,,,,,,
120,92,46,0.766666667,0.766666667,candidate_ray_emission,17,true,7.703741191,4.2,-2.071856961,12,,,,,,,,,,,,,,
120,92,46,0.766666667,0.766666667,ray_ground_hit,17,,7.703741191,0,-2.071856961,,,,,,,,,,,,,,,
120,92,46,0.766666667,0.766666667,paint_splat_write,17,,7.703741191,0.1,-2.071856961,,0.631838084,1.254184621,1.1875,19,,,,,,,,,,
120,94,47,0.783333333,0.783333333,cosmetic_fx_rain_batch,,,0,5,0,,10,,,,14,0,,,,,,,,
120,96,48,0.8,0.8,cosmetic_fx_rain_batch,,,0,5,0,,10,,,,14,0,,,,,,,,
120,98,49,0.816666667,0.816666667,cosmetic_fx_rain_batch,,,0,5,0,,10,,,,14,0,,,,,,,,
120,98,49,0.816666667,0.816666667,candidate_ray_emission,18,true,-6.573177007,4.2,-0.718120706,12,,,,,,,,,,,,,,
120,98,49,0.816666667,0.816666667,ray_ground_hit,18,,-6.573177007,0,-0.718120706,,,,,,,,,,,,,,,
120,98,49,0.816666667,0.816666667,paint_splat_write,18,,-6.573177007,0.1,-0.718120706,,0.697665718,1.529130809,1.5625,25,,,,,,,,,,
120,100,50,0.833333333,0.833333333,cosmetic_fx_rain_batch,,,0,5,0,,10,,,,14,0,,,,,,,,
120,102,51,0.85,0.85,cosmetic_fx_rain_batch,,,0,5,0,,10,,,,14,0,,,,,,,,
120,104,52,0.866666667,0.866666667,cosmetic_fx_rain_batch,,,0,5,0,,10,,,,14,0,,,,,,,,
120,104,52,0.866666667,0.866666667,candidate_ray_emission,19,true,-6.076961072,4.2,5.152142653,12,,,,,,,,,,,,,,
120,104,52,0.866666667,0.866666667,ray_ground_hit,19,,-6.076961072,0,5.152142653,,,,,,,,,,,,,,,
120,104,52,0.866666667,0.866666667,paint_splat_write,19,,-6.076961072,0.1,5.152142653,,0.513563496,0.828587097,0.8125,13,,,,,,,,,,
120,106,53,0.883333333,0.883333333,cosmetic_fx_rain_batch,,,0,5,0,,10,,,,14,0,,,,,,,,
120,108,54,0.9,0.9,cosmetic_fx_rain_batch,,,0,5,0,,10,,,,14,0,,,,,,,,
120,108,54,0.9,0.9,candidate_ray_emission,20,true,-0.434881083,4.2,6.298040723,12,,,,,,,,,,,,,,
120,108,54,0.9,0.9,ray_ground_hit,20,,-0.434881083,0,6.298040723,,,,,,,,,,,,,,,
120,108,54,0.9,0.9,paint_splat_write,20,,-0.434881083,0.1,6.298040723,,0.713227105,1.598105886,1.5,24,,,,,,,,,,
120,110,55,0.916666667,0.916666667,cosmetic_fx_rain_batch,,,0,5,0,,10,,,,14,0,,,,,,,,
120,112,56,0.933333333,0.933333333,cosmetic_fx_rain_batch,,,0,5,0,,10,,,,14,0,,,,,,,,
120,114,57,0.95,0.95,cosmetic_fx_rain_batch,,,0,5,0,,10,,,,14,0,,,,,,,,
120,114,57,0.95,0.95,candidate_ray_emission,21,true,0.643569391,4.2,1.205698584,12,,,,,,,,,,,,,,
120,114,57,0.95,0.95,ray_ground_hit,21,,0.643569391,0,1.205698584,,,,,,,,,,,,,,,
120,114,57,0.95,0.95,paint_splat_write,21,,0.643569391,0.1,1.205698584,,0.74209362,1.730084311,1.25,20,,,,,,,,,,
120,116,58,0.966666667,0.966666667,cosmetic_fx_rain_batch,,,0,5,0,,10,,,,14,0,,,,,,,,
120,118,59,0.983333333,0.983333333,cosmetic_fx_rain_batch,,,0,5,0,,10,,,,14,0,,,,,,,,
120,120,60,1,1,cosmetic_fx_rain_batch,,,0,5,0,,10,,,,15,0,,,,,,,,
120,120,60,1,1,candidate_ray_emission,22,true,-8.937581373,4.2,-0.360692599,12,,,,,,,,,,,,,,
120,120,60,1,1,ray_ground_hit,22,,-8.937581373,0,-0.360692599,,,,,,,,,,,,,,,
120,120,60,1,1,paint_splat_write,22,,-8.937581373,0.1,-0.360692599,,0.554189341,0.964864237,1.125,18,,,,,,,,,,
120,122,61,1.016666667,1.016666667,cosmetic_fx_rain_batch,,,0,5,0,,10,,,,14,0,,,,,,,,
120,124,62,1.033333333,1.033333333,cosmetic_fx_rain_batch,,,0,5,0,,10,,,,14,0,,,,,,,,
120,126,63,1.05,1.05,cosmetic_fx_rain_batch,,,0,5,0,,10,,,,14,0,,,,,,,,
120,126,63,1.05,1.05,candidate_ray_emission,23,true,-7.580370119,4.2,-5.620806052,12,,,,,,,,,,,,,,
120,126,63,1.05,1.05,ray_ground_hit,23,,-7.580370119,0,-5.620806052,,,,,,,,,,,,,,,
120,126,63,1.05,1.05,paint_splat_write,23,,-7.580370119,0.1,-5.620806052,,0.511922958,0.823301841,0.8125,13,,,,,,,,,,
120,128,64,1.066666667,1.066666667,cosmetic_fx_rain_batch,,,0,5,0,,10,,,,14,0,,,,,,,,
120,130,65,1.083333333,1.083333333,cosmetic_fx_rain_batch,,,0,5,0,,10,,,,14,0,,,,,,,,
120,130,65,1.083333333,1.083333333,candidate_ray_emission,24,true,3.124773031,4.2,2.286805803,12,,,,,,,,,,,,,,
120,130,65,1.083333333,1.083333333,ray_ground_hit,24,,3.124773031,0,2.286805803,,,,,,,,,,,,,,,
120,130,65,1.083333333,1.083333333,paint_splat_write,24,,3.124773031,0.1,2.286805803,,0.778606711,1.904522723,1.8125,29,,,,,,,,,,
120,132,66,1.1,1.1,cosmetic_fx_rain_batch,,,0,5,0,,10,,,,14,0,,,,,,,,
120,134,67,1.116666667,1.116666667,cosmetic_fx_rain_batch,,,0,5,0,,10,,,,14,0,,,,,,,,
120,136,68,1.133333333,1.133333333,cosmetic_fx_rain_batch,,,0,5,0,,10,,,,14,0,,,,,,,,
120,136,68,1.133333333,1.133333333,candidate_ray_emission,25,true,3.194147914,4.2,-4.550689233,12,,,,,,,,,,,,,,
120,136,68,1.133333333,1.133333333,ray_ground_hit,25,,3.194147914,0,-4.550689233,,,,,,,,,,,,,,,
120,136,68,1.133333333,1.133333333,paint_splat_write,25,,3.194147914,0.1,-4.550689233,,0.519509605,0.847885161,0.875,14,,,,,,,,,,
120,138,69,1.15,1.15,cosmetic_fx_rain_batch,,,0,5,0,,10,,,,14,0,,,,,,,,
120,140,70,1.166666667,1.166666667,cosmetic_fx_rain_batch,,,0,5,0,,10,,,,14,0,,,,,,,,
120,142,71,1.183333333,1.183333333,cosmetic_fx_rain_batch,,,0,5,0,,10,,,,15,0,,,,,,,,
120,142,71,1.183333333,1.183333333,candidate_ray_emission,26,true,2.966106797,4.2,-9.107017581,12,,,,,,,,,,,,,,
120,142,71,1.183333333,1.183333333,ray_ground_hit,26,,2.966106797,0,-9.107017581,,,,,,,,,,,,,,,
120,142,71,1.183333333,1.183333333,paint_splat_write,26,,2.966106797,0.1,-9.107017581,,0.479691319,0.722892287,0.6875,11,,,,,,,,,,
120,144,72,1.2,1.2,cosmetic_fx_rain_batch,,,0,5,0,,10,,,,14,0,,,,,,,,
120,146,73,1.216666667,1.216666667,cosmetic_fx_rain_batch,,,0,5,0,,10,,,,14,0,,,,,,,,
120,146,73,1.216666667,1.216666667,candidate_ray_emission,27,true,-5.794089097,4.2,6.606148043,12,,,,,,,,,,,,,,
120,146,73,1.216666667,1.216666667,ray_ground_hit,27,,-5.794089097,0,6.606148043,,,,,,,,,,,,,,,
120,146,73,1.216666667,1.216666667,paint_splat_write,27,,-5.794089097,0.1,6.606148043,,0.565971073,1.006325188,1,16,,,,,,,,,,
120,148,74,1.233333333,1.233333333,cosmetic_fx_rain_batch,,,0,5,0,,10,,,,14,0,,,,,,,,
120,150,75,1.25,1.25,cosmetic_fx_rain_batch,,,0,5,0,,10,,,,14,0,,,,,,,,
120,152,76,1.266666667,1.266666667,cosmetic_fx_rain_batch,,,0,5,0,,10,,,,14,0,,,,,,,,
120,152,76,1.266666667,1.266666667,candidate_ray_emission,28,true,7.690057779,4.2,3.741951445,12,,,,,,,,,,,,,,
120,152,76,1.266666667,1.266666667,ray_ground_hit,28,,7.690057779,0,3.741951445,,,,,,,,,,,,,,,
120,152,76,1.266666667,1.266666667,paint_splat_write,28,,7.690057779,0.1,3.741951445,,0.513721744,0.829097813,0.8125,13,,,,,,,,,,
120,154,77,1.283333333,1.283333333,cosmetic_fx_rain_batch,,,0,5,0,,10,,,,14,0,,,,,,,,
120,156,78,1.3,1.3,cosmetic_fx_rain_batch,,,0,5,0,,10,,,,14,0,,,,,,,,
120,158,79,1.316666667,1.316666667,cosmetic_fx_rain_batch,,,0,5,0,,10,,,,14,0,,,,,,,,
120,158,79,1.316666667,1.316666667,candidate_ray_emission,29,true,-7.564039885,4.2,-4.284862754,12,,,,,,,,,,,,,,
120,158,79,1.316666667,1.316666667,ray_ground_hit,29,,-7.564039885,0,-4.284862754,,,,,,,,,,,,,,,
120,158,79,1.316666667,1.316666667,paint_splat_write,29,,-7.564039885,0.1,-4.284862754,,0.734736461,1.695950048,1.5625,25,,,,,,,,,,
120,160,80,1.333333333,1.333333333,cosmetic_fx_rain_batch,,,0,5,0,,10,,,,14,0,,,,,,,,
120,162,81,1.35,1.35,cosmetic_fx_rain_batch,,,0,5,0,,10,,,,14,0,,,,,,,,
120,162,81,1.35,1.35,candidate_ray_emission,30,true,-0.089550803,4.2,-5.070122334,12,,,,,,,,,,,,,,
120,162,81,1.35,1.35,ray_ground_hit,30,,-0.089550803,0,-5.070122334,,,,,,,,,,,,,,,
120,162,81,1.35,1.35,paint_splat_write,30,,-0.089550803,0.1,-5.070122334,,0.638468836,1.280646542,1.3125,21,,,,,,,,,,
120,164,82,1.366666667,1.366666667,cosmetic_fx_rain_batch,,,0,5,0,,10,,,,14,0,,,,,,,,
120,166,83,1.383333333,1.383333333,cosmetic_fx_rain_batch,,,0,5,0,,10,,,,14,0,,,,,,,,
120,168,84,1.4,1.4,cosmetic_fx_rain_batch,,,0,5,0,,10,,,,14,0,,,,,,,,
120,168,84,1.4,1.4,candidate_ray_emission,31,true,4.990964715,4.2,-8.160016461,12,,,,,,,,,,,,,,
120,168,84,1.4,1.4,ray_ground_hit,31,,4.990964715,0,-8.160016461,,,,,,,,,,,,,,,
120,168,84,1.4,1.4,paint_splat_write,31,,4.990964715,0.1,-8.160016461,,0.522795469,0.858644718,0.875,14,,,,,,,,,,
120,170,85,1.416666667,1.416666667,cosmetic_fx_rain_batch,,,0,5,0,,10,,,,15,0,,,,,,,,
120,172,86,1.433333333,1.433333333,cosmetic_fx_rain_batch,,,0,5,0,,10,,,,15,0,,,,,,,,
120,174,87,1.45,1.45,cosmetic_fx_rain_batch,,,0,5,0,,10,,,,14,0,,,,,,,,
120,174,87,1.45,1.45,candidate_ray_emission,32,true,-1.681463894,4.2,-4.890028904,12,,,,,,,,,,,,,,
120,174,87,1.45,1.45,ray_ground_hit,32,,-1.681463894,0,-4.890028904,,,,,,,,,,,,,,,
120,174,87,1.45,1.45,paint_splat_write,32,,-1.681463894,0.1,-4.890028904,,0.663311046,1.382242787,1.3125,21,,,,,,,,,,
120,176,88,1.466666667,1.466666667,cosmetic_fx_rain_batch,,,0,5,0,,10,,,,15,0,,,,,,,,
120,178,89,1.483333333,1.483333333,cosmetic_fx_rain_batch,,,0,5,0,,10,,,,14,0,,,,,,,,
120,180,90,1.5,1.5,cosmetic_fx_rain_batch,,,0,5,0,,10,,,,14,0,,,,,,,,
120,180,90,1.5,1.5,candidate_ray_emission,33,true,2.401029206,4.2,-8.662971672,12,,,,,,,,,,,,,,
120,180,90,1.5,1.5,ray_ground_hit,33,,2.401029206,0,-8.662971672,,,,,,,,,,,,,,,
120,180,90,1.5,1.5,paint_splat_write,33,,2.401029206,0.1,-8.662971672,,0.590542671,1.095601053,1,16,,,,,,,,,,
120,182,91,1.516666667,1.516666667,cosmetic_fx_rain_batch,,,0,5,0,,10,,,,15,0,,,,,,,,
120,184,92,1.533333333,1.533333333,cosmetic_fx_rain_batch,,,0,5,0,,10,,,,14,0,,,,,,,,
120,184,92,1.533333333,1.533333333,candidate_ray_emission,34,true,4.358459916,4.2,6.145325209,12,,,,,,,,,,,,,,
120,184,92,1.533333333,1.533333333,ray_ground_hit,34,,4.358459916,0,6.145325209,,,,,,,,,,,,,,,
120,184,92,1.533333333,1.533333333,paint_splat_write,34,,4.358459916,0.1,6.145325209,,0.775441582,1.889069969,1.8125,29,,,,,,,,,,
120,186,93,1.55,1.55,cosmetic_fx_rain_batch,,,0,5,0,,10,,,,14,0,,,,,,,,
120,188,94,1.566666667,1.566666667,cosmetic_fx_rain_batch,,,0,5,0,,10,,,,15,0,,,,,,,,
120,190,95,1.583333333,1.583333333,cosmetic_fx_rain_batch,,,0,5,0,,10,,,,14,0,,,,,,,,
120,190,95,1.583333333,1.583333333,candidate_ray_emission,35,true,7.80526619,4.2,-3.176841835,12,,,,,,,,,,,,,,
120,190,95,1.583333333,1.583333333,ray_ground_hit,35,,7.80526619,0,-3.176841835,,,,,,,,,,,,,,,
120,190,95,1.583333333,1.583333333,paint_splat_write,35,,7.80526619,0.1,-3.176841835,,0.778666147,1.904813501,1.625,26,,,,,,,,,,
120,192,96,1.6,1.6,cosmetic_fx_rain_batch,,,0,5,0,,10,,,,14,0,,,,,,,,
120,194,97,1.616666667,1.616666667,cosmetic_fx_rain_batch,,,0,5,0,,10,,,,14,0,,,,,,,,
120,196,98,1.633333333,1.633333333,cosmetic_fx_rain_batch,,,0,5,0,,10,,,,14,0,,,,,,,,
120,196,98,1.633333333,1.633333333,candidate_ray_emission,36,true,-6.343260307,4.2,-2.367050099,12,,,,,,,,,,,,,,
120,196,98,1.633333333,1.633333333,ray_ground_hit,36,,-6.343260307,0,-2.367050099,,,,,,,,,,,,,,,
120,196,98,1.633333333,1.633333333,paint_splat_write,36,,-6.343260307,0.1,-2.367050099,,0.662687865,1.37964677,1.3125,21,,,,,,,,,,
120,198,99,1.65,1.65,cosmetic_fx_rain_batch,,,0,5,0,,10,,,,14,0,,,,,,,,
120,200,100,1.666666667,1.666666667,cosmetic_fx_rain_batch,,,0,5,0,,10,,,,14,0,,,,,,,,
120,200,100,1.666666667,1.666666667,candidate_ray_emission,37,true,-0.269800016,4.2,-9.456644168,12,,,,,,,,,,,,,,
120,200,100,1.666666667,1.666666667,ray_ground_hit,37,,-0.269800016,0,-9.456644168,,,,,,,,,,,,,,,
120,200,100,1.666666667,1.666666667,paint_splat_write,37,,-0.269800016,0.1,-9.456644168,,0.665406369,1.39098927,1.25,20,,,,,,,,,,
120,202,101,1.683333333,1.683333333,cosmetic_fx_rain_batch,,,0,5,0,,10,,,,14,0,,,,,,,,
120,204,102,1.7,1.7,cosmetic_fx_rain_batch,,,0,5,0,,10,,,,14,0,,,,,,,,
120,206,103,1.716666667,1.716666667,cosmetic_fx_rain_batch,,,0,5,0,,10,,,,14,0,,,,,,,,
120,206,103,1.716666667,1.716666667,candidate_ray_emission,38,true,-5.941974305,4.2,5.784429978,12,,,,,,,,,,,,,,
120,206,103,1.716666667,1.716666667,ray_ground_hit,38,,-5.941974305,0,5.784429978,,,,,,,,,,,,,,,
120,206,103,1.716666667,1.716666667,paint_splat_write,38,,-5.941974305,0.1,5.784429978,,0.772766671,1.876059631,1,16,,,,,,,,,,
120,208,104,1.733333333,1.733333333,cosmetic_fx_rain_batch,,,0,5,0,,10,,,,14,0,,,,,,,,
120,210,105,1.75,1.75,cosmetic_fx_rain_batch,,,0,5,0,,10,,,,14,0,,,,,,,,
120,212,106,1.766666667,1.766666667,cosmetic_fx_rain_batch,,,0,5,0,,10,,,,14,0,,,,,,,,
120,212,106,1.766666667,1.766666667,candidate_ray_emission,39,true,-3.426436301,4.2,-3.386865238,12,,,,,,,,,,,,,,
120,212,106,1.766666667,1.766666667,ray_ground_hit,39,,-3.426436301,0,-3.386865238,,,,,,,,,,,,,,,
120,212,106,1.766666667,1.766666667,paint_splat_write,39,,-3.426436301,0.1,-3.386865238,,0.54868011,0.945776039,0.9375,15,,,,,,,,,,
120,214,107,1.783333333,1.783333333,cosmetic_fx_rain_batch,,,0,5,0,,10,,,,15,0,,,,,,,,
120,216,108,1.8,1.8,cosmetic_fx_rain_batch,,,0,5,0,,10,,,,14,0,,,,,,,,
120,216,108,1.8,1.8,candidate_ray_emission,40,true,-0.133683796,4.2,-2.713678873,12,,,,,,,,,,,,,,
120,216,108,1.8,1.8,ray_ground_hit,40,,-0.133683796,0,-2.713678873,,,,,,,,,,,,,,,
120,216,108,1.8,1.8,paint_splat_write,40,,-0.133683796,0.1,-2.713678873,,0.782772118,1.924954942,2,32,,,,,,,,,,
120,218,109,1.816666667,1.816666667,cosmetic_fx_rain_batch,,,0,5,0,,10,,,,14,0,,,,,,,,
120,220,110,1.833333333,1.833333333,cosmetic_fx_rain_batch,,,0,5,0,,10,,,,14,0,,,,,,,,
120,222,111,1.85,1.85,cosmetic_fx_rain_batch,,,0,5,0,,10,,,,15,0,,,,,,,,
120,222,111,1.85,1.85,candidate_ray_emission,41,true,-9.454302905,4.2,-1.730476033,12,,,,,,,,,,,,,,
120,222,111,1.85,1.85,ray_ground_hit,41,,-9.454302905,0,-1.730476033,,,,,,,,,,,,,,,
120,222,111,1.85,1.85,paint_splat_write,41,,-9.454302905,0.1,-1.730476033,,0.632666593,1.257475922,1.25,20,,,,,,,,,,
120,224,112,1.866666667,1.866666667,cosmetic_fx_rain_batch,,,0,5,0,,10,,,,15,0,,,,,,,,
120,226,113,1.883333333,1.883333333,cosmetic_fx_rain_batch,,,0,5,0,,10,,,,14,0,,,,,,,,
120,228,114,1.9,1.9,cosmetic_fx_rain_batch,,,0,5,0,,10,,,,14,0,,,,,,,,
120,228,114,1.9,1.9,candidate_ray_emission,42,true,-0.723685324,4.2,6.44401567,12,,,,,,,,,,,,,,
120,228,114,1.9,1.9,ray_ground_hit,42,,-0.723685324,0,6.44401567,,,,,,,,,,,,,,,
120,228,114,1.9,1.9,paint_splat_write,42,,-0.723685324,0.1,6.44401567,,0.766792445,1.847164288,0.875,14,,,,,,,,,,
120,230,115,1.916666667,1.916666667,cosmetic_fx_rain_batch,,,0,5,0,,10,,,,14,0,,,,,,,,
120,232,116,1.933333333,1.933333333,cosmetic_fx_rain_batch,,,0,5,0,,10,,,,14,0,,,,,,,,
120,234,117,1.95,1.95,cosmetic_fx_rain_batch,,,0,5,0,,10,,,,14,0,,,,,,,,
120,234,117,1.95,1.95,candidate_ray_emission,43,true,5.515057757,4.2,-3.362268252,12,,,,,,,,,,,,,,
120,234,117,1.95,1.95,ray_ground_hit,43,,5.515057757,0,-3.362268252,,,,,,,,,,,,,,,
120,234,117,1.95,1.95,paint_splat_write,43,,5.515057757,0.1,-3.362268252,,0.474266392,0.70663407,0.1875,3,,,,,,,,,,
120,236,118,1.966666667,1.966666667,cosmetic_fx_rain_batch,,,0,5,0,,10,,,,15,0,,,,,,,,
120,238,119,1.983333333,1.983333333,cosmetic_fx_rain_batch,,,0,5,0,,10,,,,14,0,,,,,,,,
120,238,119,1.983333333,1.983333333,candidate_ray_emission,44,true,0.820311008,4.2,-9.43993751,12,,,,,,,,,,,,,,
120,238,119,1.983333333,1.983333333,ray_ground_hit,44,,0.820311008,0,-9.43993751,,,,,,,,,,,,,,,
120,238,119,1.983333333,1.983333333,paint_splat_write,44,,0.820311008,0.1,-9.43993751,,0.517624238,0.84174216,0.75,12,,,,,,,,,,
120,240,120,2,2,cosmetic_fx_rain_batch,,,0,5,0,,10,,,,14,0,,,,,,,,
120,242,121,2.016666667,2.016666667,cosmetic_fx_rain_batch,,,0,5,0,,10,,,,15,0,,,,,,,,
120,244,122,2.033333333,2.033333333,cosmetic_fx_rain_batch,,,0,5,0,,10,,,,14,0,,,,,,,,
120,244,122,2.033333333,2.033333333,candidate_ray_emission,45,true,1.22598458,4.2,-6.630586586,12,,,,,,,,,,,,,,
120,244,122,2.033333333,2.033333333,ray_ground_hit,45,,1.22598458,0,-6.630586586,,,,,,,,,,,,,,,
120,244,122,2.033333333,2.033333333,paint_splat_write,45,,1.22598458,0.1,-6.630586586,,0.480866098,0.726437395,0.3125,5,,,,,,,,,,
120,246,123,2.05,2.05,cosmetic_fx_rain_batch,,,0,5,0,,10,,,,14,0,,,,,,,,
120,248,124,2.066666667,2.066666667,cosmetic_fx_rain_batch,,,0,5,0,,10,,,,14,0,,,,,,,,
120,250,125,2.083333333,2.083333333,cosmetic_fx_rain_batch,,,0,5,0,,10,,,,14,0,,,,,,,,
120,250,125,2.083333333,2.083333333,candidate_ray_emission,46,true,-5.108235762,4.2,7.518470445,12,,,,,,,,,,,,,,
120,250,125,2.083333333,2.083333333,ray_ground_hit,46,,-5.108235762,0,7.518470445,,,,,,,,,,,,,,,
120,250,125,2.083333333,2.083333333,paint_splat_write,46,,-5.108235762,0.1,7.518470445,,0.677564038,1.442283277,1.375,22,,,,,,,,,,
120,252,126,2.1,2.1,cosmetic_fx_rain_batch,,,0,5,0,,10,,,,14,0,,,,,,,,
120,254,127,2.116666667,2.116666667,cosmetic_fx_rain_batch,,,0,5,0,,10,,,,14,0,,,,,,,,
120,254,127,2.116666667,2.116666667,candidate_ray_emission,47,true,-5.317314604,4.2,-0.803544141,12,,,,,,,,,,,,,,
120,254,127,2.116666667,2.116666667,ray_ground_hit,47,,-5.317314604,0,-0.803544141,,,,,,,,,,,,,,,
120,254,127,2.116666667,2.116666667,paint_splat_write,47,,-5.317314604,0.1,-0.803544141,,0.603774315,1.14524694,1.125,18,,,,,,,,,,
120,256,128,2.133333333,2.133333333,cosmetic_fx_rain_batch,,,0,5,0,,10,,,,14,0,,,,,,,,
120,258,129,2.15,2.15,cosmetic_fx_rain_batch,,,0,5,0,,10,,,,14,0,,,,,,,,
120,260,130,2.166666667,2.166666667,cosmetic_fx_rain_batch,,,0,5,0,,10,,,,15,0,,,,,,,,
120,260,130,2.166666667,2.166666667,candidate_ray_emission,48,true,-5.416675361,4.2,-7.399091043,12,,,,,,,,,,,,,,
120,260,130,2.166666667,2.166666667,ray_ground_hit,48,,-5.416675361,0,-7.399091043,,,,,,,,,,,,,,,
120,260,130,2.166666667,2.166666667,paint_splat_write,48,,-5.416675361,0.1,-7.399091043,,0.705399435,1.563219946,1.5625,25,,,,,,,,,,
120,262,131,2.183333333,2.183333333,cosmetic_fx_rain_batch,,,0,5,0,,10,,,,14,0,,,,,,,,
120,264,132,2.2,2.2,cosmetic_fx_rain_batch,,,0,5,0,,10,,,,14,0,,,,,,,,
120,266,133,2.216666667,2.216666667,cosmetic_fx_rain_batch,,,0,5,0,,10,,,,14,0,,,,,,,,
120,266,133,2.216666667,2.216666667,candidate_ray_emission,49,true,0.476915238,4.2,-4.510864675,12,,,,,,,,,,,,,,
120,266,133,2.216666667,2.216666667,ray_ground_hit,49,,0.476915238,0,-4.510864675,,,,,,,,,,,,,,,
120,266,133,2.216666667,2.216666667,paint_splat_write,49,,0.476915238,0.1,-4.510864675,,0.551857978,0.956763334,0.625,10,,,,,,,,,,
120,268,134,2.233333333,2.233333333,cosmetic_fx_rain_batch,,,0,5,0,,10,,,,14,0,,,,,,,,
120,270,135,2.25,2.25,cosmetic_fx_rain_batch,,,0,5,0,,10,,,,14,0,,,,,,,,
120,270,135,2.25,2.25,candidate_ray_emission,50,true,4.07260476,4.2,8.17216498,12,,,,,,,,,,,,,,
120,270,135,2.25,2.25,ray_ground_hit,50,,4.07260476,0,8.17216498,,,,,,,,,,,,,,,
120,270,135,2.25,2.25,paint_splat_write,50,,4.07260476,0.1,8.17216498,,0.693519996,1.511011773,1.0625,17,,,,,,,,,,
120,272,136,2.266666667,2.266666667,cosmetic_fx_rain_batch,,,0,5,0,,10,,,,14,0,,,,,,,,
120,274,137,2.283333333,2.283333333,cosmetic_fx_rain_batch,,,0,5,0,,10,,,,14,0,,,,,,,,
120,276,138,2.3,2.3,cosmetic_fx_rain_batch,,,0,5,0,,10,,,,14,0,,,,,,,,
120,276,138,2.3,2.3,candidate_ray_emission,51,true,-4.89866368,4.2,-8.332352114,12,,,,,,,,,,,,,,
120,276,138,2.3,2.3,ray_ground_hit,51,,-4.89866368,0,-8.332352114,,,,,,,,,,,,,,,
120,276,138,2.3,2.3,paint_splat_write,51,,-4.89866368,0.1,-8.332352114,,0.798485883,2.00301572,1.5,24,,,,,,,,,,
120,278,139,2.316666667,2.316666667,cosmetic_fx_rain_batch,,,0,5,0,,10,,,,15,0,,,,,,,,
120,280,140,2.333333333,2.333333333,cosmetic_fx_rain_batch,,,0,5,0,,10,,,,15,0,,,,,,,,
120,282,141,2.35,2.35,cosmetic_fx_rain_batch,,,0,5,0,,10,,,,14,0,,,,,,,,
120,282,141,2.35,2.35,candidate_ray_emission,52,true,-2.867935393,4.2,5.673960267,12,,,,,,,,,,,,,,
120,282,141,2.35,2.35,ray_ground_hit,52,,-2.867935393,0,5.673960267,,,,,,,,,,,,,,,
120,282,141,2.35,2.35,paint_splat_write,52,,-2.867935393,0.1,5.673960267,,0.660628412,1.371084964,1.25,20,,,,,,,,,,
120,284,142,2.366666667,2.366666667,cosmetic_fx_rain_batch,,,0,5,0,,10,,,,14,0,,,,,,,,
120,286,143,2.383333333,2.383333333,cosmetic_fx_rain_batch,,,0,5,0,,10,,,,14,0,,,,,,,,
120,288,144,2.4,2.4,cosmetic_fx_rain_batch,,,0,5,0,,10,,,,14,0,,,,,,,,
120,288,144,2.4,2.4,candidate_ray_emission,53,true,-1.784739904,4.2,-4.570097961,12,,,,,,,,,,,,,,
120,288,144,2.4,2.4,ray_ground_hit,53,,-1.784739904,0,-4.570097961,,,,,,,,,,,,,,,
120,288,144,2.4,2.4,paint_splat_write,53,,-1.784739904,0.1,-4.570097961,,0.69069186,1.498713255,0.3125,5,,,,,,,,,,
120,290,145,2.416666667,2.416666667,cosmetic_fx_rain_batch,,,0,5,0,,10,,,,15,0,,,,,,,,
120,292,146,2.433333333,2.433333333,cosmetic_fx_rain_batch,,,0,5,0,,10,,,,14,0,,,,,,,,
120,292,146,2.433333333,2.433333333,candidate_ray_emission,54,true,4.181299971,4.2,7.721387172,12,,,,,,,,,,,,,,
120,292,146,2.433333333,2.433333333,ray_ground_hit,54,,4.181299971,0,7.721387172,,,,,,,,,,,,,,,
120,292,146,2.433333333,2.433333333,paint_splat_write,54,,4.181299971,0.1,7.721387172,,0.798901948,2.005103673,0.375,6,,,,,,,,,,
120,294,147,2.45,2.45,cosmetic_fx_rain_batch,,,0,5,0,,10,,,,15,0,,,,,,,,
120,296,148,2.466666667,2.466666667,cosmetic_fx_rain_batch,,,0,5,0,,10,,,,15,0,,,,,,,,
120,298,149,2.483333333,2.483333333,cosmetic_fx_rain_batch,,,0,5,0,,10,,,,14,0,,,,,,,,
120,298,149,2.483333333,2.483333333,candidate_ray_emission,55,true,5.237103494,4.2,-7.44692847,12,,,,,,,,,,,,,,
120,298,149,2.483333333,2.483333333,ray_ground_hit,55,,5.237103494,0,-7.44692847,,,,,,,,,,,,,,,
120,298,149,2.483333333,2.483333333,paint_splat_write,55,,5.237103494,0.1,-7.44692847,,0.566290034,1.007459764,0.8125,13,,,,,,,,,,
120,300,150,2.5,2.5,cosmetic_fx_rain_batch,,,0,5,0,,10,,,,14,0,,,,,,,,
120,302,151,2.516666667,2.516666667,cosmetic_fx_rain_batch,,,0,5,0,,10,,,,14,0,,,,,,,,
120,304,152,2.533333333,2.533333333,cosmetic_fx_rain_batch,,,0,5,0,,10,,,,15,0,,,,,,,,
120,304,152,2.533333333,2.533333333,candidate_ray_emission,56,true,2.74507161,4.2,1.137390557,12,,,,,,,,,,,,,,
120,304,152,2.533333333,2.533333333,ray_ground_hit,56,,2.74507161,0,1.137390557,,,,,,,,,,,,,,,
120,304,152,2.533333333,2.533333333,paint_splat_write,56,,2.74507161,0.1,1.137390557,,0.622132795,1.215950968,1,16,,,,,,,,,,
120,306,153,2.55,2.55,cosmetic_fx_rain_batch,,,0,5,0,,10,,,,14,0,,,,,,,,
120,308,154,2.566666667,2.566666667,cosmetic_fx_rain_batch,,,0,5,0,,10,,,,14,0,,,,,,,,
120,308,154,2.566666667,2.566666667,candidate_ray_emission,57,true,-6.886291812,4.2,-0.567878309,12,,,,,,,,,,,,,,
120,308,154,2.566666667,2.566666667,ray_ground_hit,57,,-6.886291812,0,-0.567878309,,,,,,,,,,,,,,,
120,308,154,2.566666667,2.566666667,paint_splat_write,57,,-6.886291812,0.1,-0.567878309,,0.747400733,1.754918338,0.625,10,,,,,,,,,,
120,310,155,2.583333333,2.583333333,cosmetic_fx_rain_batch,,,0,5,0,,10,,,,14,0,,,,,,,,
120,312,156,2.6,2.6,cosmetic_fx_rain_batch,,,0,5,0,,10,,,,14,0,,,,,,,,
120,314,157,2.616666667,2.616666667,cosmetic_fx_rain_batch,,,0,5,0,,10,,,,14,0,,,,,,,,
120,314,157,2.616666667,2.616666667,candidate_ray_emission,58,true,-0.813083555,4.2,1.619323366,12,,,,,,,,,,,,,,
120,314,157,2.616666667,2.616666667,ray_ground_hit,58,,-0.813083555,0,1.619323366,,,,,,,,,,,,,,,
120,314,157,2.616666667,2.616666667,paint_splat_write,58,,-0.813083555,0.1,1.619323366,,0.689529272,1.493672166,1.375,22,,,,,,,,,,
120,316,158,2.633333333,2.633333333,cosmetic_fx_rain_batch,,,0,5,0,,10,,,,14,0,,,,,,,,
120,318,159,2.65,2.65,cosmetic_fx_rain_batch,,,0,5,0,,10,,,,14,0,,,,,,,,
120,320,160,2.666666667,2.666666667,cosmetic_fx_rain_batch,,,0,5,0,,10,,,,14,0,,,,,,,,
120,320,160,2.666666667,2.666666667,candidate_ray_emission,59,true,-1.428156232,4.2,0.625782342,12,,,,,,,,,,,,,,
120,320,160,2.666666667,2.666666667,ray_ground_hit,59,,-1.428156232,0,0.625782342,,,,,,,,,,,,,,,
120,320,160,2.666666667,2.666666667,paint_splat_write,59,,-1.428156232,0.1,0.625782342,,0.633738821,1.261741814,1.3125,21,,,,,,,,,,
120,322,161,2.683333333,2.683333333,cosmetic_fx_rain_batch,,,0,5,0,,10,,,,14,0,,,,,,,,
120,324,162,2.7,2.7,cosmetic_fx_rain_batch,,,0,5,0,,10,,,,14,0,,,,,,,,
120,324,162,2.7,2.7,candidate_ray_emission,60,true,-6.451934252,4.2,2.017421972,12,,,,,,,,,,,,,,
120,324,162,2.7,2.7,ray_ground_hit,60,,-6.451934252,0,2.017421972,,,,,,,,,,,,,,,
120,324,162,2.7,2.7,paint_splat_write,60,,-6.451934252,0.1,2.017421972,,0.782243677,1.922356788,1.75,28,,,,,,,,,,
120,326,163,2.716666667,2.716666667,cosmetic_fx_rain_batch,,,0,5,0,,10,,,,14,0,,,,,,,,
120,328,164,2.733333333,2.733333333,cosmetic_fx_rain_batch,,,0,5,0,,10,,,,14,0,,,,,,,,
120,330,165,2.75,2.75,cosmetic_fx_rain_batch,,,0,5,0,,10,,,,15,0,,,,,,,,
120,330,165,2.75,2.75,candidate_ray_emission,61,true,6.788829037,4.2,-4.366474668,12,,,,,,,,,,,,,,
120,330,165,2.75,2.75,ray_ground_hit,61,,6.788829037,0,-4.366474668,,,,,,,,,,,,,,,
120,330,165,2.75,2.75,paint_splat_write,61,,6.788829037,0.1,-4.366474668,,0.798899685,2.005092315,1.8125,29,,,,,,,,,,
120,332,166,2.766666667,2.766666667,cosmetic_fx_rain_batch,,,0,5,0,,10,,,,14,0,,,,,,,,
120,334,167,2.783333333,2.783333333,cosmetic_fx_rain_batch,,,0,5,0,,10,,,,14,0,,,,,,,,
120,336,168,2.8,2.8,cosmetic_fx_rain_batch,,,0,5,0,,10,,,,14,0,,,,,,,,
120,336,168,2.8,2.8,candidate_ray_emission,62,true,-8.75452897,4.2,-2.889568483,12,,,,,,,,,,,,,,
120,336,168,2.8,2.8,ray_ground_hit,62,,-8.75452897,0,-2.889568483,,,,,,,,,,,,,,,
120,336,168,2.8,2.8,paint_splat_write,62,,-8.75452897,0.1,-2.889568483,,0.539478176,0.914318766,0.8125,13,,,,,,,,,,
120,338,169,2.816666667,2.816666667,cosmetic_fx_rain_batch,,,0,5,0,,10,,,,15,0,,,,,,,,
120,340,170,2.833333333,2.833333333,cosmetic_fx_rain_batch,,,0,5,0,,10,,,,14,0,,,,,,,,
120,342,171,2.85,2.85,cosmetic_fx_rain_batch,,,0,5,0,,10,,,,15,0,,,,,,,,
120,342,171,2.85,2.85,candidate_ray_emission,63,true,0.68805692,4.2,-5.155726839,12,,,,,,,,,,,,,,
120,342,171,2.85,2.85,ray_ground_hit,63,,0.68805692,0,-5.155726839,,,,,,,,,,,,,,,
120,342,171,2.85,2.85,paint_splat_write,63,,0.68805692,0.1,-5.155726839,,0.636698547,1.273554661,0.625,10,,,,,,,,,,
120,344,172,2.866666667,2.866666667,cosmetic_fx_rain_batch,,,0,5,0,,10,,,,14,0,,,,,,,,
120,346,173,2.883333333,2.883333333,cosmetic_fx_rain_batch,,,0,5,0,,10,,,,15,0,,,,,,,,
120,346,173,2.883333333,2.883333333,candidate_ray_emission,64,true,-4.580579489,4.2,-4.524740085,12,,,,,,,,,,,,,,
120,346,173,2.883333333,2.883333333,ray_ground_hit,64,,-4.580579489,0,-4.524740085,,,,,,,,,,,,,,,
120,346,173,2.883333333,2.883333333,paint_splat_write,64,,-4.580579489,0.1,-4.524740085,,0.700122128,1.539917594,1.5,24,,,,,,,,,,
120,348,174,2.9,2.9,cosmetic_fx_rain_batch,,,0,5,0,,10,,,,14,0,,,,,,,,
120,350,175,2.916666667,2.916666667,cosmetic_fx_rain_batch,,,0,5,0,,10,,,,14,0,,,,,,,,
120,352,176,2.933333333,2.933333333,cosmetic_fx_rain_batch,,,0,5,0,,10,,,,15,0,,,,,,,,
120,352,176,2.933333333,2.933333333,candidate_ray_emission,65,true,8.430949624,4.2,0.053335936,12,,,,,,,,,,,,,,
120,352,176,2.933333333,2.933333333,ray_ground_hit,65,,8.430949624,0,0.053335936,,,,,,,,,,,,,,,
120,352,176,2.933333333,2.933333333,paint_splat_write,65,,8.430949624,0.1,0.053335936,,0.637795555,1.277947019,1.1875,19,,,,,,,,,,
120,354,177,2.95,2.95,cosmetic_fx_rain_batch,,,0,5,0,,10,,,,14,0,,,,,,,,
120,356,178,2.966666667,2.966666667,cosmetic_fx_rain_batch,,,0,5,0,,10,,,,15,0,,,,,,,,
120,358,179,2.983333333,2.983333333,cosmetic_fx_rain_batch,,,0,5,0,,10,,,,14,0,,,,,,,,
120,358,179,2.983333333,2.983333333,candidate_ray_emission,66,true,3.796059154,4.2,-7.08577191,12,,,,,,,,,,,,,,
120,358,179,2.983333333,2.983333333,ray_ground_hit,66,,3.796059154,0,-7.08577191,,,,,,,,,,,,,,,
120,358,179,2.983333333,2.983333333,paint_splat_write,66,,3.796059154,0.1,-7.08577191,,0.572508351,1.029706665,0.75,12,,,,,,,,,,
120,360,180,3,3,cosmetic_fx_rain_batch,,,0,5,0,,10,,,,14,0,,,,,,,,
120,362,181,3.016666667,3.016666667,cosmetic_fx_rain_batch,,,0,5,0,,10,,,,15,0,,,,,,,,
120,362,181,3.016666667,3.016666667,candidate_ray_emission,67,true,7.750196184,4.2,0.173219031,12,,,,,,,,,,,,,,
120,362,181,3.016666667,3.016666667,ray_ground_hit,67,,7.750196184,0,0.173219031,,,,,,,,,,,,,,,
120,362,181,3.016666667,3.016666667,paint_splat_write,67,,7.750196184,0.1,0.173219031,,0.461655703,0.669555038,0.4375,7,,,,,,,,,,
120,364,182,3.033333333,3.033333333,cosmetic_fx_rain_batch,,,0,5,0,,10,,,,14,0,,,,,,,,
120,366,183,3.05,3.05,cosmetic_fx_rain_batch,,,0,5,0,,10,,,,14,0,,,,,,,,
120,368,184,3.066666667,3.066666667,cosmetic_fx_rain_batch,,,0,5,0,,10,,,,14,0,,,,,,,,
120,368,184,3.066666667,3.066666667,candidate_ray_emission,68,true,-0.452497773,4.2,-2.511530571,12,,,,,,,,,,,,,,
120,368,184,3.066666667,3.066666667,ray_ground_hit,68,,-0.452497773,0,-2.511530571,,,,,,,,,,,,,,,
120,368,184,3.066666667,3.066666667,paint_splat_write,68,,-0.452497773,0.1,-2.511530571,,0.579924404,1.056556296,0.125,2,,,,,,,,,,
120,370,185,3.083333333,3.083333333,cosmetic_fx_rain_batch,,,0,5,0,,10,,,,15,0,,,,,,,,
120,372,186,3.1,3.1,cosmetic_fx_rain_batch,,,0,5,0,,10,,,,14,0,,,,,,,,
120,374,187,3.116666667,3.116666667,cosmetic_fx_rain_batch,,,0,5,0,,10,,,,15,0,,,,,,,,
120,374,187,3.116666667,3.116666667,candidate_ray_emission,69,true,1.067158958,4.2,-7.910560598,12,,,,,,,,,,,,,,
120,374,187,3.116666667,3.116666667,ray_ground_hit,69,,1.067158958,0,-7.910560598,,,,,,,,,,,,,,,
120,374,187,3.116666667,3.116666667,paint_splat_write,69,,1.067158958,0.1,-7.910560598,,0.792154276,1.971375772,1.875,30,,,,,,,,,,
120,376,188,3.133333333,3.133333333,cosmetic_fx_rain_batch,,,0,5,0,,10,,,,14,0,,,,,,,,
120,378,189,3.15,3.15,cosmetic_fx_rain_batch,,,0,5,0,,10,,,,15,0,,,,,,,,
120,378,189,3.15,3.15,candidate_ray_emission,70,true,3.340795856,4.2,3.948671261,12,,,,,,,,,,,,,,
120,378,189,3.15,3.15,ray_ground_hit,70,,3.340795856,0,3.948671261,,,,,,,,,,,,,,,
120,378,189,3.15,3.15,paint_splat_write,70,,3.340795856,0.1,3.948671261,,0.590246031,1.09450065,1,16,,,,,,,,,,
120,380,190,3.166666667,3.166666667,cosmetic_fx_rain_batch,,,0,5,0,,10,,,,14,0,,,,,,,,
120,382,191,3.183333333,3.183333333,cosmetic_fx_rain_batch,,,0,5,0,,10,,,,14,0,,,,,,,,
120,384,192,3.2,3.2,cosmetic_fx_rain_batch,,,0,5,0,,10,,,,15,0,,,,,,,,
120,384,192,3.2,3.2,candidate_ray_emission,71,true,-2.731571864,4.2,-5.858905752,12,,,,,,,,,,,,,,
120,384,192,3.2,3.2,ray_ground_hit,71,,-2.731571864,0,-5.858905752,,,,,,,,,,,,,,,
120,384,192,3.2,3.2,paint_splat_write,71,,-2.731571864,0.1,-5.858905752,,0.674814236,1.430600407,1.5,24,,,,,,,,,,
120,386,193,3.216666667,3.216666667,cosmetic_fx_rain_batch,,,0,5,0,,10,,,,14,0,,,,,,,,
120,388,194,3.233333333,3.233333333,cosmetic_fx_rain_batch,,,0,5,0,,10,,,,14,0,,,,,,,,
120,390,195,3.25,3.25,cosmetic_fx_rain_batch,,,0,5,0,,10,,,,14,0,,,,,,,,
120,390,195,3.25,3.25,candidate_ray_emission,72,true,3.762010157,4.2,-1.200251442,12,,,,,,,,,,,,,,
120,390,195,3.25,3.25,ray_ground_hit,72,,3.762010157,0,-1.200251442,,,,,,,,,,,,,,,
120,390,195,3.25,3.25,paint_splat_write,72,,3.762010157,0.1,-1.200251442,,0.621689666,1.214219404,1.125,18,,,,,,,,,,
120,392,196,3.266666667,3.266666667,cosmetic_fx_rain_batch,,,0,5,0,,10,,,,14,0,,,,,,,,
120,394,197,3.283333333,3.283333333,cosmetic_fx_rain_batch,,,0,5,0,,10,,,,14,0,,,,,,,,
120,396,198,3.3,3.3,cosmetic_fx_rain_batch,,,0,5,0,,10,,,,14,0,,,,,,,,
120,396,198,3.3,3.3,candidate_ray_emission,73,true,-0.027145084,4.2,0.395877021,12,,,,,,,,,,,,,,
120,396,198,3.3,3.3,ray_ground_hit,73,,-0.027145084,0,0.395877021,,,,,,,,,,,,,,,
120,396,198,3.3,3.3,paint_splat_write,73,,-0.027145084,0.1,0.395877021,,0.535194598,0.89985662,0.1875,3,,,,,,,,,,
120,398,199,3.316666667,3.316666667,cosmetic_fx_rain_batch,,,0,5,0,,10,,,,14,0,,,,,,,,
120,400,200,3.333333333,3.333333333,cosmetic_fx_rain_batch,,,0,5,0,,10,,,,14,0,,,,,,,,
120,400,200,3.333333333,3.333333333,candidate_ray_emission,74,true,-5.660755646,4.2,4.596648399,12,,,,,,,,,,,,,,
120,400,200,3.333333333,3.333333333,ray_ground_hit,74,,-5.660755646,0,4.596648399,,,,,,,,,,,,,,,
120,400,200,3.333333333,3.333333333,paint_splat_write,74,,-5.660755646,0.1,4.596648399,,0.641622943,1.293330869,0.6875,11,,,,,,,,,,
120,402,201,3.35,3.35,cosmetic_fx_rain_batch,,,0,5,0,,10,,,,14,0,,,,,,,,
120,404,202,3.366666667,3.366666667,cosmetic_fx_rain_batch,,,0,5,0,,10,,,,14,0,,,,,,,,
120,406,203,3.383333333,3.383333333,cosmetic_fx_rain_batch,,,0,5,0,,10,,,,14,0,,,,,,,,
120,406,203,3.383333333,3.383333333,candidate_ray_emission,75,true,-8.549682942,4.2,-1.74422966,12,,,,,,,,,,,,,,
120,406,203,3.383333333,3.383333333,ray_ground_hit,75,,-8.549682942,0,-1.74422966,,,,,,,,,,,,,,,
120,406,203,3.383333333,3.383333333,paint_splat_write,75,,-8.549682942,0.1,-1.74422966,,0.536080929,0.902839575,0.75,12,,,,,,,,,,
120,408,204,3.4,3.4,cosmetic_fx_rain_batch,,,0,5,0,,10,,,,14,0,,,,,,,,
120,410,205,3.416666667,3.416666667,cosmetic_fx_rain_batch,,,0,5,0,,10,,,,14,0,,,,,,,,
120,412,206,3.433333333,3.433333333,cosmetic_fx_rain_batch,,,0,5,0,,10,,,,15,0,,,,,,,,
120,412,206,3.433333333,3.433333333,candidate_ray_emission,76,true,2.175259679,4.2,-4.748000648,12,,,,,,,,,,,,,,
120,412,206,3.433333333,3.433333333,ray_ground_hit,76,,2.175259679,0,-4.748000648,,,,,,,,,,,,,,,
120,412,206,3.433333333,3.433333333,paint_splat_write,76,,2.175259679,0.1,-4.748000648,,0.736632908,1.704716267,1.4375,23,,,,,,,,,,
120,414,207,3.45,3.45,cosmetic_fx_rain_batch,,,0,5,0,,10,,,,14,0,,,,,,,,
120,416,208,3.466666667,3.466666667,cosmetic_fx_rain_batch,,,0,5,0,,10,,,,14,0,,,,,,,,
120,416,208,3.466666667,3.466666667,candidate_ray_emission,77,true,-1.464344823,4.2,-1.29204233,12,,,,,,,,,,,,,,
120,416,208,3.466666667,3.466666667,ray_ground_hit,77,,-1.464344823,0,-1.29204233,,,,,,,,,,,,,,,
120,416,208,3.466666667,3.466666667,paint_splat_write,77,,-1.464344823,0.1,-1.29204233,,0.59979508,1.130200955,1,16,,,,,,,,,,
120,418,209,3.483333333,3.483333333,cosmetic_fx_rain_batch,,,0,5,0,,10,,,,14,0,,,,,,,,
120,420,210,3.5,3.5,cosmetic_fx_rain_batch,,,0,5,0,,10,,,,14,0,,,,,,,,
120,422,211,3.516666667,3.516666667,cosmetic_fx_rain_batch,,,0,5,0,,10,,,,14,0,,,,,,,,
120,422,211,3.516666667,3.516666667,candidate_ray_emission,78,true,-2.328474877,4.2,5.954681639,12,,,,,,,,,,,,,,
120,422,211,3.516666667,3.516666667,ray_ground_hit,78,,-2.328474877,0,5.954681639,,,,,,,,,,,,,,,
120,422,211,3.516666667,3.516666667,paint_splat_write,78,,-2.328474877,0.1,5.954681639,,0.727392587,1.662216597,0.6875,11,,,,,,,,,,
120,424,212,3.533333333,3.533333333,cosmetic_fx_rain_batch,,,0,5,0,,10,,,,14,0,,,,,,,,
120,426,213,3.55,3.55,cosmetic_fx_rain_batch,,,0,5,0,,10,,,,15,0,,,,,,,,
120,428,214,3.566666667,3.566666667,cosmetic_fx_rain_batch,,,0,5,0,,10,,,,14,0,,,,,,,,
120,428,214,3.566666667,3.566666667,candidate_ray_emission,79,true,8.035297905,4.2,-1.989665076,12,,,,,,,,,,,,,,
120,428,214,3.566666667,3.566666667,ray_ground_hit,79,,8.035297905,0,-1.989665076,,,,,,,,,,,,,,,
120,428,214,3.566666667,3.566666667,paint_splat_write,79,,8.035297905,0.1,-1.989665076,,0.508126697,0.811136414,0.125,2,,,,,,,,,,
120,430,215,3.583333333,3.583333333,cosmetic_fx_rain_batch,,,0,5,0,,10,,,,14,0,,,,,,,,
120,432,216,3.6,3.6,cosmetic_fx_rain_batch,,,0,5,0,,10,,,,14,0,,,,,,,,
120,432,216,3.6,3.6,candidate_ray_emission,80,true,2.039419795,4.2,3.42507176,12,,,,,,,,,,,,,,
120,432,216,3.6,3.6,ray_ground_hit,80,,2.039419795,0,3.42507176,,,,,,,,,,,,,,,
120,432,216,3.6,3.6,paint_splat_write,80,,2.039419795,0.1,3.42507176,,0.695365169,1.519062837,1.1875,19,,,,,,,,,,
120,434,217,3.616666667,3.616666667,cosmetic_fx_rain_batch,,,0,5,0,,10,,,,14,0,,,,,,,,
120,436,218,3.633333333,3.633333333,cosmetic_fx_rain_batch,,,0,5,0,,10,,,,14,0,,,,,,,,
120,438,219,3.65,3.65,cosmetic_fx_rain_batch,,,0,5,0,,10,,,,14,0,,,,,,,,
120,438,219,3.65,3.65,candidate_ray_emission,81,true,2.858944513,4.2,-3.924377722,12,,,,,,,,,,,,,,
120,438,219,3.65,3.65,ray_ground_hit,81,,2.858944513,0,-3.924377722,,,,,,,,,,,,,,,
120,438,219,3.65,3.65,paint_splat_write,81,,2.858944513,0.1,-3.924377722,,0.718194994,1.620446213,1.0625,17,,,,,,,,,,
120,440,220,3.666666667,3.666666667,cosmetic_fx_rain_batch,,,0,5,0,,10,,,,14,0,,,,,,,,
120,442,221,3.683333333,3.683333333,cosmetic_fx_rain_batch,,,0,5,0,,10,,,,14,0,,,,,,,,
120,444,222,3.7,3.7,cosmetic_fx_rain_batch,,,0,5,0,,10,,,,14,0,,,,,,,,
120,444,222,3.7,3.7,candidate_ray_emission,82,true,-2.672620493,4.2,4.893418671,12,,,,,,,,,,,,,,
120,444,222,3.7,3.7,ray_ground_hit,82,,-2.672620493,0,4.893418671,,,,,,,,,,,,,,,
120,444,222,3.7,3.7,paint_splat_write,82,,-2.672620493,0.1,4.893418671,,0.75372196,1.784728711,1.1875,19,,,,,,,,,,
120,446,223,3.716666667,3.716666667,cosmetic_fx_rain_batch,,,0,5,0,,10,,,,14,0,,,,,,,,
120,448,224,3.733333333,3.733333333,cosmetic_fx_rain_batch,,,0,5,0,,10,,,,14,0,,,,,,,,
120,450,225,3.75,3.75,cosmetic_fx_rain_batch,,,0,5,0,,10,,,,14,0,,,,,,,,
120,450,225,3.75,3.75,candidate_ray_emission,83,true,-6.028398854,4.2,-7.582449107,12,,,,,,,,,,,,,,
120,450,225,3.75,3.75,ray_ground_hit,83,,-6.028398854,0,-7.582449107,,,,,,,,,,,,,,,
120,450,225,3.75,3.75,paint_splat_write,83,,-6.028398854,0.1,-7.582449107,,0.637747986,1.277756397,0.625,10,,,,,,,,,,
120,452,226,3.766666667,3.766666667,cosmetic_fx_rain_batch,,,0,5,0,,10,,,,15,0,,,,,,,,
120,454,227,3.783333333,3.783333333,cosmetic_fx_rain_batch,,,0,5,0,,10,,,,15,0,,,,,,,,
120,454,227,3.783333333,3.783333333,candidate_ray_emission,84,true,-9.450780602,4.2,0.302521041,12,,,,,,,,,,,,,,
120,454,227,3.783333333,3.783333333,ray_ground_hit,84,,-9.450780602,0,0.302521041,,,,,,,,,,,,,,,
120,454,227,3.783333333,3.783333333,paint_splat_write,84,,-9.450780602,0.1,0.302521041,,0.763934273,1.833419565,1.375,22,,,,,,,,,,
120,456,228,3.8,3.8,cosmetic_fx_rain_batch,,,0,5,0,,10,,,,14,0,,,,,,,,
120,458,229,3.816666667,3.816666667,cosmetic_fx_rain_batch,,,0,5,0,,10,,,,14,0,,,,,,,,
120,460,230,3.833333333,3.833333333,cosmetic_fx_rain_batch,,,0,5,0,,10,,,,15,0,,,,,,,,
120,460,230,3.833333333,3.833333333,candidate_ray_emission,85,true,2.221077449,4.2,9.133407903,12,,,,,,,,,,,,,,
120,460,230,3.833333333,3.833333333,ray_ground_hit,85,,2.221077449,0,9.133407903,,,,,,,,,,,,,,,
120,460,230,3.833333333,3.833333333,paint_splat_write,85,,2.221077449,0.1,9.133407903,,0.458613448,0.660759541,0.625,10,,,,,,,,,,
120,462,231,3.85,3.85,cosmetic_fx_rain_batch,,,0,5,0,,10,,,,14,0,,,,,,,,
120,464,232,3.866666667,3.866666667,cosmetic_fx_rain_batch,,,0,5,0,,10,,,,14,0,,,,,,,,
120,466,233,3.883333333,3.883333333,cosmetic_fx_rain_batch,,,0,5,0,,10,,,,14,0,,,,,,,,
120,466,233,3.883333333,3.883333333,candidate_ray_emission,86,true,1.644833713,4.2,-6.991880042,12,,,,,,,,,,,,,,
120,466,233,3.883333333,3.883333333,ray_ground_hit,86,,1.644833713,0,-6.991880042,,,,,,,,,,,,,,,
120,466,233,3.883333333,3.883333333,paint_splat_write,86,,1.644833713,0.1,-6.991880042,,0.712354493,1.594197811,0.9375,15,,,,,,,,,,
120,468,234,3.9,3.9,cosmetic_fx_rain_batch,,,0,5,0,,10,,,,14,0,,,,,,,,
120,470,235,3.916666667,3.916666667,cosmetic_fx_rain_batch,,,0,5,0,,10,,,,14,0,,,,,,,,
120,470,235,3.916666667,3.916666667,candidate_ray_emission,87,true,-4.642774305,4.2,-2.608779448,12,,,,,,,,,,,,,,
120,470,235,3.916666667,3.916666667,ray_ground_hit,87,,-4.642774305,0,-2.608779448,,,,,,,,,,,,,,,
120,470,235,3.916666667,3.916666667,paint_splat_write,87,,-4.642774305,0.1,-2.608779448,,0.465995498,0.682202512,0.625,10,,,,,,,,,,
120,472,236,3.933333333,3.933333333,cosmetic_fx_rain_batch,,,0,5,0,,10,,,,14,0,,,,,,,,
120,474,237,3.95,3.95,cosmetic_fx_rain_batch,,,0,5,0,,10,,,,14,0,,,,,,,,
120,476,238,3.966666667,3.966666667,cosmetic_fx_rain_batch,,,0,5,0,,10,,,,14,0,,,,,,,,
120,476,238,3.966666667,3.966666667,candidate_ray_emission,88,true,0.724414616,4.2,-4.022104257,12,,,,,,,,,,,,,,
120,476,238,3.966666667,3.966666667,ray_ground_hit,88,,0.724414616,0,-4.022104257,,,,,,,,,,,,,,,
120,476,238,3.966666667,3.966666667,paint_splat_write,88,,0.724414616,0.1,-4.022104257,,0.488920445,0.750976367,0.5625,9,,,,,,,,,,
120,478,239,3.983333333,3.983333333,cosmetic_fx_rain_batch,,,0,5,0,,10,,,,14,0,,,,,,,,
120,480,240,4,4,cosmetic_fx_rain_batch,,,0,5,0,,10,,,,14,0,,,,,,,,
120,482,241,4.016666667,4.016666667,cosmetic_fx_rain_batch,,,0,5,0,,10,,,,14,0,,,,,,,,
120,482,241,4.016666667,4.016666667,candidate_ray_emission,89,true,7.791123534,4.2,0.997255383,12,,,,,,,,,,,,,,
120,482,241,4.016666667,4.016666667,ray_ground_hit,89,,7.791123534,0,0.997255383,,,,,,,,,,,,,,,
120,482,241,4.016666667,4.016666667,paint_splat_write,89,,7.791123534,0.1,0.997255383,,0.627341433,1.236396641,0.875,14,,,,,,,,,,
120,484,242,4.033333333,4.033333333,cosmetic_fx_rain_batch,,,0,5,0,,10,,,,14,0,,,,,,,,
120,486,243,4.05,4.05,cosmetic_fx_rain_batch,,,0,5,0,,10,,,,14,0,,,,,,,,
120,486,243,4.05,4.05,candidate_ray_emission,90,true,-6.758665195,4.2,-0.768290159,12,,,,,,,,,,,,,,
120,486,243,4.05,4.05,ray_ground_hit,90,,-6.758665195,0,-0.768290159,,,,,,,,,,,,,,,
120,486,243,4.05,4.05,paint_splat_write,90,,-6.758665195,0.1,-0.768290159,,0.707178827,1.571116434,0.125,2,,,,,,,,,,
120,488,244,4.066666667,4.066666667,cosmetic_fx_rain_batch,,,0,5,0,,10,,,,14,0,,,,,,,,
120,490,245,4.083333333,4.083333333,cosmetic_fx_rain_batch,,,0,5,0,,10,,,,14,0,,,,,,,,
120,492,246,4.1,4.1,cosmetic_fx_rain_batch,,,0,5,0,,10,,,,15,0,,,,,,,,
120,492,246,4.1,4.1,candidate_ray_emission,91,true,-0.523280979,4.2,-5.750768021,12,,,,,,,,,,,,,,
120,492,246,4.1,4.1,ray_ground_hit,91,,-0.523280979,0,-5.750768021,,,,,,,,,,,,,,,
120,492,246,4.1,4.1,paint_splat_write,91,,-0.523280979,0.1,-5.750768021,,0.555494753,0.969415133,0.625,10,,,,,,,,,,
120,494,247,4.116666667,4.116666667,cosmetic_fx_rain_batch,,,0,5,0,,10,,,,14,0,,,,,,,,
120,496,248,4.133333333,4.133333333,cosmetic_fx_rain_batch,,,0,5,0,,10,,,,15,0,,,,,,,,
120,498,249,4.15,4.15,cosmetic_fx_rain_batch,,,0,5,0,,10,,,,14,0,,,,,,,,
120,498,249,4.15,4.15,candidate_ray_emission,92,true,1.888617984,4.2,-9.559705761,12,,,,,,,,,,,,,,
120,498,249,4.15,4.15,ray_ground_hit,92,,1.888617984,0,-9.559705761,,,,,,,,,,,,,,,
120,498,249,4.15,4.15,paint_splat_write,92,,1.888617984,0.1,-9.559705761,,0.731026813,1.678867748,1.5625,25,,,,,,,,,,
120,500,250,4.166666667,4.166666667,cosmetic_fx_rain_batch,,,0,5,0,,10,,,,14,0,,,,,,,,
120,502,251,4.183333333,4.183333333,cosmetic_fx_rain_batch,,,0,5,0,,10,,,,14,0,,,,,,,,
120,504,252,4.2,4.2,cosmetic_fx_rain_batch,,,0,5,0,,10,,,,14,0,,,,,,,,
120,504,252,4.2,4.2,candidate_ray_emission,93,true,2.867890784,4.2,6.218333237,12,,,,,,,,,,,,,,
120,504,252,4.2,4.2,ray_ground_hit,93,,2.867890784,0,6.218333237,,,,,,,,,,,,,,,
120,504,252,4.2,4.2,paint_splat_write,93,,2.867890784,0.1,6.218333237,,0.718082064,1.61993665,1.375,22,,,,,,,,,,
120,506,253,4.216666667,4.216666667,cosmetic_fx_rain_batch,,,0,5,0,,10,,,,14,0,,,,,,,,
120,508,254,4.233333333,4.233333333,cosmetic_fx_rain_batch,,,0,5,0,,10,,,,14,0,,,,,,,,
120,508,254,4.233333333,4.233333333,candidate_ray_emission,94,true,6.340195504,4.2,-6.152980276,12,,,,,,,,,,,,,,
120,508,254,4.233333333,4.233333333,ray_ground_hit,94,,6.340195504,0,-6.152980276,,,,,,,,,,,,,,,
120,508,254,4.233333333,4.233333333,paint_splat_write,94,,6.340195504,0.1,-6.152980276,,0.601796548,1.137756321,1.0625,17,,,,,,,,,,
120,510,255,4.25,4.25,cosmetic_fx_rain_batch,,,0,5,0,,10,,,,14,0,,,,,,,,
120,512,256,4.266666667,4.266666667,cosmetic_fx_rain_batch,,,0,5,0,,10,,,,15,0,,,,,,,,
120,514,257,4.283333333,4.283333333,cosmetic_fx_rain_batch,,,0,5,0,,10,,,,14,0,,,,,,,,
120,514,257,4.283333333,4.283333333,candidate_ray_emission,95,true,-7.509867746,4.2,6.316412195,12,,,,,,,,,,,,,,
120,514,257,4.283333333,4.283333333,ray_ground_hit,95,,-7.509867746,0,6.316412195,,,,,,,,,,,,,,,
120,514,257,4.283333333,4.283333333,paint_splat_write,95,,-7.509867746,0.1,6.316412195,,0.591242974,1.098201059,1.0625,17,,,,,,,,,,
120,516,258,4.3,4.3,cosmetic_fx_rain_batch,,,0,5,0,,10,,,,14,0,,,,,,,,
120,518,259,4.316666667,4.316666667,cosmetic_fx_rain_batch,,,0,5,0,,10,,,,14,0,,,,,,,,
120,520,260,4.333333333,4.333333333,cosmetic_fx_rain_batch,,,0,5,0,,10,,,,14,0,,,,,,,,
120,520,260,4.333333333,4.333333333,candidate_ray_emission,96,true,9.605058741,4.2,2.355053179,12,,,,,,,,,,,,,,
120,520,260,4.333333333,4.333333333,ray_ground_hit,96,,9.605058741,0,2.355053179,,,,,,,,,,,,,,,
120,520,260,4.333333333,4.333333333,paint_splat_write,96,,9.605058741,0.1,2.355053179,,0.788700593,1.954223393,1.625,26,,,,,,,,,,
120,522,261,4.35,4.35,cosmetic_fx_rain_batch,,,0,5,0,,10,,,,14,0,,,,,,,,
120,524,262,4.366666667,4.366666667,cosmetic_fx_rain_batch,,,0,5,0,,10,,,,14,0,,,,,,,,
120,524,262,4.366666667,4.366666667,candidate_ray_emission,97,true,7.63352747,4.2,6.108330115,12,,,,,,,,,,,,,,
120,524,262,4.366666667,4.366666667,ray_ground_hit,97,,7.63352747,0,6.108330115,,,,,,,,,,,,,,,
120,524,262,4.366666667,4.366666667,paint_splat_write,97,,7.63352747,0.1,6.108330115,,0.685092261,1.474510931,1.5625,25,,,,,,,,,,
120,526,263,4.383333333,4.383333333,cosmetic_fx_rain_batch,,,0,5,0,,10,,,,14,0,,,,,,,,
120,528,264,4.4,4.4,cosmetic_fx_rain_batch,,,0,5,0,,10,,,,14,0,,,,,,,,
120,530,265,4.416666667,4.416666667,cosmetic_fx_rain_batch,,,0,5,0,,10,,,,14,0,,,,,,,,
120,530,265,4.416666667,4.416666667,candidate_ray_emission,98,true,-5.330077748,4.2,-0.567527741,12,,,,,,,,,,,,,,
120,530,265,4.416666667,4.416666667,ray_ground_hit,98,,-5.330077748,0,-0.567527741,,,,,,,,,,,,,,,
120,530,265,4.416666667,4.416666667,paint_splat_write,98,,-5.330077748,0.1,-0.567527741,,0.529049613,0.87931134,0.125,2,,,,,,,,,,
120,532,266,4.433333333,4.433333333,cosmetic_fx_rain_batch,,,0,5,0,,10,,,,15,0,,,,,,,,
120,534,267,4.45,4.45,cosmetic_fx_rain_batch,,,0,5,0,,10,,,,14,0,,,,,,,,
120,536,268,4.466666667,4.466666667,cosmetic_fx_rain_batch,,,0,5,0,,10,,,,14,0,,,,,,,,
120,536,268,4.466666667,4.466666667,candidate_ray_emission,99,true,6.009669809,4.2,-5.436303772,12,,,,,,,,,,,,,,
120,536,268,4.466666667,4.466666667,ray_ground_hit,99,,6.009669809,0,-5.436303772,,,,,,,,,,,,,,,
120,536,268,4.466666667,4.466666667,paint_splat_write,99,,6.009669809,0.1,-5.436303772,,0.514047448,0.830149455,0.5625,9,,,,,,,,,,
120,538,269,4.483333333,4.483333333,cosmetic_fx_rain_batch,,,0,5,0,,10,,,,14,0,,,,,,,,
120,540,270,4.5,4.5,cosmetic_fx_rain_batch,,,0,5,0,,10,,,,14,0,,,,,,,,
120,540,270,4.5,4.5,candidate_ray_emission,100,true,-6.550910961,4.2,0.6542855,12,,,,,,,,,,,,,,
120,540,270,4.5,4.5,ray_ground_hit,100,,-6.550910961,0,0.6542855,,,,,,,,,,,,,,,
120,540,270,4.5,4.5,paint_splat_write,100,,-6.550910961,0.1,0.6542855,,0.751220341,1.772901265,1.375,22,,,,,,,,,,
120,542,271,4.516666667,4.516666667,cosmetic_fx_rain_batch,,,0,5,0,,10,,,,14,0,,,,,,,,
120,544,272,4.533333333,4.533333333,cosmetic_fx_rain_batch,,,0,5,0,,10,,,,14,0,,,,,,,,
120,546,273,4.55,4.55,cosmetic_fx_rain_batch,,,0,5,0,,10,,,,14,0,,,,,,,,
120,546,273,4.55,4.55,candidate_ray_emission,101,true,-0.440052341,4.2,3.824666806,12,,,,,,,,,,,,,,
120,546,273,4.55,4.55,ray_ground_hit,101,,-0.440052341,0,3.824666806,,,,,,,,,,,,,,,
120,546,273,4.55,4.55,paint_splat_write,101,,-0.440052341,0.1,3.824666806,,0.57070394,1.023226113,0.875,14,,,,,,,,,,
120,548,274,4.566666667,4.566666667,cosmetic_fx_rain_batch,,,0,5,0,,10,,,,15,0,,,,,,,,
120,550,275,4.583333333,4.583333333,cosmetic_fx_rain_batch,,,0,5,0,,10,,,,14,0,,,,,,,,
120,552,276,4.6,4.6,cosmetic_fx_rain_batch,,,0,5,0,,10,,,,14,0,,,,,,,,
120,552,276,4.6,4.6,candidate_ray_emission,102,true,6.632120951,4.2,-4.793240797,12,,,,,,,,,,,,,,
120,552,276,4.6,4.6,ray_ground_hit,102,,6.632120951,0,-4.793240797,,,,,,,,,,,,,,,
120,552,276,4.6,4.6,paint_splat_write,102,,6.632120951,0.1,-4.793240797,,0.719576412,1.626685927,0.4375,7,,,,,,,,,,
120,554,277,4.616666667,4.616666667,cosmetic_fx_rain_batch,,,0,5,0,,10,,,,14,0,,,,,,,,
120,556,278,4.633333333,4.633333333,cosmetic_fx_rain_batch,,,0,5,0,,10,,,,14,0,,,,,,,,
120,558,279,4.65,4.65,cosmetic_fx_rain_batch,,,0,5,0,,10,,,,14,0,,,,,,,,
120,558,279,4.65,4.65,candidate_ray_emission,103,true,2.80225615,4.2,9.512335755,12,,,,,,,,,,,,,,
120,558,279,4.65,4.65,ray_ground_hit,103,,2.80225615,0,9.512335755,,,,,,,,,,,,,,,
120,558,279,4.65,4.65,paint_splat_write,103,,2.80225615,0.1,9.512335755,,0.755482937,1.793078044,1.5,24,,,,,,,,,,
120,560,280,4.666666667,4.666666667,cosmetic_fx_rain_batch,,,0,5,0,,10,,,,14,0,,,,,,,,
120,562,281,4.683333333,4.683333333,cosmetic_fx_rain_batch,,,0,5,0,,10,,,,14,0,,,,,,,,
120,562,281,4.683333333,4.683333333,candidate_ray_emission,104,true,1.340457954,4.2,6.96334806,12,,,,,,,,,,,,,,
120,562,281,4.683333333,4.683333333,ray_ground_hit,104,,1.340457954,0,6.96334806,,,,,,,,,,,,,,,
120,562,281,4.683333333,4.683333333,paint_splat_write,104,,1.340457954,0.1,6.96334806,,0.690543784,1.498070709,1.4375,23,,,,,,,,,,
120,564,282,4.7,4.7,cosmetic_fx_rain_batch,,,0,5,0,,10,,,,14,0,,,,,,,,
120,566,283,4.716666667,4.716666667,cosmetic_fx_rain_batch,,,0,5,0,,10,,,,14,0,,,,,,,,
120,568,284,4.733333333,4.733333333,cosmetic_fx_rain_batch,,,0,5,0,,10,,,,14,0,,,,,,,,
120,568,284,4.733333333,4.733333333,candidate_ray_emission,105,true,6.901553276,4.2,6.597183514,12,,,,,,,,,,,,,,
120,568,284,4.733333333,4.733333333,ray_ground_hit,105,,6.901553276,0,6.597183514,,,,,,,,,,,,,,,
120,568,284,4.733333333,4.733333333,paint_splat_write,105,,6.901553276,0.1,6.597183514,,0.749006999,1.762469559,1.3125,21,,,,,,,,,,
120,570,285,4.75,4.75,cosmetic_fx_rain_batch,,,0,5,0,,10,,,,14,0,,,,,,,,
120,572,286,4.766666667,4.766666667,cosmetic_fx_rain_batch,,,0,5,0,,10,,,,14,0,,,,,,,,
120,574,287,4.783333333,4.783333333,cosmetic_fx_rain_batch,,,0,5,0,,10,,,,14,0,,,,,,,,
120,574,287,4.783333333,4.783333333,candidate_ray_emission,106,true,-8.630021794,4.2,2.628830031,12,,,,,,,,,,,,,,
120,574,287,4.783333333,4.783333333,ray_ground_hit,106,,-8.630021794,0,2.628830031,,,,,,,,,,,,,,,
120,574,287,4.783333333,4.783333333,paint_splat_write,106,,-8.630021794,0.1,2.628830031,,0.575929181,1.042048759,0.9375,15,,,,,,,,,,
120,576,288,4.8,4.8,cosmetic_fx_rain_batch,,,0,5,0,,10,,,,14,0,,,,,,,,
120,578,289,4.816666667,4.816666667,cosmetic_fx_rain_batch,,,0,5,0,,10,,,,14,0,,,,,,,,
120,578,289,4.816666667,4.816666667,candidate_ray_emission,107,true,-4.306308237,4.2,8.610008041,12,,,,,,,,,,,,,,
120,578,289,4.816666667,4.816666667,ray_ground_hit,107,,-4.306308237,0,8.610008041,,,,,,,,,,,,,,,
120,578,289,4.816666667,4.816666667,paint_splat_write,107,,-4.306308237,0.1,8.610008041,,0.474729942,0.708016079,0.5625,9,,,,,,,,,,
120,580,290,4.833333333,4.833333333,cosmetic_fx_rain_batch,,,0,5,0,,10,,,,14,0,,,,,,,,
120,582,291,4.85,4.85,cosmetic_fx_rain_batch,,,0,5,0,,10,,,,14,0,,,,,,,,
120,584,292,4.866666667,4.866666667,cosmetic_fx_rain_batch,,,0,5,0,,10,,,,14,0,,,,,,,,
120,584,292,4.866666667,4.866666667,candidate_ray_emission,108,true,-2.771956114,4.2,-2.08263351,12,,,,,,,,,,,,,,
120,584,292,4.866666667,4.866666667,ray_ground_hit,108,,-2.771956114,0,-2.08263351,,,,,,,,,,,,,,,
120,584,292,4.866666667,4.866666667,paint_splat_write,108,,-2.771956114,0.1,-2.08263351,,0.554789302,0.966954478,0.9375,15,,,,,,,,,,
120,586,293,4.883333333,4.883333333,cosmetic_fx_rain_batch,,,0,5,0,,10,,,,14,0,,,,,,,,
120,588,294,4.9,4.9,cosmetic_fx_rain_batch,,,0,5,0,,10,,,,14,0,,,,,,,,
120,590,295,4.916666667,4.916666667,cosmetic_fx_rain_batch,,,0,5,0,,10,,,,14,0,,,,,,,,
120,590,295,4.916666667,4.916666667,candidate_ray_emission,109,true,-8.705277834,4.2,-4.149474286,12,,,,,,,,,,,,,,
120,590,295,4.916666667,4.916666667,ray_ground_hit,109,,-8.705277834,0,-4.149474286,,,,,,,,,,,,,,,
120,590,295,4.916666667,4.916666667,paint_splat_write,109,,-8.705277834,0.1,-4.149474286,,0.691984006,1.504326084,1.375,22,,,,,,,,,,
120,592,296,4.933333333,4.933333333,cosmetic_fx_rain_batch,,,0,5,0,,10,,,,15,0,,,,,,,,
120,594,297,4.95,4.95,cosmetic_fx_rain_batch,,,0,5,0,,10,,,,14,0,,,,,,,,
120,594,297,4.95,4.95,candidate_ray_emission,110,true,4.73735547,4.2,0.292710711,12,,,,,,,,,,,,,,
120,594,297,4.95,4.95,ray_ground_hit,110,,4.73735547,0,0.292710711,,,,,,,,,,,,,,,
120,594,297,4.95,4.95,paint_splat_write,110,,4.73735547,0.1,0.292710711,,0.512242854,0.824331108,0.6875,11,,,,,,,,,,
120,596,298,4.966666667,4.966666667,cosmetic_fx_rain_batch,,,0,5,0,,10,,,,14,0,,,,,,,,
120,598,299,4.983333333,4.983333333,cosmetic_fx_rain_batch,,,0,5,0,,10,,,,14,0,,,,,,,,
120,600,300,5,5,cosmetic_fx_rain_batch,,,0,5,0,,10,,,,14,0,,,,,,,,
120,600,300,5,5,candidate_ray_emission,111,true,1.685498606,4.2,4.892326636,12,,,,,,,,,,,,,,
120,600,300,5,5,ray_ground_hit,111,,1.685498606,0,4.892326636,,,,,,,,,,,,,,,
120,600,300,5,5,paint_splat_write,111,,1.685498606,0.1,4.892326636,,0.500548848,0.787123368,0.25,4,,,,,,,,,,
120,602,301,5.016666667,5.016666667,cosmetic_fx_rain_batch,,,0,5,0,,10,,,,14,0,,,,,,,,
120,604,302,5.033333333,5.033333333,cosmetic_fx_rain_batch,,,0,5,0,,10,,,,14,0,,,,,,,,
120,606,303,5.05,5.05,cosmetic_fx_rain_batch,,,0,5,0,,10,,,,14,0,,,,,,,,
120,606,303,5.05,5.05,candidate_ray_emission,112,true,-3.907101834,4.2,-9.101252634,12,,,,,,,,,,,,,,
120,606,303,5.05,5.05,ray_ground_hit,112,,-3.907101834,0,-9.101252634,,,,,,,,,,,,,,,
120,606,303,5.05,5.05,paint_splat_write,112,,-3.907101834,0.1,-9.101252634,,0.519359921,0.847396638,0.9375,15,,,,,,,,,,
120,608,304,5.066666667,5.066666667,cosmetic_fx_rain_batch,,,0,5,0,,10,,,,14,0,,,,,,,,
120,610,305,5.083333333,5.083333333,cosmetic_fx_rain_batch,,,0,5,0,,10,,,,15,0,,,,,,,,
120,612,306,5.1,5.1,cosmetic_fx_rain_batch,,,0,5,0,,10,,,,14,0,,,,,,,,
120,612,306,5.1,5.1,candidate_ray_emission,113,true,9.130005054,4.2,-2.66775513,12,,,,,,,,,,,,,,
120,612,306,5.1,5.1,ray_ground_hit,113,,9.130005054,0,-2.66775513,,,,,,,,,,,,,,,
120,612,306,5.1,5.1,paint_splat_write,113,,9.130005054,0.1,-2.66775513,,0.762908712,1.828500237,1.8125,29,,,,,,,,,,
120,614,307,5.116666667,5.116666667,cosmetic_fx_rain_batch,,,0,5,0,,10,,,,14,0,,,,,,,,
120,616,308,5.133333333,5.133333333,cosmetic_fx_rain_batch,,,0,5,0,,10,,,,15,0,,,,,,,,
120,616,308,5.133333333,5.133333333,candidate_ray_emission,114,true,-3.97365813,4.2,2.676014371,12,,,,,,,,,,,,,,
120,616,308,5.133333333,5.133333333,ray_ground_hit,114,,-3.97365813,0,2.676014371,,,,,,,,,,,,,,,
120,616,308,5.133333333,5.133333333,paint_splat_write,114,,-3.97365813,0.1,2.676014371,,0.619043227,1.203903913,1.3125,21,,,,,,,,,,
120,618,309,5.15,5.15,cosmetic_fx_rain_batch,,,0,5,0,,10,,,,14,0,,,,,,,,
120,620,310,5.166666667,5.166666667,cosmetic_fx_rain_batch,,,0,5,0,,10,,,,14,0,,,,,,,,
120,622,311,5.183333333,5.183333333,cosmetic_fx_rain_batch,,,0,5,0,,10,,,,14,0,,,,,,,,
120,622,311,5.183333333,5.183333333,candidate_ray_emission,115,true,4.506714503,4.2,8.763345387,12,,,,,,,,,,,,,,
120,622,311,5.183333333,5.183333333,ray_ground_hit,115,,4.506714503,0,8.763345387,,,,,,,,,,,,,,,
120,622,311,5.183333333,5.183333333,paint_splat_write,115,,4.506714503,0.1,8.763345387,,0.601439448,1.136406457,0.625,10,,,,,,,,,,
120,624,312,5.2,5.2,cosmetic_fx_rain_batch,,,0,5,0,,10,,,,14,0,,,,,,,,
120,626,313,5.216666667,5.216666667,cosmetic_fx_rain_batch,,,0,5,0,,10,,,,14,0,,,,,,,,
120,628,314,5.233333333,5.233333333,cosmetic_fx_rain_batch,,,0,5,0,,10,,,,14,0,,,,,,,,
120,628,314,5.233333333,5.233333333,candidate_ray_emission,116,true,4.568502227,4.2,6.990619152,12,,,,,,,,,,,,,,
120,628,314,5.233333333,5.233333333,ray_ground_hit,116,,4.568502227,0,6.990619152,,,,,,,,,,,,,,,
120,628,314,5.233333333,5.233333333,paint_splat_write,116,,4.568502227,0.1,6.990619152,,0.613040811,1.180670322,0.3125,5,,,,,,,,,,
120,630,315,5.25,5.25,cosmetic_fx_rain_batch,,,0,5,0,,10,,,,14,0,,,,,,,,
120,632,316,5.266666667,5.266666667,cosmetic_fx_rain_batch,,,0,5,0,,10,,,,14,0,,,,,,,,
120,632,316,5.266666667,5.266666667,candidate_ray_emission,117,true,-4.946347774,4.2,-8.462550813,12,,,,,,,,,,,,,,
120,632,316,5.266666667,5.266666667,ray_ground_hit,117,,-4.946347774,0,-8.462550813,,,,,,,,,,,,,,,
120,632,316,5.266666667,5.266666667,paint_splat_write,117,,-4.946347774,0.1,-8.462550813,,0.516287845,0.837401381,0,0,,,,,,,,,,
120,634,317,5.283333333,5.283333333,cosmetic_fx_rain_batch,,,0,5,0,,10,,,,15,0,,,,,,,,
120,636,318,5.3,5.3,cosmetic_fx_rain_batch,,,0,5,0,,10,,,,14,0,,,,,,,,
120,638,319,5.316666667,5.316666667,cosmetic_fx_rain_batch,,,0,5,0,,10,,,,14,0,,,,,,,,
120,638,319,5.316666667,5.316666667,candidate_ray_emission,118,true,6.39489033,4.2,6.213204908,12,,,,,,,,,,,,,,
120,638,319,5.316666667,5.316666667,ray_ground_hit,118,,6.39489033,0,6.213204908,,,,,,,,,,,,,,,
120,638,319,5.316666667,5.316666667,paint_splat_write,118,,6.39489033,0.1,6.213204908,,0.759562869,1.812497122,0.875,14,,,,,,,,,,
120,640,320,5.333333333,5.333333333,cosmetic_fx_rain_batch,,,0,5,0,,10,,,,14,0,,,,,,,,
120,642,321,5.35,5.35,cosmetic_fx_rain_batch,,,0,5,0,,10,,,,14,0,,,,,,,,
120,644,322,5.366666667,5.366666667,cosmetic_fx_rain_batch,,,0,5,0,,10,,,,14,0,,,,,,,,
120,644,322,5.366666667,5.366666667,candidate_ray_emission,119,true,1.452487709,4.2,-1.175115035,12,,,,,,,,,,,,,,
120,644,322,5.366666667,5.366666667,ray_ground_hit,119,,1.452487709,0,-1.175115035,,,,,,,,,,,,,,,
120,644,322,5.366666667,5.366666667,paint_splat_write,119,,1.452487709,0.1,-1.175115035,,0.646277838,1.31216485,1.25,20,,,,,,,,,,
120,646,323,5.383333333,5.383333333,cosmetic_fx_rain_batch,,,0,5,0,,10,,,,15,0,,,,,,,,
120,648,324,5.4,5.4,cosmetic_fx_rain_batch,,,0,5,0,,10,,,,14,0,,,,,,,,
120,648,324,5.4,5.4,candidate_ray_emission,120,true,5.081598115,4.2,-2.937417509,12,,,,,,,,,,,,,,
120,648,324,5.4,5.4,ray_ground_hit,120,,5.081598115,0,-2.937417509,,,,,,,,,,,,,,,
120,648,324,5.4,5.4,paint_splat_write,120,,5.081598115,0.1,-2.937417509,,0.568101139,1.01391417,0.625,10,,,,,,,,,,
120,650,325,5.416666667,5.416666667,cosmetic_fx_rain_batch,,,0,5,0,,10,,,,14,0,,,,,,,,
120,652,326,5.433333333,5.433333333,cosmetic_fx_rain_batch,,,0,5,0,,10,,,,14,0,,,,,,,,
120,654,327,5.45,5.45,cosmetic_fx_rain_batch,,,0,5,0,,10,,,,15,0,,,,,,,,
120,654,327,5.45,5.45,candidate_ray_emission,121,true,-5.199150387,4.2,-6.163142921,12,,,,,,,,,,,,,,
120,654,327,5.45,5.45,ray_ground_hit,121,,-5.199150387,0,-6.163142921,,,,,,,,,,,,,,,
120,654,327,5.45,5.45,paint_splat_write,121,,-5.199150387,0.1,-6.163142921,,0.759168481,1.810615402,1.3125,21,,,,,,,,,,
120,656,328,5.466666667,5.466666667,cosmetic_fx_rain_batch,,,0,5,0,,10,,,,14,0,,,,,,,,
120,658,329,5.483333333,5.483333333,cosmetic_fx_rain_batch,,,0,5,0,,10,,,,14,0,,,,,,,,
120,660,330,5.5,5.5,cosmetic_fx_rain_batch,,,0,5,0,,10,,,,14,0,,,,,,,,
120,660,330,5.5,5.5,candidate_ray_emission,122,true,-3.636251838,4.2,-8.556476515,12,,,,,,,,,,,,,,
120,660,330,5.5,5.5,ray_ground_hit,122,,-3.636251838,0,-8.556476515,,,,,,,,,,,,,,,
120,660,330,5.5,5.5,paint_splat_write,122,,-3.636251838,0.1,-8.556476515,,0.571225515,1.025097252,0.75,12,,,,,,,,,,
120,662,331,5.516666667,5.516666667,cosmetic_fx_rain_batch,,,0,5,0,,10,,,,14,0,,,,,,,,
120,664,332,5.533333333,5.533333333,cosmetic_fx_rain_batch,,,0,5,0,,10,,,,14,0,,,,,,,,
120,666,333,5.55,5.55,cosmetic_fx_rain_batch,,,0,5,0,,10,,,,15,0,,,,,,,,
120,666,333,5.55,5.55,candidate_ray_emission,123,true,1.647369862,4.2,8.301776826,12,,,,,,,,,,,,,,
120,666,333,5.55,5.55,ray_ground_hit,123,,1.647369862,0,8.301776826,,,,,,,,,,,,,,,
120,666,333,5.55,5.55,paint_splat_write,123,,1.647369862,0.1,8.301776826,,0.512441982,0.824972132,0.8125,13,,,,,,,,,,
120,668,334,5.566666667,5.566666667,cosmetic_fx_rain_batch,,,0,5,0,,10,,,,14,0,,,,,,,,
120,670,335,5.583333333,5.583333333,cosmetic_fx_rain_batch,,,0,5,0,,10,,,,14,0,,,,,,,,
120,670,335,5.583333333,5.583333333,candidate_ray_emission,124,true,5.418026641,4.2,6.746330729,12,,,,,,,,,,,,,,
120,670,335,5.583333333,5.583333333,ray_ground_hit,124,,5.418026641,0,6.746330729,,,,,,,,,,,,,,,
120,670,335,5.583333333,5.583333333,paint_splat_write,124,,5.418026641,0.1,6.746330729,,0.48158581,0.728613537,0.5,8,,,,,,,,,,
120,672,336,5.6,5.6,cosmetic_fx_rain_batch,,,0,5,0,,10,,,,14,0,,,,,,,,
120,674,337,5.616666667,5.616666667,cosmetic_fx_rain_batch,,,0,5,0,,10,,,,14,0,,,,,,,,
120,676,338,5.633333333,5.633333333,cosmetic_fx_rain_batch,,,0,5,0,,10,,,,14,0,,,,,,,,
120,676,338,5.633333333,5.633333333,candidate_ray_emission,125,true,7.32046509,4.2,-0.615471033,12,,,,,,,,,,,,,,
120,676,338,5.633333333,5.633333333,ray_ground_hit,125,,7.32046509,0,-0.615471033,,,,,,,,,,,,,,,
120,676,338,5.633333333,5.633333333,paint_splat_write,125,,7.32046509,0.1,-0.615471033,,0.613215407,1.181342934,1.25,20,,,,,,,,,,
120,678,339,5.65,5.65,cosmetic_fx_rain_batch,,,0,5,0,,10,,,,15,0,,,,,,,,
120,680,340,5.666666667,5.666666667,cosmetic_fx_rain_batch,,,0,5,0,,10,,,,14,0,,,,,,,,
120,682,341,5.683333333,5.683333333,cosmetic_fx_rain_batch,,,0,5,0,,10,,,,14,0,,,,,,,,
120,682,341,5.683333333,5.683333333,candidate_ray_emission,126,true,-4.515864837,4.2,-8.438260741,12,,,,,,,,,,,,,,
120,682,341,5.683333333,5.683333333,ray_ground_hit,126,,-4.515864837,0,-8.438260741,,,,,,,,,,,,,,,
120,682,341,5.683333333,5.683333333,paint_splat_write,126,,-4.515864837,0.1,-8.438260741,,0.643649873,1.301515211,0,0,,,,,,,,,,
120,684,342,5.7,5.7,cosmetic_fx_rain_batch,,,0,5,0,,10,,,,14,0,,,,,,,,
120,686,343,5.716666667,5.716666667,cosmetic_fx_rain_batch,,,0,5,0,,10,,,,14,0,,,,,,,,
120,686,343,5.716666667,5.716666667,candidate_ray_emission,127,true,-3.203621026,4.2,-5.643157531,12,,,,,,,,,,,,,,
120,686,343,5.716666667,5.716666667,ray_ground_hit,127,,-3.203621026,0,-5.643157531,,,,,,,,,,,,,,,
120,686,343,5.716666667,5.716666667,paint_splat_write,127,,-3.203621026,0.1,-5.643157531,,0.529327309,0.880234677,0.4375,7,,,,,,,,,,
120,688,344,5.733333333,5.733333333,cosmetic_fx_rain_batch,,,0,5,0,,10,,,,14,0,,,,,,,,
120,690,345,5.75,5.75,cosmetic_fx_rain_batch,,,0,5,0,,10,,,,14,0,,,,,,,,
120,692,346,5.766666667,5.766666667,cosmetic_fx_rain_batch,,,0,5,0,,10,,,,14,0,,,,,,,,
120,692,346,5.766666667,5.766666667,candidate_ray_emission,128,true,6.354400521,4.2,5.759749265,12,,,,,,,,,,,,,,
120,692,346,5.766666667,5.766666667,ray_ground_hit,128,,6.354400521,0,5.759749265,,,,,,,,,,,,,,,
120,692,346,5.766666667,5.766666667,paint_splat_write,128,,6.354400521,0.1,5.759749265,,0.776492749,1.894194982,0.625,10,,,,,,,,,,
120,694,347,5.783333333,5.783333333,cosmetic_fx_rain_batch,,,0,5,0,,10,,,,14,0,,,,,,,,
120,696,348,5.8,5.8,cosmetic_fx_rain_batch,,,0,5,0,,10,,,,14,0,,,,,,,,
120,698,349,5.816666667,5.816666667,cosmetic_fx_rain_batch,,,0,5,0,,10,,,,14,0,,,,,,,,
120,698,349,5.816666667,5.816666667,candidate_ray_emission,129,true,-4.917313629,4.2,0.489232368,12,,,,,,,,,,,,,,
120,698,349,5.816666667,5.816666667,ray_ground_hit,129,,-4.917313629,0,0.489232368,,,,,,,,,,,,,,,
120,698,349,5.816666667,5.816666667,paint_splat_write,129,,-4.917313629,0.1,0.489232368,,0.774738052,1.885643755,1.8125,29,,,,,,,,,,
120,700,350,5.833333333,5.833333333,cosmetic_fx_rain_batch,,,0,5,0,,10,,,,14,0,,,,,,,,
120,702,351,5.85,5.85,cosmetic_fx_rain_batch,,,0,5,0,,10,,,,14,0,,,,,,,,
120,702,351,5.85,5.85,candidate_ray_emission,130,true,-8.145830956,4.2,3.104338573,12,,,,,,,,,,,,,,
120,702,351,5.85,5.85,ray_ground_hit,130,,-8.145830956,0,3.104338573,,,,,,,,,,,,,,,
120,702,351,5.85,5.85,paint_splat_write,130,,-8.145830956,0.1,3.104338573,,0.763295464,1.830354603,1.0625,17,,,,,,,,,,
120,704,352,5.866666667,5.866666667,cosmetic_fx_rain_batch,,,0,5,0,,10,,,,15,0,,,,,,,,
120,706,353,5.883333333,5.883333333,cosmetic_fx_rain_batch,,,0,5,0,,10,,,,14,0,,,,,,,,
120,708,354,5.9,5.9,cosmetic_fx_rain_batch,,,0,5,0,,10,,,,14,0,,,,,,,,
120,708,354,5.9,5.9,candidate_ray_emission,131,true,-1.359295246,4.2,-6.079287209,12,,,,,,,,,,,,,,
120,708,354,5.9,5.9,ray_ground_hit,131,,-1.359295246,0,-6.079287209,,,,,,,,,,,,,,,
120,708,354,5.9,5.9,paint_splat_write,131,,-1.359295246,0.1,-6.079287209,,0.721947903,1.637425658,1.3125,21,,,,,,,,,,
120,710,355,5.916666667,5.916666667,cosmetic_fx_rain_batch,,,0,5,0,,10,,,,14,0,,,,,,,,
120,712,356,5.933333333,5.933333333,cosmetic_fx_rain_batch,,,0,5,0,,10,,,,14,0,,,,,,,,
120,714,357,5.95,5.95,cosmetic_fx_rain_batch,,,0,5,0,,10,,,,14,0,,,,,,,,
120,714,357,5.95,5.95,candidate_ray_emission,132,true,0.281909884,4.2,7.830907332,12,,,,,,,,,,,,,,
120,714,357,5.95,5.95,ray_ground_hit,132,,0.281909884,0,7.830907332,,,,,,,,,,,,,,,
120,714,357,5.95,5.95,paint_splat_write,132,,0.281909884,0.1,7.830907332,,0.747711417,1.756377627,1.625,26,,,,,,,,,,
120,716,358,5.966666667,5.966666667,cosmetic_fx_rain_batch,,,0,5,0,,10,,,,15,0,,,,,,,,
120,718,359,5.983333333,5.983333333,cosmetic_fx_rain_batch,,,0,5,0,,10,,,,15,0,,,,,,,,
120,720,360,6,6,cosmetic_fx_rain_batch,,,0,5,0,,10,,,,14,0,,,,,,,,
120,720,360,6,6,candidate_ray_emission,133,true,5.846195177,4.2,2.614152235,12,,,,,,,,,,,,,,
120,720,360,6,6,ray_ground_hit,133,,5.846195177,0,2.614152235,,,,,,,,,,,,,,,
120,720,360,6,6,paint_splat_write,133,,5.846195177,0.1,2.614152235,,0.758156038,1.805789272,1.875,30,,,,,,,,,,
120,722,361,6.016666667,6.016666667,cosmetic_fx_rain_batch,,,0,5,0,,10,,,,14,0,,,,,,,,
120,724,362,6.033333333,6.033333333,cosmetic_fx_rain_batch,,,0,5,0,,10,,,,14,0,,,,,,,,
120,724,362,6.033333333,6.033333333,candidate_ray_emission,134,true,-1.776689807,4.2,-2.555153318,12,,,,,,,,,,,,,,
120,724,362,6.033333333,6.033333333,ray_ground_hit,134,,-1.776689807,0,-2.555153318,,,,,,,,,,,,,,,
120,724,362,6.033333333,6.033333333,paint_splat_write,134,,-1.776689807,0.1,-2.555153318,,0.635723273,1.269656071,1.1875,19,,,,,,,,,,
120,726,363,6.05,6.05,cosmetic_fx_rain_batch,,,0,5,0,,10,,,,14,0,,,,,,,,
120,728,364,6.066666667,6.066666667,cosmetic_fx_rain_batch,,,0,5,0,,10,,,,14,0,,,,,,,,
120,730,365,6.083333333,6.083333333,cosmetic_fx_rain_batch,,,0,5,0,,10,,,,14,0,,,,,,,,
120,730,365,6.083333333,6.083333333,candidate_ray_emission,135,true,7.662177945,4.2,-2.790586278,12,,,,,,,,,,,,,,
120,730,365,6.083333333,6.083333333,ray_ground_hit,135,,7.662177945,0,-2.790586278,,,,,,,,,,,,,,,
120,730,365,6.083333333,6.083333333,paint_splat_write,135,,7.662177945,0.1,-2.790586278,,0.680098103,1.453091625,0.125,2,,,,,,,,,,
120,732,366,6.1,6.1,cosmetic_fx_rain_batch,,,0,5,0,,10,,,,14,0,,,,,,,,
120,734,367,6.116666667,6.116666667,cosmetic_fx_rain_batch,,,0,5,0,,10,,,,15,0,,,,,,,,
120,736,368,6.133333333,6.133333333,cosmetic_fx_rain_batch,,,0,5,0,,10,,,,15,0,,,,,,,,
120,736,368,6.133333333,6.133333333,candidate_ray_emission,136,true,-0.911663433,4.2,-3.33218191,12,,,,,,,,,,,,,,
120,736,368,6.133333333,6.133333333,ray_ground_hit,136,,-0.911663433,0,-3.33218191,,,,,,,,,,,,,,,
120,736,368,6.133333333,6.133333333,paint_splat_write,136,,-0.911663433,0.1,-3.33218191,,0.549510753,0.948641814,0.75,12,,,,,,,,,,
120,738,369,6.15,6.15,cosmetic_fx_rain_batch,,,0,5,0,,10,,,,15,0,,,,,,,,
120,740,370,6.166666667,6.166666667,cosmetic_fx_rain_batch,,,0,5,0,,10,,,,14,0,,,,,,,,
120,740,370,6.166666667,6.166666667,candidate_ray_emission,137,true,-8.074390766,4.2,4.543904427,12,,,,,,,,,,,,,,
120,740,370,6.166666667,6.166666667,ray_ground_hit,137,,-8.074390766,0,4.543904427,,,,,,,,,,,,,,,
120,740,370,6.166666667,6.166666667,paint_splat_write,137,,-8.074390766,0.1,4.543904427,,0.55711516,0.975079051,0.9375,15,,,,,,,,,,
120,742,371,6.183333333,6.183333333,cosmetic_fx_rain_batch,,,0,5,0,,10,,,,14,0,,,,,,,,
120,744,372,6.2,6.2,cosmetic_fx_rain_batch,,,0,5,0,,10,,,,14,0,,,,,,,,
120,746,373,6.216666667,6.216666667,cosmetic_fx_rain_batch,,,0,5,0,,10,,,,14,0,,,,,,,,
120,746,373,6.216666667,6.216666667,candidate_ray_emission,138,true,1.048743583,4.2,1.717751558,12,,,,,,,,,,,,,,
120,746,373,6.216666667,6.216666667,ray_ground_hit,138,,1.048743583,0,1.717751558,,,,,,,,,,,,,,,
120,746,373,6.216666667,6.216666667,paint_splat_write,138,,1.048743583,0.1,1.717751558,,0.658610509,1.362721744,0.75,12,,,,,,,,,,
120,748,374,6.233333333,6.233333333,cosmetic_fx_rain_batch,,,0,5,0,,10,,,,14,0,,,,,,,,
120,750,375,6.25,6.25,cosmetic_fx_rain_batch,,,0,5,0,,10,,,,14,0,,,,,,,,
120,752,376,6.266666667,6.266666667,cosmetic_fx_rain_batch,,,0,5,0,,10,,,,15,0,,,,,,,,
120,752,376,6.266666667,6.266666667,candidate_ray_emission,139,true,8.830989573,4.2,-0.512537036,12,,,,,,,,,,,,,,
120,752,376,6.266666667,6.266666667,ray_ground_hit,139,,8.830989573,0,-0.512537036,,,,,,,,,,,,,,,
120,752,376,6.266666667,6.266666667,paint_splat_write,139,,8.830989573,0.1,-0.512537036,,0.628212183,1.239831258,0.6875,11,,,,,,,,,,
120,754,377,6.283333333,6.283333333,cosmetic_fx_rain_batch,,,0,5,0,,10,,,,15,0,,,,,,,,
120,756,378,6.3,6.3,cosmetic_fx_rain_batch,,,0,5,0,,10,,,,14,0,,,,,,,,
120,756,378,6.3,6.3,candidate_ray_emission,140,true,4.957113269,4.2,4.536149301,12,,,,,,,,,,,,,,
120,756,378,6.3,6.3,ray_ground_hit,140,,4.957113269,0,4.536149301,,,,,,,,,,,,,,,
120,756,378,6.3,6.3,paint_splat_write,140,,4.957113269,0.1,4.536149301,,0.55140007,0.95517623,0.9375,15,,,,,,,,,,
120,758,379,6.316666667,6.316666667,cosmetic_fx_rain_batch,,,0,5,0,,10,,,,14,0,,,,,,,,
120,760,380,6.333333333,6.333333333,cosmetic_fx_rain_batch,,,0,5,0,,10,,,,14,0,,,,,,,,
120,762,381,6.35,6.35,cosmetic_fx_rain_batch,,,0,5,0,,10,,,,14,0,,,,,,,,
120,762,381,6.35,6.35,candidate_ray_emission,141,true,-2.558372577,4.2,1.952554731,12,,,,,,,,,,,,,,
120,762,381,6.35,6.35,ray_ground_hit,141,,-2.558372577,0,1.952554731,,,,,,,,,,,,,,,
120,762,381,6.35,6.35,paint_splat_write,141,,-2.558372577,0.1,1.952554731,,0.768191354,1.853910238,1.875,30,,,,,,,,,,
120,764,382,6.366666667,6.366666667,cosmetic_fx_rain_batch,,,0,5,0,,10,,,,14,0,,,,,,,,
120,766,383,6.383333333,6.383333333,cosmetic_fx_rain_batch,,,0,5,0,,10,,,,14,0,,,,,,,,
120,768,384,6.4,6.4,cosmetic_fx_rain_batch,,,0,5,0,,10,,,,15,0,,,,,,,,
120,768,384,6.4,6.4,candidate_ray_emission,142,true,1.906283614,4.2,-0.000731444,12,,,,,,,,,,,,,,
120,768,384,6.4,6.4,ray_ground_hit,142,,1.906283614,0,-0.000731444,,,,,,,,,,,,,,,
120,768,384,6.4,6.4,paint_splat_write,142,,1.906283614,0.1,-0.000731444,,0.603187779,1.143022924,0.875,14,,,,,,,,,,
120,770,385,6.416666667,6.416666667,cosmetic_fx_rain_batch,,,0,5,0,,10,,,,15,0,,,,,,,,
120,772,386,6.433333333,6.433333333,cosmetic_fx_rain_batch,,,0,5,0,,10,,,,14,0,,,,,,,,
120,774,387,6.45,6.45,cosmetic_fx_rain_batch,,,0,5,0,,10,,,,15,0,,,,,,,,
120,774,387,6.45,6.45,candidate_ray_emission,143,true,9.141976342,4.2,2.62329386,12,,,,,,,,,,,,,,
120,774,387,6.45,6.45,ray_ground_hit,143,,9.141976342,0,2.62329386,,,,,,,,,,,,,,,
120,774,387,6.45,6.45,paint_splat_write,143,,9.141976342,0.1,2.62329386,,0.633060355,1.259041677,0.3125,5,,,,,,,,,,
120,776,388,6.466666667,6.466666667,cosmetic_fx_rain_batch,,,0,5,0,,10,,,,14,0,,,,,,,,
120,778,389,6.483333333,6.483333333,cosmetic_fx_rain_batch,,,0,5,0,,10,,,,14,0,,,,,,,,
120,778,389,6.483333333,6.483333333,candidate_ray_emission,144,true,-3.488667271,4.2,-0.862707107,12,,,,,,,,,,,,,,
120,778,389,6.483333333,6.483333333,ray_ground_hit,144,,-3.488667271,0,-0.862707107,,,,,,,,,,,,,,,
120,778,389,6.483333333,6.483333333,paint_splat_write,144,,-3.488667271,0.1,-0.862707107,,0.512570264,0.82538522,0.3125,5,,,,,,,,,,
120,780,390,6.5,6.5,cosmetic_fx_rain_batch,,,0,5,0,,10,,,,14,0,,,,,,,,
120,782,391,6.516666667,6.516666667,cosmetic_fx_rain_batch,,,0,5,0,,10,,,,14,0,,,,,,,,
120,784,392,6.533333333,6.533333333,cosmetic_fx_rain_batch,,,0,5,0,,10,,,,14,0,,,,,,,,
120,784,392,6.533333333,6.533333333,candidate_ray_emission,145,true,0.127107632,4.2,5.143917037,12,,,,,,,,,,,,,,
120,784,392,6.533333333,6.533333333,ray_ground_hit,145,,0.127107632,0,5.143917037,,,,,,,,,,,,,,,
120,784,392,6.533333333,6.533333333,paint_splat_write,145,,0.127107632,0.1,5.143917037,,0.642654683,1.297493605,1.1875,19,,,,,,,,,,
120,786,393,6.55,6.55,cosmetic_fx_rain_batch,,,0,5,0,,10,,,,14,0,,,,,,,,
120,788,394,6.566666667,6.566666667,cosmetic_fx_rain_batch,,,0,5,0,,10,,,,14,0,,,,,,,,
120,790,395,6.583333333,6.583333333,cosmetic_fx_rain_batch,,,0,5,0,,10,,,,14,0,,,,,,,,
120,790,395,6.583333333,6.583333333,candidate_ray_emission,146,true,7.513875726,4.2,4.239433444,12,,,,,,,,,,,,,,
120,790,395,6.583333333,6.583333333,ray_ground_hit,146,,7.513875726,0,4.239433444,,,,,,,,,,,,,,,
120,790,395,6.583333333,6.583333333,paint_splat_write,146,,7.513875726,0.1,4.239433444,,0.739059398,1.715965532,1.1875,19,,,,,,,,,,
120,792,396,6.6,6.6,cosmetic_fx_rain_batch,,,0,5,0,,10,,,,14,0,,,,,,,,
120,794,397,6.616666667,6.616666667,cosmetic_fx_rain_batch,,,0,5,0,,10,,,,14,0,,,,,,,,
120,794,397,6.616666667,6.616666667,candidate_ray_emission,147,true,-2.211213473,4.2,5.481268433,12,,,,,,,,,,,,,,
120,794,397,6.616666667,6.616666667,ray_ground_hit,147,,-2.211213473,0,5.481268433,,,,,,,,,,,,,,,
120,794,397,6.616666667,6.616666667,paint_splat_write,147,,-2.211213473,0.1,5.481268433,,0.544492685,0.931395148,0,0,,,,,,,,,,
120,796,398,6.633333333,6.633333333,cosmetic_fx_rain_batch,,,0,5,0,,10,,,,15,0,,,,,,,,
120,798,399,6.65,6.65,cosmetic_fx_rain_batch,,,0,5,0,,10,,,,14,0,,,,,,,,
120,800,400,6.666666667,6.666666667,cosmetic_fx_rain_batch,,,0,5,0,,10,,,,14,0,,,,,,,,
120,800,400,6.666666667,6.666666667,candidate_ray_emission,148,true,8.340979209,4.2,-3.289927401,12,,,,,,,,,,,,,,
120,800,400,6.666666667,6.666666667,ray_ground_hit,148,,8.340979209,0,-3.289927401,,,,,,,,,,,,,,,
120,800,400,6.666666667,6.666666667,paint_splat_write,148,,8.340979209,0.1,-3.289927401,,0.566762434,1.009141313,0.125,2,,,,,,,,,,
120,802,401,6.683333333,6.683333333,cosmetic_fx_rain_batch,,,0,5,0,,10,,,,14,0,,,,,,,,
120,804,402,6.7,6.7,cosmetic_fx_rain_batch,,,0,5,0,,10,,,,14,0,,,,,,,,
120,806,403,6.716666667,6.716666667,cosmetic_fx_rain_batch,,,0,5,0,,10,,,,14,0,,,,,,,,
120,806,403,6.716666667,6.716666667,candidate_ray_emission,149,true,9.606635114,4.2,1.117925019,12,,,,,,,,,,,,,,
120,806,403,6.716666667,6.716666667,ray_ground_hit,149,,9.606635114,0,1.117925019,,,,,,,,,,,,,,,
120,806,403,6.716666667,6.716666667,paint_splat_write,149,,9.606635114,0.1,1.117925019,,0.612732379,1.179482586,1.1875,19,,,,,,,,,,
120,808,404,6.733333333,6.733333333,cosmetic_fx_rain_batch,,,0,5,0,,10,,,,14,0,,,,,,,,
120,810,405,6.75,6.75,cosmetic_fx_rain_batch,,,0,5,0,,10,,,,14,0,,,,,,,,
120,810,405,6.75,6.75,candidate_ray_emission,150,true,-0.904142473,4.2,7.267669262,12,,,,,,,,,,,,,,
120,810,405,6.75,6.75,ray_ground_hit,150,,-0.904142473,0,7.267669262,,,,,,,,,,,,,,,
120,810,405,6.75,6.75,paint_splat_write,150,,-0.904142473,0.1,7.267669262,,0.629084874,1.243278316,0.5625,9,,,,,,,,,,
120,812,406,6.766666667,6.766666667,cosmetic_fx_rain_batch,,,0,5,0,,10,,,,15,0,,,,,,,,
120,814,407,6.783333333,6.783333333,cosmetic_fx_rain_batch,,,0,5,0,,10,,,,14,0,,,,,,,,
120,816,408,6.8,6.8,cosmetic_fx_rain_batch,,,0,5,0,,10,,,,14,0,,,,,,,,
120,816,408,6.8,6.8,candidate_ray_emission,151,true,-6.965748139,4.2,-0.248177391,12,,,,,,,,,,,,,,
120,816,408,6.8,6.8,ray_ground_hit,151,,-6.965748139,0,-0.248177391,,,,,,,,,,,,,,,
120,816,408,6.8,6.8,paint_splat_write,151,,-6.965748139,0.1,-0.248177391,,0.466326092,0.683170813,0,0,,,,,,,,,,
120,818,409,6.816666667,6.816666667,cosmetic_fx_rain_batch,,,0,5,0,,10,,,,14,0,,,,,,,,
120,820,410,6.833333333,6.833333333,cosmetic_fx_rain_batch,,,0,5,0,,10,,,,14,0,,,,,,,,
120,822,411,6.85,6.85,cosmetic_fx_rain_batch,,,0,5,0,,10,,,,15,0,,,,,,,,
120,822,411,6.85,6.85,candidate_ray_emission,152,true,-0.206613726,4.2,6.117864351,12,,,,,,,,,,,,,,
120,822,411,6.85,6.85,ray_ground_hit,152,,-0.206613726,0,6.117864351,,,,,,,,,,,,,,,
120,822,411,6.85,6.85,paint_splat_write,152,,-0.206613726,0.1,6.117864351,,0.699773316,1.538383552,0.25,4,,,,,,,,,,
120,824,412,6.866666667,6.866666667,cosmetic_fx_rain_batch,,,0,5,0,,10,,,,14,0,,,,,,,,
120,826,413,6.883333333,6.883333333,cosmetic_fx_rain_batch,,,0,5,0,,10,,,,14,0,,,,,,,,
120,828,414,6.9,6.9,cosmetic_fx_rain_batch,,,0,5,0,,10,,,,15,0,,,,,,,,
120,828,414,6.9,6.9,candidate_ray_emission,153,true,7.433194218,4.2,3.947504864,12,,,,,,,,,,,,,,
120,828,414,6.9,6.9,ray_ground_hit,153,,7.433194218,0,3.947504864,,,,,,,,,,,,,,,
120,828,414,6.9,6.9,paint_splat_write,153,,7.433194218,0.1,3.947504864,,0.749423001,1.764427872,0.3125,5,,,,,,,,,,
120,830,415,6.916666667,6.916666667,cosmetic_fx_rain_batch,,,0,5,0,,10,,,,15,0,,,,,,,,
120,832,416,6.933333333,6.933333333,cosmetic_fx_rain_batch,,,0,5,0,,10,,,,15,0,,,,,,,,
120,832,416,6.933333333,6.933333333,candidate_ray_emission,154,true,-2.52195603,4.2,8.392432135,12,,,,,,,,,,,,,,
120,832,416,6.933333333,6.933333333,ray_ground_hit,154,,-2.52195603,0,8.392432135,,,,,,,,,,,,,,,
120,832,416,6.933333333,6.933333333,paint_splat_write,154,,-2.52195603,0.1,8.392432135,,0.613359256,1.181897243,1.0625,17,,,,,,,,,,
120,834,417,6.95,6.95,cosmetic_fx_rain_batch,,,0,5,0,,10,,,,14,0,,,,,,,,
120,836,418,6.966666667,6.966666667,cosmetic_fx_rain_batch,,,0,5,0,,10,,,,14,0,,,,,,,,
120,838,419,6.983333333,6.983333333,cosmetic_fx_rain_batch,,,0,5,0,,10,,,,14,0,,,,,,,,
120,838,419,6.983333333,6.983333333,candidate_ray_emission,155,true,3.668457445,4.2,-2.105679691,12,,,,,,,,,,,,,,
120,838,419,6.983333333,6.983333333,ray_ground_hit,155,,3.668457445,0,-2.105679691,,,,,,,,,,,,,,,
120,838,419,6.983333333,6.983333333,paint_splat_write,155,,3.668457445,0.1,-2.105679691,,0.706514247,1.568164868,1.25,20,,,,,,,,,,
120,840,420,7,7,cosmetic_fx_rain_batch,,,0,5,0,,10,,,,14,0,,,,,,,,
120,842,421,7.016666667,7.016666667,cosmetic_fx_rain_batch,,,0,5,0,,10,,,,14,0,,,,,,,,
120,844,422,7.033333333,7.033333333,cosmetic_fx_rain_batch,,,0,5,0,,10,,,,14,0,,,,,,,,
120,844,422,7.033333333,7.033333333,candidate_ray_emission,156,true,-8.217730429,4.2,3.809594952,12,,,,,,,,,,,,,,
120,844,422,7.033333333,7.033333333,ray_ground_hit,156,,-8.217730429,0,3.809594952,,,,,,,,,,,,,,,
120,844,422,7.033333333,7.033333333,paint_splat_write,156,,-8.217730429,0.1,3.809594952,,0.688679541,1.489993026,0.5,8,,,,,,,,,,
120,846,423,7.05,7.05,cosmetic_fx_rain_batch,,,0,5,0,,10,,,,14,0,,,,,,,,
120,848,424,7.066666667,7.066666667,cosmetic_fx_rain_batch,,,0,5,0,,10,,,,14,0,,,,,,,,
120,848,424,7.066666667,7.066666667,candidate_ray_emission,157,true,-7.192395896,4.2,-0.471588809,12,,,,,,,,,,,,,,
120,848,424,7.066666667,7.066666667,ray_ground_hit,157,,-7.192395896,0,-0.471588809,,,,,,,,,,,,,,,
120,848,424,7.066666667,7.066666667,paint_splat_write,157,,-7.192395896,0.1,-0.471588809,,0.655751203,1.350915129,0.3125,5,,,,,,,,,,
120,850,425,7.083333333,7.083333333,cosmetic_fx_rain_batch,,,0,5,0,,10,,,,14,0,,,,,,,,
120,852,426,7.1,7.1,cosmetic_fx_rain_batch,,,0,5,0,,10,,,,14,0,,,,,,,,
120,854,427,7.116666667,7.116666667,cosmetic_fx_rain_batch,,,0,5,0,,10,,,,15,0,,,,,,,,
120,854,427,7.116666667,7.116666667,candidate_ray_emission,158,true,-0.128304279,4.2,-6.103085007,12,,,,,,,,,,,,,,
120,854,427,7.116666667,7.116666667,ray_ground_hit,158,,-0.128304279,0,-6.103085007,,,,,,,,,,,,,,,
120,854,427,7.116666667,7.116666667,paint_splat_write,158,,-0.128304279,0.1,-6.103085007,,0.789567945,1.958523964,0.75,12,,,,,,,,,,
120,856,428,7.133333333,7.133333333,cosmetic_fx_rain_batch,,,0,5,0,,10,,,,14,0,,,,,,,,
120,858,429,7.15,7.15,cosmetic_fx_rain_batch,,,0,5,0,,10,,,,14,0,,,,,,,,
120,860,430,7.166666667,7.166666667,cosmetic_fx_rain_batch,,,0,5,0,,10,,,,14,0,,,,,,,,
120,860,430,7.166666667,7.166666667,candidate_ray_emission,159,true,-3.275395607,4.2,5.172132366,12,,,,,,,,,,,,,,
120,860,430,7.166666667,7.166666667,ray_ground_hit,159,,-3.275395607,0,5.172132366,,,,,,,,,,,,,,,
120,860,430,7.166666667,7.166666667,paint_splat_write,159,,-3.275395607,0.1,5.172132366,,0.662583812,1.379213551,0.4375,7,,,,,,,,,,
120,862,431,7.183333333,7.183333333,cosmetic_fx_rain_batch,,,0,5,0,,10,,,,14,0,,,,,,,,
120,864,432,7.2,7.2,cosmetic_fx_rain_batch,,,0,5,0,,10,,,,15,0,,,,,,,,
120,864,432,7.2,7.2,candidate_ray_emission,160,true,3.509533292,4.2,-2.479664687,12,,,,,,,,,,,,,,
120,864,432,7.2,7.2,ray_ground_hit,160,,3.509533292,0,-2.479664687,,,,,,,,,,,,,,,
120,864,432,7.2,7.2,paint_splat_write,160,,3.509533292,0.1,-2.479664687,,0.50974698,0.816317666,0.125,2,,,,,,,,,,
120,866,433,7.216666667,7.216666667,cosmetic_fx_rain_batch,,,0,5,0,,10,,,,14,0,,,,,,,,
120,868,434,7.233333333,7.233333333,cosmetic_fx_rain_batch,,,0,5,0,,10,,,,14,0,,,,,,,,
120,870,435,7.25,7.25,cosmetic_fx_rain_batch,,,0,5,0,,10,,,,15,0,,,,,,,,
120,870,435,7.25,7.25,candidate_ray_emission,161,true,-2.01629502,4.2,6.984413554,12,,,,,,,,,,,,,,
120,870,435,7.25,7.25,ray_ground_hit,161,,-2.01629502,0,6.984413554,,,,,,,,,,,,,,,
120,870,435,7.25,7.25,paint_splat_write,161,,-2.01629502,0.1,6.984413554,,0.692032606,1.504537398,1.1875,19,,,,,,,,,,
120,872,436,7.266666667,7.266666667,cosmetic_fx_rain_batch,,,0,5,0,,10,,,,14,0,,,,,,,,
120,874,437,7.283333333,7.283333333,cosmetic_fx_rain_batch,,,0,5,0,,10,,,,14,0,,,,,,,,
120,876,438,7.3,7.3,cosmetic_fx_rain_batch,,,0,5,0,,10,,,,14,0,,,,,,,,
120,876,438,7.3,7.3,candidate_ray_emission,162,true,-2.558902103,4.2,0.268099946,12,,,,,,,,,,,,,,
120,876,438,7.3,7.3,ray_ground_hit,162,,-2.558902103,0,0.268099946,,,,,,,,,,,,,,,
120,876,438,7.3,7.3,paint_splat_write,162,,-2.558902103,0.1,0.268099946,,0.701226872,1.544781193,1.125,18,,,,,,,,,,
120,878,439,7.316666667,7.316666667,cosmetic_fx_rain_batch,,,0,5,0,,10,,,,14,0,,,,,,,,
120,880,440,7.333333333,7.333333333,cosmetic_fx_rain_batch,,,0,5,0,,10,,,,15,0,,,,,,,,
120,882,441,7.35,7.35,cosmetic_fx_rain_batch,,,0,5,0,,10,,,,14,0,,,,,,,,
120,882,441,7.35,7.35,candidate_ray_emission,163,true,8.04974658,4.2,-3.962502227,12,,,,,,,,,,,,,,
120,882,441,7.35,7.35,ray_ground_hit,163,,8.04974658,0,-3.962502227,,,,,,,,,,,,,,,
120,882,441,7.35,7.35,paint_splat_write,163,,8.04974658,0.1,-3.962502227,,0.465948554,0.682065071,0.4375,7,,,,,,,,,,
120,884,442,7.366666667,7.366666667,cosmetic_fx_rain_batch,,,0,5,0,,10,,,,14,0,,,,,,,,
120,886,443,7.383333333,7.383333333,cosmetic_fx_rain_batch,,,0,5,0,,10,,,,14,0,,,,,,,,
120,886,443,7.383333333,7.383333333,candidate_ray_emission,164,true,6.677472531,4.2,-6.438794225,12,,,,,,,,,,,,,,
120,886,443,7.383333333,7.383333333,ray_ground_hit,164,,6.677472531,0,-6.438794225,,,,,,,,,,,,,,,
120,886,443,7.383333333,7.383333333,paint_splat_write,164,,6.677472531,0.1,-6.438794225,,0.687898365,1.486614715,0.75,12,,,,,,,,,,
120,888,444,7.4,7.4,cosmetic_fx_rain_batch,,,0,5,0,,10,,,,14,0,,,,,,,,
120,890,445,7.416666667,7.416666667,cosmetic_fx_rain_batch,,,0,5,0,,9.777777778,,,,14,0,,,,,,,,
120,892,446,7.433333333,7.433333333,cosmetic_fx_rain_batch,,,0,5,0,,9.555555556,,,,13,0,,,,,,,,
120,892,446,7.433333333,7.433333333,candidate_ray_emission,165,true,6.021011591,4.2,-6.213785027,12,,,,,,,,,,,,,,
120,892,446,7.433333333,7.433333333,ray_ground_hit,165,,6.021011591,0,-6.213785027,,,,,,,,,,,,,,,
120,892,446,7.433333333,7.433333333,paint_splat_write,165,,6.021011591,0.1,-6.213785027,,0.757475397,1.802548405,0.5,8,,,,,,,,,,
120,894,447,7.45,7.45,cosmetic_fx_rain_batch,,,0,5,0,,9.333333333,,,,12,0,,,,,,,,
120,896,448,7.466666667,7.466666667,cosmetic_fx_rain_batch,,,0,5,0,,9.111111111,,,,12,0,,,,,,,,
120,898,449,7.483333333,7.483333333,cosmetic_fx_rain_batch,,,0,5,0,,8.888888889,,,,11,0,,,,,,,,
120,898,449,7.483333333,7.483333333,candidate_ray_emission,166,true,0.697271891,4.2,-4.117230603,12,,,,,,,,,,,,,,
120,898,449,7.483333333,7.483333333,ray_ground_hit,166,,0.697271891,0,-4.117230603,,,,,,,,,,,,,,,
120,898,449,7.483333333,7.483333333,paint_splat_write,166,,0.697271891,0.1,-4.117230603,,0.517562902,0.841542688,0,0,,,,,,,,,,
120,900,450,7.5,7.5,cosmetic_fx_rain_batch,,,0,5,0,,8.666666667,,,,10,0,,,,,,,,
120,902,451,7.516666667,7.516666667,cosmetic_fx_rain_batch,,,0,5,0,,8.444444444,,,,10,0,,,,,,,,
120,902,451,7.516666667,7.516666667,candidate_ray_emission,167,true,-4.619914711,4.2,6.796459378,12,,,,,,,,,,,,,,
120,902,451,7.516666667,7.516666667,ray_ground_hit,167,,-4.619914711,0,6.796459378,,,,,,,,,,,,,,,
120,902,451,7.516666667,7.516666667,paint_splat_write,167,,-4.619914711,0.1,6.796459378,,0.705433595,1.563371353,1.0625,17,,,,,,,,,,
120,904,452,7.533333333,7.533333333,cosmetic_fx_rain_batch,,,0,5,0,,8.222222222,,,,9,0,,,,,,,,
120,906,453,7.55,7.55,cosmetic_fx_rain_batch,,,0,5,0,,8,,,,9,0,,,,,,,,
120,908,454,7.566666667,7.566666667,cosmetic_fx_rain_batch,,,0,5,0,,7.777777778,,,,9,0,,,,,,,,
120,908,454,7.566666667,7.566666667,candidate_ray_emission,168,true,-4.365349934,4.2,2.051507459,12,,,,,,,,,,,,,,
120,908,454,7.566666667,7.566666667,ray_ground_hit,168,,-4.365349934,0,2.051507459,,,,,,,,,,,,,,,
120,908,454,7.566666667,7.566666667,paint_splat_write,168,,-4.365349934,0.1,2.051507459,,0.573430341,1.033025899,0.875,14,,,,,,,,,,
120,910,455,7.583333333,7.583333333,cosmetic_fx_rain_batch,,,0,5,0,,7.555555556,,,,8,0,,,,,,,,
120,912,456,7.6,7.6,cosmetic_fx_rain_batch,,,0,5,0,,7.333333333,,,,8,0,,,,,,,,
120,914,457,7.616666667,7.616666667,cosmetic_fx_rain_batch,,,0,5,0,,7.111111111,,,,8,0,,,,,,,,
120,914,457,7.616666667,7.616666667,candidate_ray_emission,169,true,3.72095296,4.2,-5.124832795,12,,,,,,,,,,,,,,
120,914,457,7.616666667,7.616666667,ray_ground_hit,169,,3.72095296,0,-5.124832795,,,,,,,,,,,,,,,
120,914,457,7.616666667,7.616666667,paint_splat_write,169,,3.72095296,0.1,-5.124832795,,0.710696626,1.586786071,1.25,20,,,,,,,,,,
120,916,458,7.633333333,7.633333333,cosmetic_fx_rain_batch,,,0,5,0,,6.888888889,,,,7,0,,,,,,,,
120,918,459,7.65,7.65,cosmetic_fx_rain_batch,,,0,5,0,,6.666666667,,,,7,0,,,,,,,,
120,918,459,7.65,7.65,candidate_ray_emission,170,true,4.912990499,4.2,-0.361021777,12,,,,,,,,,,,,,,
120,918,459,7.65,7.65,ray_ground_hit,170,,4.912990499,0,-0.361021777,,,,,,,,,,,,,,,
120,918,459,7.65,7.65,paint_splat_write,170,,4.912990499,0.1,-0.361021777,,0.588250237,1.087111512,0.5,8,,,,,,,,,,
120,920,460,7.666666667,7.666666667,cosmetic_fx_rain_batch,,,0,5,0,,6.444444444,,,,6,0,,,,,,,,
120,922,461,7.683333333,7.683333333,cosmetic_fx_rain_batch,,,0,5,0,,6.222222222,,,,6,0,,,,,,,,
120,924,462,7.7,7.7,cosmetic_fx_rain_batch,,,0,5,0,,6,,,,5,0,,,,,,,,
120,924,462,7.7,7.7,candidate_ray_emission,171,true,-2.00684163,4.2,4.942077351,12,,,,,,,,,,,,,,
120,924,462,7.7,7.7,ray_ground_hit,171,,-2.00684163,0,4.942077351,,,,,,,,,,,,,,,
120,924,462,7.7,7.7,paint_splat_write,171,,-2.00684163,0.1,4.942077351,,0.755502743,1.793172063,0.4375,7,,,,,,,,,,
120,926,463,7.716666667,7.716666667,cosmetic_fx_rain_batch,,,0,5,0,,5.777777778,,,,5,0,,,,,,,,
120,928,464,7.733333333,7.733333333,cosmetic_fx_rain_batch,,,0,5,0,,5.555555556,,,,4,0,,,,,,,,
120,930,465,7.75,7.75,cosmetic_fx_rain_batch,,,0,5,0,,5.333333333,,,,4,0,,,,,,,,
120,930,465,7.75,7.75,candidate_ray_emission,172,true,-4.67384089,4.2,-1.607344014,12,,,,,,,,,,,,,,
120,930,465,7.75,7.75,ray_ground_hit,172,,-4.67384089,0,-1.607344014,,,,,,,,,,,,,,,
120,930,465,7.75,7.75,paint_splat_write,172,,-4.67384089,0.1,-1.607344014,,0.690282298,1.496936385,1.375,22,,,,,,,,,,
120,932,466,7.766666667,7.766666667,cosmetic_fx_rain_batch,,,0,5,0,,5.111111111,,,,4,0,,,,,,,,
120,934,467,7.783333333,7.783333333,cosmetic_fx_rain_batch,,,0,5,0,,4.888888889,,,,3,0,,,,,,,,
120,936,468,7.8,7.8,cosmetic_fx_rain_batch,,,0,5,0,,4.666666667,,,,3,0,,,,,,,,
120,936,468,7.8,7.8,candidate_ray_emission,173,true,-2.267247031,4.2,3.266088575,12,,,,,,,,,,,,,,
120,936,468,7.8,7.8,ray_ground_hit,173,,-2.267247031,0,3.266088575,,,,,,,,,,,,,,,
120,936,468,7.8,7.8,paint_splat_write,173,,-2.267247031,0.1,3.266088575,,0.677535951,1.442163704,1.4375,23,,,,,,,,,,
120,938,469,7.816666667,7.816666667,cosmetic_fx_rain_batch,,,0,5,0,,4.444444444,,,,3,0,,,,,,,,
120,940,470,7.833333333,7.833333333,cosmetic_fx_rain_batch,,,0,5,0,,4.222222222,,,,2,0,,,,,,,,
120,940,470,7.833333333,7.833333333,candidate_ray_emission,174,true,0.447812407,4.2,-0.115727439,12,,,,,,,,,,,,,,
120,940,470,7.833333333,7.833333333,ray_ground_hit,174,,0.447812407,0,-0.115727439,,,,,,,,,,,,,,,
120,940,470,7.833333333,7.833333333,paint_splat_write,174,,0.447812407,0.1,-0.115727439,,0.764359438,1.8354609,1.3125,21,,,,,,,,,,
120,942,471,7.85,7.85,cosmetic_fx_rain_batch,,,0,5,0,,4,,,,2,0,,,,,,,,
120,944,472,7.866666667,7.866666667,cosmetic_fx_rain_batch,,,0,5,0,,3.777777778,,,,2,0,,,,,,,,
120,946,473,7.883333333,7.883333333,cosmetic_fx_rain_batch,,,0,5,0,,3.555555556,,,,2,0,,,,,,,,
120,946,473,7.883333333,7.883333333,candidate_ray_emission,175,true,-1.870180814,4.2,-1.622513649,12,,,,,,,,,,,,,,
120,946,473,7.883333333,7.883333333,ray_ground_hit,175,,-1.870180814,0,-1.622513649,,,,,,,,,,,,,,,
120,946,473,7.883333333,7.883333333,paint_splat_write,175,,-1.870180814,0.1,-1.622513649,,0.508877451,0.813535084,0.25,4,,,,,,,,,,
120,948,474,7.9,7.9,cosmetic_fx_rain_batch,,,0,5,0,,3.333333333,,,,2,0,,,,,,,,
120,950,475,7.916666667,7.916666667,cosmetic_fx_rain_batch,,,0,5,0,,3.111111111,,,,1,0,,,,,,,,
120,952,476,7.933333333,7.933333333,cosmetic_fx_rain_batch,,,0,5,0,,2.888888889,,,,1,0,,,,,,,,
120,952,476,7.933333333,7.933333333,candidate_ray_emission,176,true,-0.628117982,4.2,-1.565757697,12,,,,,,,,,,,,,,
120,952,476,7.933333333,7.933333333,ray_ground_hit,176,,-0.628117982,0,-1.565757697,,,,,,,,,,,,,,,
120,952,476,7.933333333,7.933333333,paint_splat_write,176,,-0.628117982,0.1,-1.565757697,,0.593224538,1.105574685,0.875,14,,,,,,,,,,
120,954,477,7.95,7.95,cosmetic_fx_rain_batch,,,0,5,0,,2.666666667,,,,1,0,,,,,,,,
120,956,478,7.966666667,7.966666667,cosmetic_fx_rain_batch,,,0,5,0,,2.444444444,,,,1,0,,,,,,,,
120,956,478,7.966666667,7.966666667,candidate_ray_emission,177,true,0.119506709,4.2,-0.604359501,12,,,,,,,,,,,,,,
120,956,478,7.966666667,7.966666667,ray_ground_hit,177,,0.119506709,0,-0.604359501,,,,,,,,,,,,,,,
120,956,478,7.966666667,7.966666667,paint_splat_write,177,,0.119506709,0.1,-0.604359501,,0.738996038,1.715671324,0.75,12,,,,,,,,,,
120,958,479,7.983333333,7.983333333,cosmetic_fx_rain_batch,,,0,5,0,,2.222222222,,,,1,0,,,,,,,,
120,960,480,8,8,cosmetic_fx_rain_batch,,,0,5,0,,2,,,,1,0,,,,,,,,
120,,480,8,8,cpu_turf_distribution,,,,,,,,,,,,,0,0.5,0,30,1,0.0625,,
120,,480,8,8,cpu_turf_distribution,,,,,,,,,,,,,0,0.5,30,60,1,0.0625,,
120,,480,8,8,cpu_turf_distribution,,,,,,,,,,,,,0,0.5,60,90,1,0.0625,,
120,,480,8,8,cpu_turf_distribution,,,,,,,,,,,,,0,0.5,90,120,1,0.0625,,
120,,480,8,8,cpu_turf_distribution,,,,,,,,,,,,,0,0.5,120,150,1,0.0625,,
120,,480,8,8,cpu_turf_distribution,,,,,,,,,,,,,0,0.5,150,180,1,0.0625,,
120,,480,8,8,cpu_turf_distribution,,,,,,,,,,,,,0,0.5,180,210,1,0.0625,,
120,,480,8,8,cpu_turf_distribution,,,,,,,,,,,,,0,0.5,210,240,1,0.0625,,
120,,480,8,8,cpu_turf_distribution,,,,,,,,,,,,,0,0.5,240,270,1,0.0625,,
120,,480,8,8,cpu_turf_distribution,,,,,,,,,,,,,0,0.5,270,300,1,0.0625,,
120,,480,8,8,cpu_turf_distribution,,,,,,,,,,,,,0,0.5,300,330,1,0.0625,,
120,,480,8,8,cpu_turf_distribution,,,,,,,,,,,,,0,0.5,330,360,1,0.0625,,
120,,480,8,8,cpu_turf_distribution,,,,,,,,,,,,,0.5,1,0,30,3,0.1875,,
120,,480,8,8,cpu_turf_distribution,,,,,,,,,,,,,0.5,1,30,60,4,0.25,,
120,,480,8,8,cpu_turf_distribution,,,,,,,,,,,,,0.5,1,60,90,3,0.1875,,
120,,480,8,8,cpu_turf_distribution,,,,,,,,,,,,,0.5,1,90,120,2,0.125,,
120,,480,8,8,cpu_turf_distribution,,,,,,,,,,,,,0.5,1,120,150,2,0.125,,
120,,480,8,8,cpu_turf_distribution,,,,,,,,,,,,,0.5,1,150,180,2,0.125,,
120,,480,8,8,cpu_turf_distribution,,,,,,,,,,,,,0.5,1,210,240,3,0.1875,,
120,,480,8,8,cpu_turf_distribution,,,,,,,,,,,,,0.5,1,240,270,3,0.1875,,
120,,480,8,8,cpu_turf_distribution,,,,,,,,,,,,,0.5,1,270,300,3,0.1875,,
120,,480,8,8,cpu_turf_distribution,,,,,,,,,,,,,0.5,1,300,330,4,0.25,,
120,,480,8,8,cpu_turf_distribution,,,,,,,,,,,,,0.5,1,330,360,3,0.1875,,
120,,480,8,8,cpu_turf_distribution,,,,,,,,,,,,,1,1.5,0,30,3,0.1875,,
120,,480,8,8,cpu_turf_distribution,,,,,,,,,,,,,1,1.5,30,60,4,0.25,,
120,,480,8,8,cpu_turf_distribution,,,,,,,,,,,,,1,1.5,60,90,5,0.3125,,
120,,480,8,8,cpu_turf_distribution,,,,,,,,,,,,,1,1.5,90,120,5,0.3125,,
120,,480,8,8,cpu_turf_distribution,,,,,,,,,,,,,1,1.5,120,150,3,0.1875,,
120,,480,8,8,cpu_turf_distribution,,,,,,,,,,,,,1,1.5,150,180,5,0.3125,,
120,,480,8,8,cpu_turf_distribution,,,,,,,,,,,,,1,1.5,210,240,2,0.125,,
120,,480,8,8,cpu_turf_distribution,,,,,,,,,,,,,1,1.5,240,270,5,0.3125,,
120,,480,8,8,cpu_turf_distribution,,,,,,,,,,,,,1,1.5,270,300,3,0.1875,,
120,,480,8,8,cpu_turf_distribution,,,,,,,,,,,,,1,1.5,300,330,3,0.1875,,
120,,480,8,8,cpu_turf_distribution,,,,,,,,,,,,,1,1.5,330,360,1,0.0625,,
120,,480,8,8,cpu_turf_distribution,,,,,,,,,,,,,1.5,2,0,30,5,0.3125,,
120,,480,8,8,cpu_turf_distribution,,,,,,,,,,,,,1.5,2,30,60,6,0.375,,
120,,480,8,8,cpu_turf_distribution,,,,,,,,,,,,,1.5,2,60,90,6,0.375,,
120,,480,8,8,cpu_turf_distribution,,,,,,,,,,,,,1.5,2,90,120,6,0.375,,
120,,480,8,8,cpu_turf_distribution,,,,,,,,,,,,,1.5,2,120,150,8,0.5,,
120,,480,8,8,cpu_turf_distribution,,,,,,,,,,,,,1.5,2,150,180,7,0.4375,,
120,,480,8,8,cpu_turf_distribution,,,,,,,,,,,,,1.5,2,180,210,1,0.0625,,
120,,480,8,8,cpu_turf_distribution,,,,,,,,,,,,,1.5,2,210,240,8,0.5,,
120,,480,8,8,cpu_turf_distribution,,,,,,,,,,,,,1.5,2,240,270,7,0.4375,,
120,,480,8,8,cpu_turf_distribution,,,,,,,,,,,,,1.5,2,270,300,1,0.0625,,
120,,480,8,8,cpu_turf_distribution,,,,,,,,,,,,,1.5,2,300,330,8,0.5,,
120,,480,8,8,cpu_turf_distribution,,,,,,,,,,,,,1.5,2,330,360,7,0.4375,,
120,,480,8,8,cpu_turf_distribution,,,,,,,,,,,,,2,2.5,0,30,4,0.25,,
120,,480,8,8,cpu_turf_distribution,,,,,,,,,,,,,2,2.5,30,60,5,0.3125,,
120,,480,8,8,cpu_turf_distribution,,,,,,,,,,,,,2,2.5,60,90,4,0.25,,
120,,480,8,8,cpu_turf_distribution,,,,,,,,,,,,,2,2.5,90,120,4,0.25,,
120,,480,8,8,cpu_turf_distribution,,,,,,,,,,,,,2,2.5,120,150,3,0.1875,,
120,,480,8,8,cpu_turf_distribution,,,,,,,,,,,,,2,2.5,150,180,8,0.5,,
120,,480,8,8,cpu_turf_distribution,,,,,,,,,,,,,2,2.5,180,210,4,0.25,,
120,,480,8,8,cpu_turf_distribution,,,,,,,,,,,,,2,2.5,210,240,8,0.5,,
120,,480,8,8,cpu_turf_distribution,,,,,,,,,,,,,2,2.5,240,270,8,0.5,,
120,,480,8,8,cpu_turf_distribution,,,,,,,,,,,,,2,2.5,270,300,4,0.25,,
120,,480,8,8,cpu_turf_distribution,,,,,,,,,,,,,2,2.5,300,330,5,0.3125,,
120,,480,8,8,cpu_turf_distribution,,,,,,,,,,,,,2,2.5,330,360,7,0.4375,,
120,,480,8,8,cpu_turf_distribution,,,,,,,,,,,,,2.5,3,0,30,7,0.4375,,
120,,480,8,8,cpu_turf_distribution,,,,,,,,,,,,,2.5,3,30,60,2,0.125,,
120,,480,8,8,cpu_turf_distribution,,,,,,,,,,,,,2.5,3,120,150,7,0.4375,,
120,,480,8,8,cpu_turf_distribution,,,,,,,,,,,,,2.5,3,150,180,8,0.5,,
120,,480,8,8,cpu_turf_distribution,,,,,,,,,,,,,2.5,3,180,210,9,0.5625,,
120,,480,8,8,cpu_turf_distribution,,,,,,,,,,,,,2.5,3,210,240,8,0.5,,
120,,480,8,8,cpu_turf_distribution,,,,,,,,,,,,,2.5,3,240,270,10,0.625,,
120,,480,8,8,cpu_turf_distribution,,,,,,,,,,,,,2.5,3,270,300,7,0.4375,,
120,,480,8,8,cpu_turf_distribution,,,,,,,,,,,,,2.5,3,300,330,1,0.0625,,
120,,480,8,8,cpu_turf_distribution,,,,,,,,,,,,,2.5,3,330,360,6,0.375,,
120,,480,8,8,cpu_turf_distribution,,,,,,,,,,,,,3,3.5,0,30,8,0.5,,
120,,480,8,8,cpu_turf_distribution,,,,,,,,,,,,,3,3.5,30,60,8,0.5,,
120,,480,8,8,cpu_turf_distribution,,,,,,,,,,,,,3,3.5,90,120,1,0.0625,,
120,,480,8,8,cpu_turf_distribution,,,,,,,,,,,,,3,3.5,120,150,10,0.625,,
120,,480,8,8,cpu_turf_distribution,,,,,,,,,,,,,3,3.5,150,180,7,0.4375,,
120,,480,8,8,cpu_turf_distribution,,,,,,,,,,,,,3,3.5,180,210,10,0.625,,
120,,480,8,8,cpu_turf_distribution,,,,,,,,,,,,,3,3.5,210,240,13,0.8125,,
120,,480,8,8,cpu_turf_distribution,,,,,,,,,,,,,3,3.5,240,270,13,0.8125,,
120,,480,8,8,cpu_turf_distribution,,,,,,,,,,,,,3,3.5,270,300,13,0.8125,,
120,,480,8,8,cpu_turf_distribution,,,,,,,,,,,,,3,3.5,300,330,3,0.1875,,
120,,480,8,8,cpu_turf_distribution,,,,,,,,,,,,,3,3.5,330,360,3,0.1875,,
120,,480,8,8,cpu_turf_distribution,,,,,,,,,,,,,3.5,4,0,30,2,0.125,,
120,,480,8,8,cpu_turf_distribution,,,,,,,,,,,,,3.5,4,30,60,16,1,,
120,,480,8,8,cpu_turf_distribution,,,,,,,,,,,,,3.5,4,60,90,6,0.375,,
120,,480,8,8,cpu_turf_distribution,,,,,,,,,,,,,3.5,4,90,120,12,0.75,,
120,,480,8,8,cpu_turf_distribution,,,,,,,,,,,,,3.5,4,120,150,16,1,,
120,,480,8,8,cpu_turf_distribution,,,,,,,,,,,,,3.5,4,150,180,1,0.0625,,
120,,480,8,8,cpu_turf_distribution,,,,,,,,,,,,,3.5,4,180,210,8,0.5,,
120,,480,8,8,cpu_turf_distribution,,,,,,,,,,,,,3.5,4,210,240,14,0.875,,
120,,480,8,8,cpu_turf_distribution,,,,,,,,,,,,,3.5,4,240,270,6,0.375,,
120,,480,8,8,cpu_turf_distribution,,,,,,,,,,,,,3.5,4,270,300,14,0.875,,
120,,480,8,8,cpu_turf_distribution,,,,,,,,,,,,,3.5,4,300,330,8,0.5,,
120,,480,8,8,cpu_turf_distribution,,,,,,,,,,,,,3.5,4,330,360,11,0.6875,,
120,,480,8,8,cpu_turf_distribution,,,,,,,,,,,,,4,4.5,0,30,4,0.25,,
120,,480,8,8,cpu_turf_distribution,,,,,,,,,,,,,4,4.5,30,60,13,0.8125,,
120,,480,8,8,cpu_turf_distribution,,,,,,,,,,,,,4,4.5,60,90,8,0.5,,
120,,480,8,8,cpu_turf_distribution,,,,,,,,,,,,,4,4.5,90,120,6,0.375,,
120,,480,8,8,cpu_turf_distribution,,,,,,,,,,,,,4,4.5,120,150,10,0.625,,
120,,480,8,8,cpu_turf_distribution,,,,,,,,,,,,,4,4.5,150,180,8,0.5,,
120,,480,8,8,cpu_turf_distribution,,,,,,,,,,,,,4,4.5,180,210,5,0.3125,,
120,,480,8,8,cpu_turf_distribution,,,,,,,,,,,,,4,4.5,210,240,9,0.5625,,
120,,480,8,8,cpu_turf_distribution,,,,,,,,,,,,,4,4.5,240,270,6,0.375,,
120,,480,8,8,cpu_turf_distribution,,,,,,,,,,,,,4,4.5,270,300,12,0.75,,
120,,480,8,8,cpu_turf_distribution,,,,,,,,,,,,,4,4.5,300,330,13,0.8125,,
120,,480,8,8,cpu_turf_distribution,,,,,,,,,,,,,4,4.5,330,360,17,1.0625,,
120,,480,8,8,cpu_turf_distribution,,,,,,,,,,,,,4.5,5,0,30,7,0.4375,,
120,,480,8,8,cpu_turf_distribution,,,,,,,,,,,,,4.5,5,30,60,11,0.6875,,
120,,480,8,8,cpu_turf_distribution,,,,,,,,,,,,,4.5,5,60,90,15,0.9375,,
120,,480,8,8,cpu_turf_distribution,,,,,,,,,,,,,4.5,5,90,120,8,0.5,,
120,,480,8,8,cpu_turf_distribution,,,,,,,,,,,,,4.5,5,120,150,11,0.6875,,
120,,480,8,8,cpu_turf_distribution,,,,,,,,,,,,,4.5,5,150,180,19,1.1875,,
120,,480,8,8,cpu_turf_distribution,,,,,,,,,,,,,4.5,5,180,210,16,1,,
120,,480,8,8,cpu_turf_distribution,,,,,,,,,,,,,4.5,5,210,240,15,0.9375,,
120,,480,8,8,cpu_turf_distribution,,,,,,,,,,,,,4.5,5,240,270,18,1.125,,
120,,480,8,8,cpu_turf_distribution,,,,,,,,,,,,,4.5,5,270,300,16,1,,
120,,480,8,8,cpu_turf_distribution,,,,,,,,,,,,,4.5,5,300,330,11,0.6875,,
120,,480,8,8,cpu_turf_distribution,,,,,,,,,,,,,4.5,5,330,360,13,0.8125,,
120,,480,8,8,cpu_turf_distribution,,,,,,,,,,,,,5,5.5,0,30,2,0.125,,
120,,480,8,8,cpu_turf_distribution,,,,,,,,,,,,,5,5.5,30,60,9,0.5625,,
120,,480,8,8,cpu_turf_distribution,,,,,,,,,,,,,5,5.5,60,90,15,0.9375,,
120,,480,8,8,cpu_turf_distribution,,,,,,,,,,,,,5,5.5,90,120,14,0.875,,
120,,480,8,8,cpu_turf_distribution,,,,,,,,,,,,,5,5.5,120,150,9,0.5625,,
120,,480,8,8,cpu_turf_distribution,,,,,,,,,,,,,5,5.5,150,180,16,1,,
120,,480,8,8,cpu_turf_distribution,,,,,,,,,,,,,5,5.5,180,210,22,1.375,,
120,,480,8,8,cpu_turf_distribution,,,,,,,,,,,,,5,5.5,210,240,10,0.625,,
120,,480,8,8,cpu_turf_distribution,,,,,,,,,,,,,5,5.5,240,270,19,1.1875,,
120,,480,8,8,cpu_turf_distribution,,,,,,,,,,,,,5,5.5,270,300,20,1.25,,
120,,480,8,8,cpu_turf_distribution,,,,,,,,,,,,,5,5.5,300,330,9,0.5625,,
120,,480,8,8,cpu_turf_distribution,,,,,,,,,,,,,5,5.5,330,360,6,0.375,,
120,,480,8,8,cpu_turf_distribution,,,,,,,,,,,,,5.5,6,0,30,5,0.3125,,
120,,480,8,8,cpu_turf_distribution,,,,,,,,,,,,,5.5,6,30,60,2,0.125,,
120,,480,8,8,cpu_turf_distribution,,,,,,,,,,,,,5.5,6,60,90,6,0.375,,
120,,480,8,8,cpu_turf_distribution,,,,,,,,,,,,,5.5,6,90,120,23,1.4375,,
120,,480,8,8,cpu_turf_distribution,,,,,,,,,,,,,5.5,6,120,150,5,0.3125,,
120,,480,8,8,cpu_turf_distribution,,,,,,,,,,,,,5.5,6,150,180,4,0.25,,
120,,480,8,8,cpu_turf_distribution,,,,,,,,,,,,,5.5,6,180,210,8,0.5,,
120,,480,8,8,cpu_turf_distribution,,,,,,,,,,,,,5.5,6,210,240,3,0.1875,,
120,,480,8,8,cpu_turf_distribution,,,,,,,,,,,,,5.5,6,240,270,19,1.1875,,
120,,480,8,8,cpu_turf_distribution,,,,,,,,,,,,,5.5,6,270,300,18,1.125,,
120,,480,8,8,cpu_turf_distribution,,,,,,,,,,,,,5.5,6,300,330,12,0.75,,
120,,480,8,8,cpu_turf_distribution,,,,,,,,,,,,,5.5,6,330,360,5,0.3125,,
120,,480,8,8,cpu_turf_distribution,,,,,,,,,,,,,6,6.5,0,30,12,0.75,,
120,,480,8,8,cpu_turf_distribution,,,,,,,,,,,,,6,6.5,30,60,4,0.25,,
120,,480,8,8,cpu_turf_distribution,,,,,,,,,,,,,6,6.5,60,90,9,0.5625,,
120,,480,8,8,cpu_turf_distribution,,,,,,,,,,,,,6,6.5,90,120,25,1.5625,,
120,,480,8,8,cpu_turf_distribution,,,,,,,,,,,,,6,6.5,120,150,10,0.625,,
120,,480,8,8,cpu_turf_distribution,,,,,,,,,,,,,6,6.5,150,180,17,1.0625,,
120,,480,8,8,cpu_turf_distribution,,,,,,,,,,,,,6,6.5,180,210,16,1,,
120,,480,8,8,cpu_turf_distribution,,,,,,,,,,,,,6,6.5,210,240,14,0.875,,
120,,480,8,8,cpu_turf_distribution,,,,,,,,,,,,,6,6.5,240,270,25,1.5625,,
120,,480,8,8,cpu_turf_distribution,,,,,,,,,,,,,6,6.5,270,300,12,0.75,,
120,,480,8,8,cpu_turf_distribution,,,,,,,,,,,,,6,6.5,300,330,20,1.25,,
120,,480,8,8,cpu_turf_distribution,,,,,,,,,,,,,6,6.5,330,360,2,0.125,,
120,,480,8,8,cpu_turf_distribution,,,,,,,,,,,,,6.5,7,0,30,10,0.625,,
120,,480,8,8,cpu_turf_distribution,,,,,,,,,,,,,6.5,7,30,60,12,0.75,,
120,,480,8,8,cpu_turf_distribution,,,,,,,,,,,,,6.5,7,60,90,19,1.1875,,
120,,480,8,8,cpu_turf_distribution,,,,,,,,,,,,,6.5,7,90,120,26,1.625,,
120,,480,8,8,cpu_turf_distribution,,,,,,,,,,,,,6.5,7,120,150,10,0.625,,
120,,480,8,8,cpu_turf_distribution,,,,,,,,,,,,,6.5,7,150,180,22,1.375,,
120,,480,8,8,cpu_turf_distribution,,,,,,,,,,,,,6.5,7,180,210,23,1.4375,,
120,,480,8,8,cpu_turf_distribution,,,,,,,,,,,,,6.5,7,210,240,19,1.1875,,
120,,480,8,8,cpu_turf_distribution,,,,,,,,,,,,,6.5,7,240,270,20,1.25,,
120,,480,8,8,cpu_turf_distribution,,,,,,,,,,,,,6.5,7,270,300,15,0.9375,,
120,,480,8,8,cpu_turf_distribution,,,,,,,,,,,,,6.5,7,300,330,15,0.9375,,
120,,480,8,8,cpu_turf_distribution,,,,,,,,,,,,,6.5,7,330,360,7,0.4375,,
120,,480,8,8,cpu_turf_distribution,,,,,,,,,,,,,7,7.5,0,30,5,0.3125,,
120,,480,8,8,cpu_turf_distribution,,,,,,,,,,,,,7,7.5,30,60,13,0.8125,,
120,,480,8,8,cpu_turf_distribution,,,,,,,,,,,,,7,7.5,60,90,23,1.4375,,
120,,480,8,8,cpu_turf_distribution,,,,,,,,,,,,,7,7.5,90,120,20,1.25,,
120,,480,8,8,cpu_turf_distribution,,,,,,,,,,,,,7,7.5,120,150,11,0.6875,,
120,,480,8,8,cpu_turf_distribution,,,,,,,,,,,,,7,7.5,150,180,14,0.875,,
120,,480,8,8,cpu_turf_distribution,,,,,,,,,,,,,7,7.5,180,210,20,1.25,,
120,,480,8,8,cpu_turf_distribution,,,,,,,,,,,,,7,7.5,210,240,18,1.125,,
120,,480,8,8,cpu_turf_distribution,,,,,,,,,,,,,7,7.5,240,270,2,0.125,,
120,,480,8,8,cpu_turf_distribution,,,,,,,,,,,,,7,7.5,270,300,20,1.25,,
120,,480,8,8,cpu_turf_distribution,,,,,,,,,,,,,7,7.5,300,330,3,0.1875,,
120,,480,8,8,cpu_turf_distribution,,,,,,,,,,,,,7,7.5,330,360,11,0.6875,,
120,,480,8,8,cpu_turf_distribution,,,,,,,,,,,,,7.5,8,0,30,19,1.1875,,
120,,480,8,8,cpu_turf_distribution,,,,,,,,,,,,,7.5,8,30,60,13,0.8125,,
120,,480,8,8,cpu_turf_distribution,,,,,,,,,,,,,7.5,8,60,90,20,1.25,,
120,,480,8,8,cpu_turf_distribution,,,,,,,,,,,,,7.5,8,90,120,17,1.0625,,
120,,480,8,8,cpu_turf_distribution,,,,,,,,,,,,,7.5,8,120,150,19,1.1875,,
120,,480,8,8,cpu_turf_distribution,,,,,,,,,,,,,7.5,8,150,180,10,0.625,,
120,,480,8,8,cpu_turf_distribution,,,,,,,,,,,,,7.5,8,180,210,8,0.5,,
120,,480,8,8,cpu_turf_distribution,,,,,,,,,,,,,7.5,8,210,240,15,0.9375,,
120,,480,8,8,cpu_turf_distribution,,,,,,,,,,,,,7.5,8,270,300,26,1.625,,
120,,480,8,8,cpu_turf_distribution,,,,,,,,,,,,,7.5,8,300,330,15,0.9375,,
120,,480,8,8,cpu_turf_distribution,,,,,,,,,,,,,7.5,8,330,360,25,1.5625,,
120,,480,8,8,cpu_turf_distribution,,,,,,,,,,,,,8,8.5,0,30,16,1,,
120,,480,8,8,cpu_turf_distribution,,,,,,,,,,,,,8,8.5,30,60,26,1.625,,
120,,480,8,8,cpu_turf_distribution,,,,,,,,,,,,,8,8.5,60,90,20,1.25,,
120,,480,8,8,cpu_turf_distribution,,,,,,,,,,,,,8,8.5,90,120,7,0.4375,,
120,,480,8,8,cpu_turf_distribution,,,,,,,,,,,,,8,8.5,120,150,24,1.5,,
120,,480,8,8,cpu_turf_distribution,,,,,,,,,,,,,8,8.5,150,180,11,0.6875,,
120,,480,8,8,cpu_turf_distribution,,,,,,,,,,,,,8,8.5,180,210,7,0.4375,,
120,,480,8,8,cpu_turf_distribution,,,,,,,,,,,,,8,8.5,210,240,17,1.0625,,
120,,480,8,8,cpu_turf_distribution,,,,,,,,,,,,,8,8.5,270,300,17,1.0625,,
120,,480,8,8,cpu_turf_distribution,,,,,,,,,,,,,8,8.5,300,330,25,1.5625,,
120,,480,8,8,cpu_turf_distribution,,,,,,,,,,,,,8,8.5,330,360,27,1.6875,,
120,,480,8,8,cpu_turf_distribution,,,,,,,,,,,,,8.5,9,0,30,18,1.125,,
120,,480,8,8,cpu_turf_distribution,,,,,,,,,,,,,8.5,9,30,60,28,1.75,,
120,,480,8,8,cpu_turf_distribution,,,,,,,,,,,,,8.5,9,60,90,15,0.9375,,
120,,480,8,8,cpu_turf_distribution,,,,,,,,,,,,,8.5,9,90,120,9,0.5625,,
120,,480,8,8,cpu_turf_distribution,,,,,,,,,,,,,8.5,9,120,150,23,1.4375,,
120,,480,8,8,cpu_turf_distribution,,,,,,,,,,,,,8.5,9,150,180,20,1.25,,
120,,480,8,8,cpu_turf_distribution,,,,,,,,,,,,,8.5,9,180,210,24,1.5,,
120,,480,8,8,cpu_turf_distribution,,,,,,,,,,,,,8.5,9,210,240,16,1,,
120,,480,8,8,cpu_turf_distribution,,,,,,,,,,,,,8.5,9,240,270,4,0.25,,
120,,480,8,8,cpu_turf_distribution,,,,,,,,,,,,,8.5,9,270,300,12,0.75,,
120,,480,8,8,cpu_turf_distribution,,,,,,,,,,,,,8.5,9,300,330,26,1.625,,
120,,480,8,8,cpu_turf_distribution,,,,,,,,,,,,,8.5,9,330,360,25,1.5625,,
120,,480,8,8,cpu_turf_distribution,,,,,,,,,,,,,9,9.5,0,30,23,1.4375,,
120,,480,8,8,cpu_turf_distribution,,,,,,,,,,,,,9,9.5,30,60,24,1.5,,
120,,480,8,8,cpu_turf_distribution,,,,,,,,,,,,,9,9.5,60,90,20,1.25,,
120,,480,8,8,cpu_turf_distribution,,,,,,,,,,,,,9,9.5,90,120,7,0.4375,,
120,,480,8,8,cpu_turf_distribution,,,,,,,,,,,,,9,9.5,120,150,21,1.3125,,
120,,480,8,8,cpu_turf_distribution,,,,,,,,,,,,,9,9.5,150,180,31,1.9375,,
120,,480,8,8,cpu_turf_distribution,,,,,,,,,,,,,9,9.5,180,210,37,2.3125,,
120,,480,8,8,cpu_turf_distribution,,,,,,,,,,,,,9,9.5,210,240,26,1.625,,
120,,480,8,8,cpu_turf_distribution,,,,,,,,,,,,,9,9.5,240,270,23,1.4375,,
120,,480,8,8,cpu_turf_distribution,,,,,,,,,,,,,9,9.5,270,300,27,1.6875,,
120,,480,8,8,cpu_turf_distribution,,,,,,,,,,,,,9,9.5,300,330,21,1.3125,,
120,,480,8,8,cpu_turf_distribution,,,,,,,,,,,,,9,9.5,330,360,25,1.5625,,
120,,480,8,8,cpu_turf_distribution,,,,,,,,,,,,,9.5,10,0,30,23,1.4375,,
120,,480,8,8,cpu_turf_distribution,,,,,,,,,,,,,9.5,10,30,60,18,1.125,,
120,,480,8,8,cpu_turf_distribution,,,,,,,,,,,,,9.5,10,60,90,19,1.1875,,
120,,480,8,8,cpu_turf_distribution,,,,,,,,,,,,,9.5,10,90,120,6,0.375,,
120,,480,8,8,cpu_turf_distribution,,,,,,,,,,,,,9.5,10,120,150,14,0.875,,
120,,480,8,8,cpu_turf_distribution,,,,,,,,,,,,,9.5,10,150,180,12,0.75,,
120,,480,8,8,cpu_turf_distribution,,,,,,,,,,,,,9.5,10,180,210,21,1.3125,,
120,,480,8,8,cpu_turf_distribution,,,,,,,,,,,,,9.5,10,210,240,20,1.25,,
120,,480,8,8,cpu_turf_distribution,,,,,,,,,,,,,9.5,10,240,270,19,1.1875,,
120,,480,8,8,cpu_turf_distribution,,,,,,,,,,,,,9.5,10,270,300,24,1.5,,
120,,480,8,8,cpu_turf_distribution,,,,,,,,,,,,,9.5,10,300,330,15,0.9375,,
120,,480,8,8,cpu_turf_distribution,,,,,,,,,,,,,9.5,10,330,360,13,0.8125,,
120,,480,8,8,cpu_turf_distribution,,,,,,,,,,,,,10,10.5,0,30,14,0.875,,
120,,480,8,8,cpu_turf_distribution,,,,,,,,,,,,,10,10.5,30,60,12,0.75,,
120,,480,8,8,cpu_turf_distribution,,,,,,,,,,,,,10,10.5,60,90,17,1.0625,,
120,,480,8,8,cpu_turf_distribution,,,,,,,,,,,,,10,10.5,120,150,6,0.375,,
120,,480,8,8,cpu_turf_distribution,,,,,,,,,,,,,10,10.5,150,180,3,0.1875,,
120,,480,8,8,cpu_turf_distribution,,,,,,,,,,,,,10,10.5,180,210,9,0.5625,,
120,,480,8,8,cpu_turf_distribution,,,,,,,,,,,,,10,10.5,210,240,8,0.5,,
120,,480,8,8,cpu_turf_distribution,,,,,,,,,,,,,10,10.5,240,270,9,0.5625,,
120,,480,8,8,cpu_turf_distribution,,,,,,,,,,,,,10,10.5,270,300,8,0.5,,
120,,480,8,8,cpu_turf_distribution,,,,,,,,,,,,,10,10.5,300,330,2,0.125,,
120,,480,8,8,cpu_turf_distribution,,,,,,,,,,,,,10,10.5,330,360,3,0.1875,,
120,,480,8,8,cpu_turf_distribution,,,,,,,,,,,,,10.5,11,0,30,2,0.125,,
120,,480,8,8,cpu_turf_distribution,,,,,,,,,,,,,10.5,11,60,90,2,0.125,,
120,,480,8,8,cpu_turf_distribution,,,,,,,,,,,,,10.5,11,210,240,1,0.0625,,
120,,480,8,8,cpu_turf_distribution,,,,,,,,,,,,,10.5,11,270,300,1,0.0625,,
120,,,,,summary,,,,,,,,,,,,,,,,,,,renderHz,120
120,,,,,summary,,,,,,,,,,,,,,,,,,,renderFrames,960
120,,,,,summary,,,,,,,,,,,,,,,,,,,fixedSimulationHz,60
120,,,,,summary,,,,,,,,,,,,,,,,,,,fixedSimulationTicks,480
120,,,,,summary,,,,,,,,,,,,,,,,,,,fixedSimulationSeconds,8
120,,,,,summary,,,,,,,,,,,,,,,,,,,cloudCount,1
120,,,,,summary,,,,,,,,,,,,,,,,,,,cloudRemovedAtEnd,true
120,,,,,summary,,,,,,,,,,,,,,,,,,,candidateRayEmissions,178
120,,,,,summary,,,,,,,,,,,,,,,,,,,rayGroundHits,178
120,,,,,summary,,,,,,,,,,,,,,,,,,,paintWriteEvents,178
120,,,,,summary,,,,,,,,,,,,,,,,,,,auditCandidateRayEmissions,178
120,,,,,summary,,,,,,,,,,,,,,,,,,,auditRayGroundHits,178
120,,,,,summary,,,,,,,,,,,,,,,,,,,auditPaintEvents,178
120,,,,,summary,,,,,,,,,,,,,,,,,,,cosmeticRainCalls,480
120,,,,,summary,,,,,,,,,,,,,,,,,,,cosmeticParticleEmissions,6384
120,,,,,summary,,,,,,,,,,,,,,,,,,,cosmeticParticleBatchEvents,480
120,,,,,summary,,,,,,,,,,,,,,,,,,,paintFlaggedCosmeticEmissions,0
120,,,,,summary,,,,,,,,,,,,,,,,,,,summedCircularBrushFootprintWorldUnitsSquared,233.134166494
120,,,,,summary,,,,,,,,,,,,,,,,,,,summedClaimedWorldUnitsSquared,170.6875
120,,,,,summary,,,,,,,,,,,,,,,,,,,finalCpuTurfCellsFromGrid,2731
120,,,,,summary,,,,,,,,,,,,,,,,,,,finalCpuTurfUnionWorldUnitsSquared,170.6875
120,,,,,summary,,,,,,,,,,,,,,,,,,,finalCpuTurfCellsFromPaintCounts,2731
120,,,,,summary,,,,,,,,,,,,,,,,,,,finalCpuTurfGridVersion,174
120,,,,,summary,,,,,,,,,,,,,,,,,,,renderCadenceSimulationTimeSeconds,8
